inventory_item_id,card_name,inventory_value,legacy_displayed_price,asking_price,market_price,label_price,json_market_price,classification,proposed_game_id,proposed_game_label,game_mapping_basis,created_at,updated_at
"chaos-00790698e8b0403d92517d5458d21c29-000aead89e5c49c7","Sultai Charm","0.24","0.24","1.00","","","","both_different","magic","Magic: The Gathering","audited legacy RPC label; Scryfall reference present","2026-09-08 00:27:17.550495+00","2026-09-21 23:51:32.118856+00"
"chaos-00790698e8b0403d92517d5458d21c29-0a33c33666784c00","Cormela, Glamour Thief","0.30","0.30","","","","","legacy_only","magic","Magic: The Gathering","audited legacy RPC label; Scryfall reference present","2026-09-08 00:27:17.550495+00","2026-09-08 00:27:17.550495+00"
"chaos-00790698e8b0403d92517d5458d21c29-0aaee9b1c77649d8","Rotwidow Pack","0.37","0.37","","","","","legacy_only","magic","Magic: The Gathering","audited legacy RPC label; Scryfall reference present","2026-09-08 00:27:17.550495+00","2026-09-08 00:27:17.550495+00"
"chaos-00790698e8b0403d92517d5458d21c29-0beadd4342f74fda","Marshal of Zhalfir","0.27","0.27","","","","","legacy_only","magic","Magic: The Gathering","audited legacy RPC label; Scryfall reference present","2026-09-08 00:27:17.550495+00","2026-09-08 00:27:17.550495+00"
"chaos-00790698e8b0403d92517d5458d21c29-0c662c3401fc458d","Skullcage","0.36","0.36","","","","","legacy_only","magic","Magic: The Gathering","audited legacy RPC label; Scryfall reference present","2026-09-08 00:27:17.550495+00","2026-09-08 00:27:17.550495+00"
"chaos-00790698e8b0403d92517d5458d21c29-1176bb7cce6f41d1","Munitions Expert","0.32","0.32","","","","","legacy_only","magic","Magic: The Gathering","audited legacy RPC label; Scryfall reference present","2026-09-08 00:27:17.550495+00","2026-09-08 00:27:17.550495+00"
"chaos-00790698e8b0403d92517d5458d21c29-1c5d8a9799434636","Dreamstone Hedron","0.39","0.39","","","","","legacy_only","magic","Magic: The Gathering","audited legacy RPC label; Scryfall reference present","2026-09-08 00:27:17.550495+00","2026-09-08 00:27:17.550495+00"
"chaos-00790698e8b0403d92517d5458d21c29-22e66fe411764575","Join the Dance","0.16","0.16","","","","","legacy_only","magic","Magic: The Gathering","audited legacy RPC label; Scryfall reference present","2026-09-08 00:27:17.550495+00","2026-09-08 00:27:17.550495+00"
"chaos-00790698e8b0403d92517d5458d21c29-23ad6d6d75fe48b5","Unstable Obelisk","0.22","0.22","","","","","legacy_only","magic","Magic: The Gathering","audited legacy RPC label; Scryfall reference present","2026-09-08 00:27:17.550495+00","2026-09-08 00:27:17.550495+00"
"chaos-00790698e8b0403d92517d5458d21c29-25889c1ee4684e1b","Syndicate Guildmage","0.08","0.08","","","","","legacy_only","magic","Magic: The Gathering","audited legacy RPC label; Scryfall reference present","2026-09-08 00:27:17.550495+00","2026-09-08 00:27:17.550495+00"
"chaos-00790698e8b0403d92517d5458d21c29-261188d9f1bf44af","Thundering Djinn","0.21","0.21","","","","","legacy_only","magic","Magic: The Gathering","audited legacy RPC label; Scryfall reference present","2026-09-08 00:27:17.550495+00","2026-09-08 00:27:17.550495+00"
"chaos-00790698e8b0403d92517d5458d21c29-2eca5c17b39341dc","Despark","0.38","0.38","","","","","legacy_only","magic","Magic: The Gathering","audited legacy RPC label; Scryfall reference present","2026-09-08 00:27:17.550495+00","2026-09-08 00:27:17.550495+00"
"chaos-00790698e8b0403d92517d5458d21c29-320f1a13989442d6","Mardu Roughrider","0.13","0.13","","","","","legacy_only","magic","Magic: The Gathering","audited legacy RPC label; Scryfall reference present","2026-09-08 00:27:17.550495+00","2026-09-08 00:27:17.550495+00"
"chaos-00790698e8b0403d92517d5458d21c29-323c6e1c9de34ad7","Good-Fortune Unicorn","0.36","0.36","","","","","legacy_only","magic","Magic: The Gathering","audited legacy RPC label; Scryfall reference present","2026-09-08 00:27:17.550495+00","2026-09-08 00:27:17.550495+00"
"chaos-00790698e8b0403d92517d5458d21c29-37a9c3f265de425a","Cleric of Life's Bond","0.25","0.25","","","","","legacy_only","magic","Magic: The Gathering","audited legacy RPC label; Scryfall reference present","2026-09-08 00:27:17.550495+00","2026-09-08 00:27:17.550495+00"
"chaos-00790698e8b0403d92517d5458d21c29-39763b9070ef4693","Bounding Krasis","0.12","0.12","","","","","legacy_only","magic","Magic: The Gathering","audited legacy RPC label; Scryfall reference present","2026-09-08 00:27:17.550495+00","2026-09-08 00:27:17.550495+00"
"chaos-00790698e8b0403d92517d5458d21c29-3c9d6f5a2fc0406f","Slitherhead","0.11","0.11","","","","","legacy_only","magic","Magic: The Gathering","audited legacy RPC label; Scryfall reference present","2026-09-08 00:27:17.550495+00","2026-09-08 00:27:17.550495+00"
"chaos-00790698e8b0403d92517d5458d21c29-3fede9d696784d2b","Ruination Rioter","0.24","0.24","","","","","legacy_only","magic","Magic: The Gathering","audited legacy RPC label; Scryfall reference present","2026-09-08 00:27:17.550495+00","2026-09-08 00:27:17.550495+00"
"chaos-00790698e8b0403d92517d5458d21c29-44e396ac379145a8","Dimir Keyrune","0.23","0.23","","","","","legacy_only","magic","Magic: The Gathering","audited legacy RPC label; Scryfall reference present","2026-09-08 00:27:17.550495+00","2026-09-08 00:27:17.550495+00"
"chaos-00790698e8b0403d92517d5458d21c29-458bafaa7d934146","Lesser Masticore","0.34","0.34","","","","","legacy_only","magic","Magic: The Gathering","audited legacy RPC label; Scryfall reference present","2026-09-08 00:27:17.550495+00","2026-09-08 00:27:17.550495+00"
"chaos-00790698e8b0403d92517d5458d21c29-4e0b0abb13e3439d","Cathodion","0.43","0.43","","","","","legacy_only","magic","Magic: The Gathering","audited legacy RPC label; Scryfall reference present","2026-09-08 00:27:17.550495+00","2026-09-08 00:27:17.550495+00"
"chaos-00790698e8b0403d92517d5458d21c29-4fba38fa49cd47e8","Meteor Golem","0.25","0.25","","","","","legacy_only","magic","Magic: The Gathering","audited legacy RPC label; Scryfall reference present","2026-09-08 00:27:17.550495+00","2026-09-08 00:27:17.550495+00"
"chaos-00790698e8b0403d92517d5458d21c29-568050af3a1d4821","Myr Convert","0.31","0.31","","","","","legacy_only","magic","Magic: The Gathering","audited legacy RPC label; Scryfall reference present","2026-09-08 00:27:17.550495+00","2026-09-08 00:27:17.550495+00"
"chaos-00790698e8b0403d92517d5458d21c29-571cbfd2cc9e4592","Jeskai Charm","0.72","0.72","","","","","legacy_only","magic","Magic: The Gathering","audited legacy RPC label; Scryfall reference present","2026-09-08 00:27:17.550495+00","2026-09-08 00:27:17.550495+00"
"chaos-00790698e8b0403d92517d5458d21c29-5a98784c8b844668","Lazotep Chancellor","0.18","0.18","","","","","legacy_only","magic","Magic: The Gathering","audited legacy RPC label; Scryfall reference present","2026-09-08 00:27:17.550495+00","2026-09-08 00:27:17.550495+00"
"chaos-00790698e8b0403d92517d5458d21c29-5ba2be79fce540f2","Mortify","0.41","0.41","","","","","legacy_only","magic","Magic: The Gathering","audited legacy RPC label; Scryfall reference present","2026-09-08 00:27:17.550495+00","2026-09-08 00:27:17.550495+00"
"chaos-00790698e8b0403d92517d5458d21c29-5d59c6ea7495413f","Armory of Iroas","0.22","0.22","","","","","legacy_only","magic","Magic: The Gathering","audited legacy RPC label; Scryfall reference present","2026-09-08 00:27:17.550495+00","2026-09-08 00:27:17.550495+00"
"chaos-00790698e8b0403d92517d5458d21c29-5ec16c513c574f80","Oji, the Exquisite Blade","0.20","0.20","","","","","legacy_only","magic","Magic: The Gathering","audited legacy RPC label; Scryfall reference present","2026-09-08 00:27:17.550495+00","2026-09-08 00:27:17.550495+00"
"chaos-00790698e8b0403d92517d5458d21c29-629ff3b8b8544753","Inscribed Tablet","0.19","0.19","","","","","legacy_only","magic","Magic: The Gathering","audited legacy RPC label; Scryfall reference present","2026-09-08 00:27:17.550495+00","2026-09-08 00:27:17.550495+00"
"chaos-00790698e8b0403d92517d5458d21c29-6c535c5e127e4cf3","Tori D'Avenant, Fury Rider","0.30","0.30","","","","","legacy_only","magic","Magic: The Gathering","audited legacy RPC label; Scryfall reference present","2026-09-08 00:27:17.550495+00","2026-09-08 00:27:17.550495+00"
"chaos-00790698e8b0403d92517d5458d21c29-6c66ebb27b654712","Dragonloft Idol","0.16","0.16","","","","","legacy_only","magic","Magic: The Gathering","audited legacy RPC label; Scryfall reference present","2026-09-08 00:27:17.550495+00","2026-09-08 00:27:17.550495+00"
"chaos-00790698e8b0403d92517d5458d21c29-6e21b3dda6454c46","Devourer of Memory","0.18","0.18","","","","","legacy_only","magic","Magic: The Gathering","audited legacy RPC label; Scryfall reference present","2026-09-08 00:27:17.550495+00","2026-09-08 00:27:17.550495+00"
"chaos-00790698e8b0403d92517d5458d21c29-6e90115d49f749cb","Relic Vial","0.27","0.27","","","","","legacy_only","magic","Magic: The Gathering","audited legacy RPC label; Scryfall reference present","2026-09-08 00:27:17.550495+00","2026-09-08 00:27:17.550495+00"
"chaos-00790698e8b0403d92517d5458d21c29-72a84b0e6d514b67","Despark","0.39","0.39","","","","","legacy_only","magic","Magic: The Gathering","audited legacy RPC label; Scryfall reference present","2026-09-08 00:27:17.550495+00","2026-09-08 00:27:17.550495+00"
"chaos-00790698e8b0403d92517d5458d21c29-7c1d8e1a9d9c4802","Charforger","0.13","0.13","","","","","legacy_only","magic","Magic: The Gathering","audited legacy RPC label; Scryfall reference present","2026-09-08 00:27:17.550495+00","2026-09-08 00:27:17.550495+00"
"chaos-00790698e8b0403d92517d5458d21c29-7ec0c82c5b214c6c","Nyx Weaver","0.35","0.35","","","","","legacy_only","magic","Magic: The Gathering","audited legacy RPC label; Scryfall reference present","2026-09-08 00:27:17.550495+00","2026-09-08 00:27:17.550495+00"
"chaos-00790698e8b0403d92517d5458d21c29-804159660a3248b3","Najal, the Storm Runner","0.22","0.22","","","","","legacy_only","magic","Magic: The Gathering","audited legacy RPC label; Scryfall reference present","2026-09-08 00:27:17.550495+00","2026-09-08 00:27:17.550495+00"
"chaos-00790698e8b0403d92517d5458d21c29-8102332b366e4499","Vitu-Ghazi Guildmage","0.30","0.30","","","","","legacy_only","magic","Magic: The Gathering","audited legacy RPC label; Scryfall reference present","2026-09-08 00:27:17.550495+00","2026-09-08 00:27:17.550495+00"
"chaos-00790698e8b0403d92517d5458d21c29-83f610fc9a214aa5","Combine Chrysalis","0.31","0.31","","","","","legacy_only","magic","Magic: The Gathering","audited legacy RPC label; Scryfall reference present","2026-09-08 00:27:17.550495+00","2026-09-08 00:27:17.550495+00"
"chaos-00790698e8b0403d92517d5458d21c29-85853d65d03e473c","Cranial Plating","0.37","0.37","","","","","legacy_only","magic","Magic: The Gathering","audited legacy RPC label; Scryfall reference present","2026-09-08 00:27:17.550495+00","2026-09-08 00:27:17.550495+00"
"chaos-00790698e8b0403d92517d5458d21c29-85cdb4f0fb594de2","Kaya, Bane of the Dead","0.29","0.29","","","","","legacy_only","magic","Magic: The Gathering","audited legacy RPC label; Scryfall reference present","2026-09-08 00:27:17.550495+00","2026-09-08 00:27:17.550495+00"
"chaos-00790698e8b0403d92517d5458d21c29-87ca07d1a06b4edb","Jungle Barrier","0.35","0.35","","","","","legacy_only","magic","Magic: The Gathering","audited legacy RPC label; Scryfall reference present","2026-09-08 00:27:17.550495+00","2026-09-08 00:27:17.550495+00"
"chaos-00790698e8b0403d92517d5458d21c29-891353caaa1948c5","Bartolomé del Presidio","0.25","0.25","","","","","legacy_only","magic","Magic: The Gathering","audited legacy RPC label; Scryfall reference present","2026-09-08 00:27:17.550495+00","2026-09-08 00:27:17.550495+00"
"chaos-00790698e8b0403d92517d5458d21c29-8a6ff5a054724963","Chief of the Foundry","0.22","0.22","","","","","legacy_only","magic","Magic: The Gathering","audited legacy RPC label; Scryfall reference present","2026-09-08 00:27:17.550495+00","2026-09-08 00:27:17.550495+00"
"chaos-00790698e8b0403d92517d5458d21c29-8d7556aa0a634177","Relic Amulet","0.18","0.18","","","","","legacy_only","magic","Magic: The Gathering","audited legacy RPC label; Scryfall reference present","2026-09-08 00:27:17.550495+00","2026-09-08 00:27:17.550495+00"
"chaos-00790698e8b0403d92517d5458d21c29-909419dc3c244106","Selesnya Charm","0.16","0.16","","","","","legacy_only","magic","Magic: The Gathering","audited legacy RPC label; Scryfall reference present","2026-09-08 00:27:17.550495+00","2026-09-08 00:27:17.550495+00"
"chaos-00790698e8b0403d92517d5458d21c29-92f02cb37dca42cf","Urban Evolution","0.33","0.33","","","","","legacy_only","magic","Magic: The Gathering","audited legacy RPC label; Scryfall reference present","2026-09-08 00:27:17.550495+00","2026-09-08 00:27:17.550495+00"
"chaos-00790698e8b0403d92517d5458d21c29-998ded413d11434c","Underworld Coinsmith","0.34","0.34","","","","","legacy_only","magic","Magic: The Gathering","audited legacy RPC label; Scryfall reference present","2026-09-08 00:27:17.550495+00","2026-09-08 00:27:17.550495+00"
"chaos-00790698e8b0403d92517d5458d21c29-9b5062371e674191","Slayer's Cleaver","0.05","0.05","","","","","legacy_only","magic","Magic: The Gathering","audited legacy RPC label; Scryfall reference present","2026-09-08 00:27:17.550495+00","2026-09-08 00:27:17.550495+00"
"chaos-00790698e8b0403d92517d5458d21c29-9c6f4b6339b04ca3","Imoti, Celebrant of Bounty","0.30","0.30","","","","","legacy_only","magic","Magic: The Gathering","audited legacy RPC label; Scryfall reference present","2026-09-08 00:27:17.550495+00","2026-09-08 00:27:17.550495+00"
"chaos-00790698e8b0403d92517d5458d21c29-9e36d258d4b64800","Pennon Blade","0.22","0.22","","","","","legacy_only","magic","Magic: The Gathering","audited legacy RPC label; Scryfall reference present","2026-09-08 00:27:17.550495+00","2026-09-08 00:27:17.550495+00"
"chaos-00790698e8b0403d92517d5458d21c29-a037c109fe374168","Argivian Avenger","0.06","0.06","","","","","legacy_only","magic","Magic: The Gathering","audited legacy RPC label; Scryfall reference present","2026-09-08 00:27:17.550495+00","2026-09-08 00:27:17.550495+00"
"chaos-00790698e8b0403d92517d5458d21c29-a16fc224e13641aa","Dimir Keyrune","0.36","0.36","","","","","legacy_only","magic","Magic: The Gathering","audited legacy RPC label; Scryfall reference present","2026-09-08 00:27:17.550495+00","2026-09-08 00:27:17.550495+00"
"chaos-00790698e8b0403d92517d5458d21c29-a67d8195f8854a8e","Everflowing Chalice","0.39","0.39","","","","","legacy_only","magic","Magic: The Gathering","audited legacy RPC label; Scryfall reference present","2026-09-08 00:27:17.550495+00","2026-09-08 00:27:17.550495+00"
"chaos-00790698e8b0403d92517d5458d21c29-a7de1fb24ed640f1","Voidwing Hybrid","0.52","0.52","","","","","legacy_only","magic","Magic: The Gathering","audited legacy RPC label; Scryfall reference present","2026-09-08 00:27:17.550495+00","2026-09-08 00:27:17.550495+00"
"chaos-00790698e8b0403d92517d5458d21c29-a9172d038c754a40","Abzan Charm","0.38","0.38","","","","","legacy_only","magic","Magic: The Gathering","audited legacy RPC label; Scryfall reference present","2026-09-08 00:27:17.550495+00","2026-09-08 00:27:17.550495+00"
"chaos-00790698e8b0403d92517d5458d21c29-aaa696c2809848ec","Runed Crown","0.32","0.32","","","","","legacy_only","magic","Magic: The Gathering","audited legacy RPC label; Scryfall reference present","2026-09-08 00:27:17.550495+00","2026-09-08 00:27:17.550495+00"
"chaos-00790698e8b0403d92517d5458d21c29-ac262b4cc42b4cae","Cryptolith Fragment // Aurora of Emrakul","0.33","0.33","","","","","legacy_only","magic","Magic: The Gathering","audited legacy RPC label; Scryfall reference present","2026-09-08 00:27:17.550495+00","2026-09-08 00:27:17.550495+00"
"chaos-00790698e8b0403d92517d5458d21c29-acc5d0f812674c99","Scrabbling Claws","0.16","0.16","","","","","legacy_only","magic","Magic: The Gathering","audited legacy RPC label; Scryfall reference present","2026-09-08 00:27:17.550495+00","2026-09-08 00:27:17.550495+00"
"chaos-00790698e8b0403d92517d5458d21c29-aec31c07cebc4c62","Serum-Core Chimera","0.09","0.09","","","","","legacy_only","magic","Magic: The Gathering","audited legacy RPC label; Scryfall reference present","2026-09-08 00:27:17.550495+00","2026-09-08 00:27:17.550495+00"
"chaos-00790698e8b0403d92517d5458d21c29-b4ba648d225d458f","Friendly Rivalry","0.15","0.15","","","","","legacy_only","magic","Magic: The Gathering","audited legacy RPC label; Scryfall reference present","2026-09-08 00:27:17.550495+00","2026-09-08 00:27:17.550495+00"
"chaos-00790698e8b0403d92517d5458d21c29-b50dcae6428f4dc0","Sandstone Oracle","0.31","0.31","","","","","legacy_only","magic","Magic: The Gathering","audited legacy RPC label; Scryfall reference present","2026-09-08 00:27:17.550495+00","2026-09-08 00:27:17.550495+00"
"chaos-00790698e8b0403d92517d5458d21c29-b549d0f4e2054782","Birthing Boughs","0.29","0.29","","","","","legacy_only","magic","Magic: The Gathering","audited legacy RPC label; Scryfall reference present","2026-09-08 00:27:17.550495+00","2026-09-08 00:27:17.550495+00"
"chaos-00790698e8b0403d92517d5458d21c29-b71b1b34299f4700","Diregraf Rebirth","0.23","0.23","","","","","legacy_only","magic","Magic: The Gathering","audited legacy RPC label; Scryfall reference present","2026-09-08 00:27:17.550495+00","2026-09-08 00:27:17.550495+00"
"chaos-00790698e8b0403d92517d5458d21c29-b7a27519200446df","Abzan Charm","0.18","0.18","","","","","legacy_only","magic","Magic: The Gathering","audited legacy RPC label; Scryfall reference present","2026-09-08 00:27:17.550495+00","2026-09-08 00:27:17.550495+00"
"chaos-00790698e8b0403d92517d5458d21c29-ba2c2bcf4e4e458d","Extract from Darkness","0.20","0.20","","","","","legacy_only","magic","Magic: The Gathering","audited legacy RPC label; Scryfall reference present","2026-09-08 00:27:17.550495+00","2026-09-08 00:27:17.550495+00"
"chaos-00790698e8b0403d92517d5458d21c29-bdf5408a0f87481a","Tainted Observer","0.26","0.26","","","","","legacy_only","magic","Magic: The Gathering","audited legacy RPC label; Scryfall reference present","2026-09-08 00:27:17.550495+00","2026-09-08 00:27:17.550495+00"
"chaos-00790698e8b0403d92517d5458d21c29-c18bf2ce40b94903","Raugrin Crystal","0.17","0.17","","","","","legacy_only","magic","Magic: The Gathering","audited legacy RPC label; Scryfall reference present","2026-09-08 00:27:17.550495+00","2026-09-08 00:27:17.550495+00"
"chaos-00790698e8b0403d92517d5458d21c29-c2a613e4c2724093","Shambling Remains","0.16","0.16","","","","","legacy_only","magic","Magic: The Gathering","audited legacy RPC label; Scryfall reference present","2026-09-08 00:27:17.550495+00","2026-09-08 00:27:17.550495+00"
"chaos-00790698e8b0403d92517d5458d21c29-c9399d9b53174d37","Darksteel Ingot","0.33","0.33","","","","","legacy_only","magic","Magic: The Gathering","audited legacy RPC label; Scryfall reference present","2026-09-08 00:27:17.550495+00","2026-09-08 00:27:17.550495+00"
"chaos-00790698e8b0403d92517d5458d21c29-cf01a4f5bcb84310","Botanical Brawler","0.31","0.31","","","","","legacy_only","magic","Magic: The Gathering","audited legacy RPC label; Scryfall reference present","2026-09-08 00:27:17.550495+00","2026-09-08 00:27:17.550495+00"
"chaos-00790698e8b0403d92517d5458d21c29-d1b0ea3e56b04944","Everflowing Chalice","0.42","0.42","","","","","legacy_only","magic","Magic: The Gathering","audited legacy RPC label; Scryfall reference present","2026-09-08 00:27:17.550495+00","2026-09-08 00:27:17.550495+00"
"chaos-00790698e8b0403d92517d5458d21c29-d2f2af67b38c46f2","Mindless Automaton","0.20","0.20","","","","","legacy_only","magic","Magic: The Gathering","audited legacy RPC label; Scryfall reference present","2026-09-08 00:27:17.550495+00","2026-09-08 00:27:17.550495+00"
"chaos-00790698e8b0403d92517d5458d21c29-d47ac768b2ae4b23","Good-Fortune Unicorn","0.20","0.20","","","","","legacy_only","magic","Magic: The Gathering","audited legacy RPC label; Scryfall reference present","2026-09-08 00:27:17.550495+00","2026-09-08 00:27:17.550495+00"
"chaos-00790698e8b0403d92517d5458d21c29-dc21ec1c40794784","Thran Golem","0.22","0.22","","","","","legacy_only","magic","Magic: The Gathering","audited legacy RPC label; Scryfall reference present","2026-09-08 00:27:17.550495+00","2026-09-08 00:27:17.550495+00"
"chaos-00790698e8b0403d92517d5458d21c29-e0e1ace527e44fc8","Farmstead Gleaner","0.16","0.16","","","","","legacy_only","magic","Magic: The Gathering","audited legacy RPC label; Scryfall reference present","2026-09-08 00:27:17.550495+00","2026-09-08 00:27:17.550495+00"
"chaos-00790698e8b0403d92517d5458d21c29-e345b939d3ea4ac7","Campaign of Vengeance","0.25","0.25","","","","","legacy_only","magic","Magic: The Gathering","audited legacy RPC label; Scryfall reference present","2026-09-08 00:27:17.550495+00","2026-09-08 00:27:17.550495+00"
"chaos-00790698e8b0403d92517d5458d21c29-eae6e08db2e14217","Suspicious Bookcase","0.20","0.20","","","","","legacy_only","magic","Magic: The Gathering","audited legacy RPC label; Scryfall reference present","2026-09-08 00:27:17.550495+00","2026-09-08 00:27:17.550495+00"
"chaos-00790698e8b0403d92517d5458d21c29-ed454ee2f3b94d60","Ugin's Construct","0.12","0.12","","","","","legacy_only","magic","Magic: The Gathering","audited legacy RPC label; Scryfall reference present","2026-09-08 00:27:17.550495+00","2026-09-08 00:27:17.550495+00"
"chaos-00790698e8b0403d92517d5458d21c29-f0895b54af1145f4","Meteor Golem","0.16","0.16","","","","","legacy_only","magic","Magic: The Gathering","audited legacy RPC label; Scryfall reference present","2026-09-08 00:27:17.550495+00","2026-09-08 00:27:17.550495+00"
"chaos-00790698e8b0403d92517d5458d21c29-f5877e144f804d6e","C.A.M.P.","0.27","0.27","","","","","legacy_only","magic","Magic: The Gathering","audited legacy RPC label; Scryfall reference present","2026-09-08 00:27:17.550495+00","2026-09-08 00:27:17.550495+00"
"chaos-00790698e8b0403d92517d5458d21c29-fa3115d7ce2f4a26","Meteor Golem","0.25","0.25","","","","","legacy_only","magic","Magic: The Gathering","audited legacy RPC label; Scryfall reference present","2026-09-08 00:27:17.550495+00","2026-09-08 00:27:17.550495+00"
"chaos-00790698e8b0403d92517d5458d21c29-fd462a14049344ab","Icehide Golem","0.38","0.38","","","","","legacy_only","magic","Magic: The Gathering","audited legacy RPC label; Scryfall reference present","2026-09-08 00:27:17.550495+00","2026-09-08 00:27:17.550495+00"
"chaos-0abdfc33084d4dd0988f304a17dc5e58-0295f511b972473a","Quintorius, Field Historian","0.18","0.18","","","","","legacy_only","magic","Magic: The Gathering","audited legacy RPC label; Scryfall reference present","2026-09-09 23:19:00.782149+00","2026-09-09 23:19:00.782149+00"
"chaos-0abdfc33084d4dd0988f304a17dc5e58-0595b0bc44074a1a","Shimmer Myr","0.42","0.42","","","","","legacy_only","magic","Magic: The Gathering","audited legacy RPC label; Scryfall reference present","2026-09-09 23:19:00.782149+00","2026-09-09 23:19:00.782149+00"
"chaos-0abdfc33084d4dd0988f304a17dc5e58-06c37a744fd94985","Mind Stone","0.34","0.34","","","","","legacy_only","magic","Magic: The Gathering","audited legacy RPC label; Scryfall reference present","2026-09-09 23:19:00.782149+00","2026-09-09 23:19:00.782149+00"
"chaos-0abdfc33084d4dd0988f304a17dc5e58-0dbb5817c73c46ae","Portal Manipulator","1.38","1.38","","","","","legacy_only","magic","Magic: The Gathering","audited legacy RPC label; Scryfall reference present","2026-09-09 23:19:00.782149+00","2026-09-09 23:19:00.782149+00"
"chaos-0abdfc33084d4dd0988f304a17dc5e58-1019bb5b9c3745fb","Ruby, Daring Tracker","0.28","0.28","","","","","legacy_only","magic","Magic: The Gathering","audited legacy RPC label; Scryfall reference present","2026-09-09 23:19:00.782149+00","2026-09-09 23:19:00.782149+00"
"chaos-0abdfc33084d4dd0988f304a17dc5e58-11487844c24948b6","Thrakkus the Butcher","0.35","0.35","","","","","legacy_only","magic","Magic: The Gathering","audited legacy RPC label; Scryfall reference present","2026-09-09 23:19:00.782149+00","2026-09-09 23:19:00.782149+00"
"chaos-0abdfc33084d4dd0988f304a17dc5e58-19aa30e2ae2a4327","Thran Golem","0.14","0.14","","","","","legacy_only","magic","Magic: The Gathering","audited legacy RPC label; Scryfall reference present","2026-09-09 23:19:00.782149+00","2026-09-09 23:19:00.782149+00"
"chaos-0abdfc33084d4dd0988f304a17dc5e58-1a759fbc8eb14766","Trepanation Blade","0.30","0.30","","","","","legacy_only","magic","Magic: The Gathering","audited legacy RPC label; Scryfall reference present","2026-09-09 23:19:00.782149+00","2026-09-09 23:19:00.782149+00"
"chaos-0abdfc33084d4dd0988f304a17dc5e58-205c2aafbdc24077","Stonespeaker Crystal","0.44","0.44","","","","","legacy_only","magic","Magic: The Gathering","audited legacy RPC label; Scryfall reference present","2026-09-09 23:19:00.782149+00","2026-09-09 23:19:00.782149+00"
"chaos-0abdfc33084d4dd0988f304a17dc5e58-20babf3918ba499d","Killian, Ink Duelist","0.36","0.36","","","","","legacy_only","magic","Magic: The Gathering","audited legacy RPC label; Scryfall reference present","2026-09-09 23:19:00.782149+00","2026-09-09 23:19:00.782149+00"
"chaos-0abdfc33084d4dd0988f304a17dc5e58-258602e105c34999","Scepter of Empires","0.28","0.28","","","","","legacy_only","magic","Magic: The Gathering","audited legacy RPC label; Scryfall reference present","2026-09-09 23:19:00.782149+00","2026-09-09 23:19:00.782149+00"
"chaos-0abdfc33084d4dd0988f304a17dc5e58-28192e2ccd414979","Koll, the Forgemaster","0.20","0.20","","","","","legacy_only","magic","Magic: The Gathering","audited legacy RPC label; Scryfall reference present","2026-09-09 23:19:00.782149+00","2026-09-09 23:19:00.782149+00"
"chaos-0abdfc33084d4dd0988f304a17dc5e58-2c3e2717d15c4852","Gretchen Titchwillow","0.26","0.26","","","","","legacy_only","magic","Magic: The Gathering","audited legacy RPC label; Scryfall reference present","2026-09-09 23:19:00.782149+00","2026-09-09 23:19:00.782149+00"
"chaos-0abdfc33084d4dd0988f304a17dc5e58-2c3f33de3ead4c38","Arcbound Slith","0.42","0.42","","","","","legacy_only","magic","Magic: The Gathering","audited legacy RPC label; Scryfall reference present","2026-09-09 23:19:00.782149+00","2026-09-09 23:19:00.782149+00"
"chaos-0abdfc33084d4dd0988f304a17dc5e58-2cce0a0ea7514668","Narfi, Betrayer King","0.20","0.20","","","","","legacy_only","magic","Magic: The Gathering","audited legacy RPC label; Scryfall reference present","2026-09-09 23:19:00.782149+00","2026-09-09 23:19:00.782149+00"
"chaos-0abdfc33084d4dd0988f304a17dc5e58-2d25289e6d074eb1","Elixir of Immortality","1.02","1.02","","","","","legacy_only","magic","Magic: The Gathering","audited legacy RPC label; Scryfall reference present","2026-09-09 23:19:00.782149+00","2026-09-09 23:19:00.782149+00"
"chaos-0abdfc33084d4dd0988f304a17dc5e58-2e95755d2a184cc6","Mishra's Research Desk","0.23","0.23","","","","","legacy_only","magic","Magic: The Gathering","audited legacy RPC label; Scryfall reference present","2026-09-09 23:19:00.782149+00","2026-09-09 23:19:00.782149+00"
"chaos-0abdfc33084d4dd0988f304a17dc5e58-354371ca9299474c","Golem's Heart","0.23","0.23","","","","","legacy_only","magic","Magic: The Gathering","audited legacy RPC label; Scryfall reference present","2026-09-09 23:19:00.782149+00","2026-09-09 23:19:00.782149+00"
"chaos-0abdfc33084d4dd0988f304a17dc5e58-36bfb124f3314e46","Throne of Geth","1.54","1.54","","","","","legacy_only","magic","Magic: The Gathering","audited legacy RPC label; Scryfall reference present","2026-09-09 23:19:00.782149+00","2026-09-09 23:19:00.782149+00"
"chaos-0abdfc33084d4dd0988f304a17dc5e58-39e3b8964706485b","Hallar, the Firefletcher","0.24","0.24","","","","","legacy_only","magic","Magic: The Gathering","audited legacy RPC label; Scryfall reference present","2026-09-09 23:19:00.782149+00","2026-09-09 23:19:00.782149+00"
"chaos-0abdfc33084d4dd0988f304a17dc5e58-3f98ddc056914a6a","Arcbound Shikari","0.26","0.26","","","","","legacy_only","magic","Magic: The Gathering","audited legacy RPC label; Scryfall reference present","2026-09-09 23:19:00.782149+00","2026-09-09 23:19:00.782149+00"
"chaos-0abdfc33084d4dd0988f304a17dc5e58-46119e6ed22342c1","Faithful Mending","1.75","1.75","","","","","legacy_only","magic","Magic: The Gathering","audited legacy RPC label; Scryfall reference present","2026-09-09 23:19:00.782149+00","2026-09-09 23:19:00.782149+00"
"chaos-0abdfc33084d4dd0988f304a17dc5e58-4933423f87254ac2","Brazen Upstart","0.08","0.08","","","","","legacy_only","magic","Magic: The Gathering","audited legacy RPC label; Scryfall reference present","2026-09-09 23:19:00.782149+00","2026-09-09 23:19:00.782149+00"
"chaos-0abdfc33084d4dd0988f304a17dc5e58-4c536bf309a44a89","Ravenous Squirrel","0.34","0.34","","","","","legacy_only","magic","Magic: The Gathering","audited legacy RPC label; Scryfall reference present","2026-09-09 23:19:00.782149+00","2026-09-09 23:19:00.782149+00"
"chaos-0abdfc33084d4dd0988f304a17dc5e58-54a93858c1d24c74","Deadly Brew","0.26","0.26","","","","","legacy_only","magic","Magic: The Gathering","audited legacy RPC label; Scryfall reference present","2026-09-09 23:19:00.782149+00","2026-09-09 23:19:00.782149+00"
"chaos-0abdfc33084d4dd0988f304a17dc5e58-5689f48442aa4957","Reconstruct History","0.20","0.20","","","","","legacy_only","magic","Magic: The Gathering","audited legacy RPC label; Scryfall reference present","2026-09-09 23:19:00.782149+00","2026-09-09 23:19:00.782149+00"
"chaos-0abdfc33084d4dd0988f304a17dc5e58-570cddb21943475f","Heartwarming Redemption","0.26","0.26","","","","","legacy_only","magic","Magic: The Gathering","audited legacy RPC label; Scryfall reference present","2026-09-09 23:19:00.782149+00","2026-09-09 23:19:00.782149+00"
"chaos-0abdfc33084d4dd0988f304a17dc5e58-57bab21411264eff","Voyager Staff","0.35","0.35","","","","","legacy_only","magic","Magic: The Gathering","audited legacy RPC label; Scryfall reference present","2026-09-09 23:19:00.782149+00","2026-09-09 23:19:00.782149+00"
"chaos-0abdfc33084d4dd0988f304a17dc5e58-61265b8162a14ec9","Domri's Ambush","0.29","0.29","","","","","legacy_only","magic","Magic: The Gathering","audited legacy RPC label; Scryfall reference present","2026-09-09 23:19:00.782149+00","2026-09-09 23:19:00.782149+00"
"chaos-0abdfc33084d4dd0988f304a17dc5e58-6ac8e1dd2fed4383","Boros Signet","1.69","1.69","","","","","legacy_only","magic","Magic: The Gathering","audited legacy RPC label; Scryfall reference present","2026-09-09 23:19:00.782149+00","2026-09-09 23:19:00.782149+00"
"chaos-0abdfc33084d4dd0988f304a17dc5e58-6aee4cf0f8d94b62","Kardur, Doomscourge","0.42","0.42","","","","","legacy_only","magic","Magic: The Gathering","audited legacy RPC label; Scryfall reference present","2026-09-09 23:19:00.782149+00","2026-09-09 23:19:00.782149+00"
"chaos-0abdfc33084d4dd0988f304a17dc5e58-6b15af0b15e24ee7","Altar of the Goyf","0.22","0.22","","","","","legacy_only","magic","Magic: The Gathering","audited legacy RPC label; Scryfall reference present","2026-09-09 23:19:00.782149+00","2026-09-09 23:19:00.782149+00"
"chaos-0abdfc33084d4dd0988f304a17dc5e58-735e5ab74325440a","Treasure Keeper","0.14","0.14","","","","","legacy_only","magic","Magic: The Gathering","audited legacy RPC label; Scryfall reference present","2026-09-09 23:19:00.782149+00","2026-09-09 23:19:00.782149+00"
"chaos-0abdfc33084d4dd0988f304a17dc5e58-7709e5c79e6b4d79","Arcbound Shikari","0.25","0.25","","","","","legacy_only","magic","Magic: The Gathering","audited legacy RPC label; Scryfall reference present","2026-09-09 23:19:00.782149+00","2026-09-09 23:19:00.782149+00"
"chaos-0abdfc33084d4dd0988f304a17dc5e58-781550d6c83844a8","Strandwalker","0.13","0.13","","","","","legacy_only","magic","Magic: The Gathering","audited legacy RPC label; Scryfall reference present","2026-09-09 23:19:00.782149+00","2026-09-09 23:19:00.782149+00"
"chaos-0abdfc33084d4dd0988f304a17dc5e58-784f1d8cc1114f2a","Ravenous Squirrel","0.20","0.20","","","","","legacy_only","magic","Magic: The Gathering","audited legacy RPC label; Scryfall reference present","2026-09-09 23:19:00.782149+00","2026-09-09 23:19:00.782149+00"
"chaos-0abdfc33084d4dd0988f304a17dc5e58-803ef20f513d4bca","Sunset Pyramid","0.22","0.22","","","","","legacy_only","magic","Magic: The Gathering","audited legacy RPC label; Scryfall reference present","2026-09-09 23:19:00.782149+00","2026-09-09 23:19:00.782149+00"
"chaos-0abdfc33084d4dd0988f304a17dc5e58-83f723d87b8c41ff","Brass Herald","0.22","0.22","","","","","legacy_only","magic","Magic: The Gathering","audited legacy RPC label; Scryfall reference present","2026-09-09 23:19:00.782149+00","2026-09-09 23:19:00.782149+00"
"chaos-0abdfc33084d4dd0988f304a17dc5e58-891cf691884842a9","Ichor Wellspring","1.51","1.51","","","","","legacy_only","magic","Magic: The Gathering","audited legacy RPC label; Scryfall reference present","2026-09-09 23:19:00.782149+00","2026-09-09 23:19:00.782149+00"
"chaos-0abdfc33084d4dd0988f304a17dc5e58-8ada158fe51d40b2","Skinwing","0.08","0.08","","","","","legacy_only","magic","Magic: The Gathering","audited legacy RPC label; Scryfall reference present","2026-09-09 23:19:00.782149+00","2026-09-09 23:19:00.782149+00"
"chaos-0abdfc33084d4dd0988f304a17dc5e58-8c997b4e30b24da1","Elixir of Immortality","0.70","0.70","","","","","legacy_only","magic","Magic: The Gathering","audited legacy RPC label; Scryfall reference present","2026-09-09 23:19:00.782149+00","2026-09-09 23:19:00.782149+00"
"chaos-0abdfc33084d4dd0988f304a17dc5e58-94c6fc2af97541ce","Mind Stone","0.33","0.33","","","","","legacy_only","magic","Magic: The Gathering","audited legacy RPC label; Scryfall reference present","2026-09-09 23:19:00.782149+00","2026-09-09 23:19:00.782149+00"
"chaos-0abdfc33084d4dd0988f304a17dc5e58-9fe19b42a896473e","Mercy Killing","5.00","5.00","","","","","legacy_only","magic","Magic: The Gathering","audited legacy RPC label; Scryfall reference present","2026-09-09 23:19:00.782149+00","2026-09-09 23:19:00.782149+00"
"chaos-0abdfc33084d4dd0988f304a17dc5e58-a02563cc8a424696","Ketria Crystal","0.16","0.16","","","","","legacy_only","magic","Magic: The Gathering","audited legacy RPC label; Scryfall reference present","2026-09-09 23:19:00.782149+00","2026-09-09 23:19:00.782149+00"
"chaos-0abdfc33084d4dd0988f304a17dc5e58-a1a01ab8ccf34bc0","Demon's Horn","0.22","0.22","","","","","legacy_only","magic","Magic: The Gathering","audited legacy RPC label; Scryfall reference present","2026-09-09 23:19:00.782149+00","2026-09-09 23:19:00.782149+00"
"chaos-0abdfc33084d4dd0988f304a17dc5e58-a2aa35983e97458a","Colossal Plow","0.25","0.25","","","","","legacy_only","magic","Magic: The Gathering","audited legacy RPC label; Scryfall reference present","2026-09-09 23:19:00.782149+00","2026-09-09 23:19:00.782149+00"
"chaos-0abdfc33084d4dd0988f304a17dc5e58-a2d1004371fa4071","Rix Maadi Guildmage","0.14","0.14","","","","","legacy_only","magic","Magic: The Gathering","audited legacy RPC label; Scryfall reference present","2026-09-09 23:19:00.782149+00","2026-09-09 23:19:00.782149+00"
"chaos-0abdfc33084d4dd0988f304a17dc5e58-a35b7c02e0844dcb","Hero's Blade","0.18","0.18","","","","","legacy_only","magic","Magic: The Gathering","audited legacy RPC label; Scryfall reference present","2026-09-09 23:19:00.782149+00","2026-09-09 23:19:00.782149+00"
"chaos-0abdfc33084d4dd0988f304a17dc5e58-a383bada5ec74b0e","Codex Shredder","0.35","0.35","","","","","legacy_only","magic","Magic: The Gathering","audited legacy RPC label; Scryfall reference present","2026-09-09 23:19:00.782149+00","2026-09-09 23:19:00.782149+00"
"chaos-0abdfc33084d4dd0988f304a17dc5e58-a39875256cea498d","Relentless X-ATM092","0.32","0.32","","","","","legacy_only","magic","Magic: The Gathering","audited legacy RPC label; Scryfall reference present","2026-09-09 23:19:00.782149+00","2026-09-09 23:19:00.782149+00"
"chaos-0abdfc33084d4dd0988f304a17dc5e58-a3e86d367a9b4004","Patrician's Scorn","0.22","0.22","","","","","legacy_only","magic","Magic: The Gathering","audited legacy RPC label; Scryfall reference present","2026-09-09 23:19:00.782149+00","2026-09-09 23:19:00.782149+00"
"chaos-0abdfc33084d4dd0988f304a17dc5e58-a6394fc3b5dd4251","Phyrexian Juggernaut","0.27","0.27","","","","","legacy_only","magic","Magic: The Gathering","audited legacy RPC label; Scryfall reference present","2026-09-09 23:19:00.782149+00","2026-09-09 23:19:00.782149+00"
"chaos-0abdfc33084d4dd0988f304a17dc5e58-a77c4d00817149d9","Inkfathom Witch","0.29","0.29","","","","","legacy_only","magic","Magic: The Gathering","audited legacy RPC label; Scryfall reference present","2026-09-09 23:19:00.782149+00","2026-09-09 23:19:00.782149+00"
"chaos-0abdfc33084d4dd0988f304a17dc5e58-a9a558af38e041dd","Lorehold Excavation","0.21","0.21","","","","","legacy_only","magic","Magic: The Gathering","audited legacy RPC label; Scryfall reference present","2026-09-09 23:19:00.782149+00","2026-09-09 23:19:00.782149+00"
"chaos-0abdfc33084d4dd0988f304a17dc5e58-adf45a9a6881436c","Bane of Bala Ged","0.40","0.40","","","","","legacy_only","magic","Magic: The Gathering","audited legacy RPC label; Scryfall reference present","2026-09-09 23:19:00.782149+00","2026-09-09 23:19:00.782149+00"
"chaos-0abdfc33084d4dd0988f304a17dc5e58-b145feea8ec44e7f","Conclave Guildmage","0.19","0.19","","","","","legacy_only","magic","Magic: The Gathering","audited legacy RPC label; Scryfall reference present","2026-09-09 23:19:00.782149+00","2026-09-09 23:19:00.782149+00"
"chaos-0abdfc33084d4dd0988f304a17dc5e58-b1c45d70611c4157","Prismari Apprentice","0.18","0.18","","","","","legacy_only","magic","Magic: The Gathering","audited legacy RPC label; Scryfall reference present","2026-09-09 23:19:00.782149+00","2026-09-09 23:19:00.782149+00"
"chaos-0abdfc33084d4dd0988f304a17dc5e58-b2af900c6f8b4983","Relic Amulet","0.18","0.18","","","","","legacy_only","magic","Magic: The Gathering","audited legacy RPC label; Scryfall reference present","2026-09-09 23:19:00.782149+00","2026-09-09 23:19:00.782149+00"
"chaos-0abdfc33084d4dd0988f304a17dc5e58-b6149fc209d04987","Stromkirk Captain","0.62","0.62","","","","","legacy_only","magic","Magic: The Gathering","audited legacy RPC label; Scryfall reference present","2026-09-09 23:19:00.782149+00","2026-09-09 23:19:00.782149+00"
"chaos-0abdfc33084d4dd0988f304a17dc5e58-b7dcd0a2487043fe","Sphere of the Suns","0.15","0.15","","","","","legacy_only","magic","Magic: The Gathering","audited legacy RPC label; Scryfall reference present","2026-09-09 23:19:00.782149+00","2026-09-09 23:19:00.782149+00"
"chaos-0abdfc33084d4dd0988f304a17dc5e58-b80cdf409d70418b","Waterlogged Teachings // Inundated Archive","0.46","0.46","","","","","legacy_only","magic","Magic: The Gathering","audited legacy RPC label; Scryfall reference present","2026-09-09 23:19:00.782149+00","2026-09-09 23:19:00.782149+00"
"chaos-0abdfc33084d4dd0988f304a17dc5e58-b9abd83d6289430f","Maja, Bretagard Protector","0.21","0.21","","","","","legacy_only","magic","Magic: The Gathering","audited legacy RPC label; Scryfall reference present","2026-09-09 23:19:00.782149+00","2026-09-09 23:19:00.782149+00"
"chaos-0abdfc33084d4dd0988f304a17dc5e58-bc8fafff71a94186","Diviner's Lockbox","0.07","0.07","","","","","legacy_only","magic","Magic: The Gathering","audited legacy RPC label; Scryfall reference present","2026-09-09 23:19:00.782149+00","2026-09-09 23:19:00.782149+00"
"chaos-0abdfc33084d4dd0988f304a17dc5e58-bdc4bb70bea8461d","Mistmeadow Skulk","0.27","0.27","","","","","legacy_only","magic","Magic: The Gathering","audited legacy RPC label; Scryfall reference present","2026-09-09 23:19:00.782149+00","2026-09-09 23:19:00.782149+00"
"chaos-0abdfc33084d4dd0988f304a17dc5e58-c20aac7af148477c","Vega, the Watcher","0.27","0.27","","","","","legacy_only","magic","Magic: The Gathering","audited legacy RPC label; Scryfall reference present","2026-09-09 23:19:00.782149+00","2026-09-09 23:19:00.782149+00"
"chaos-0abdfc33084d4dd0988f304a17dc5e58-c72f2a7a1dc54785","Etchings of the Chosen","0.38","0.38","","","","","legacy_only","magic","Magic: The Gathering","audited legacy RPC label; Scryfall reference present","2026-09-09 23:19:00.782149+00","2026-09-09 23:19:00.782149+00"
"chaos-0abdfc33084d4dd0988f304a17dc5e58-c9c81ace86e3486b","Bituminous Blast","0.40","0.40","","","","","legacy_only","magic","Magic: The Gathering","audited legacy RPC label; Scryfall reference present","2026-09-09 23:19:00.782149+00","2026-09-09 23:19:00.782149+00"
"chaos-0abdfc33084d4dd0988f304a17dc5e58-cbe6142f03d44b1c","Ur-Golem's Eye","2.19","2.19","","","","","legacy_only","magic","Magic: The Gathering","audited legacy RPC label; Scryfall reference present","2026-09-09 23:19:00.782149+00","2026-09-09 23:19:00.782149+00"
"chaos-0abdfc33084d4dd0988f304a17dc5e58-d21ae20be6334e60","Wee Dragonauts","0.21","0.21","","","","","legacy_only","magic","Magic: The Gathering","audited legacy RPC label; Scryfall reference present","2026-09-09 23:19:00.782149+00","2026-09-09 23:19:00.782149+00"
"chaos-0abdfc33084d4dd0988f304a17dc5e58-d3c65c0356614eb6","Korlessa, Scale Singer","0.37","0.37","","","","","legacy_only","magic","Magic: The Gathering","audited legacy RPC label; Scryfall reference present","2026-09-09 23:19:00.782149+00","2026-09-09 23:19:00.782149+00"
"chaos-0abdfc33084d4dd0988f304a17dc5e58-d75c279f2a464601","Rakdos Signet","4.11","4.11","","","","","legacy_only","magic","Magic: The Gathering","audited legacy RPC label; Scryfall reference present","2026-09-09 23:19:00.782149+00","2026-09-09 23:19:00.782149+00"
"chaos-0abdfc33084d4dd0988f304a17dc5e58-d9d828774fc64ba4","Extruder","0.25","0.25","","","","","legacy_only","magic","Magic: The Gathering","audited legacy RPC label; Scryfall reference present","2026-09-09 23:19:00.782149+00","2026-09-09 23:19:00.782149+00"
"chaos-0abdfc33084d4dd0988f304a17dc5e58-dc32548b3d874748","Stun Sniper","0.18","0.18","","","","","legacy_only","magic","Magic: The Gathering","audited legacy RPC label; Scryfall reference present","2026-09-09 23:19:00.782149+00","2026-09-09 23:19:00.782149+00"
"chaos-0abdfc33084d4dd0988f304a17dc5e58-dd8b98c1148a4863","Bituminous Blast","0.18","0.18","","","","","legacy_only","magic","Magic: The Gathering","audited legacy RPC label; Scryfall reference present","2026-09-09 23:19:00.782149+00","2026-09-09 23:19:00.782149+00"
"chaos-0abdfc33084d4dd0988f304a17dc5e58-de463de19e014881","Palladium Myr","3.38","3.38","","","","","legacy_only","magic","Magic: The Gathering","audited legacy RPC label; Scryfall reference present","2026-09-09 23:19:00.782149+00","2026-09-09 23:19:00.782149+00"
"chaos-0abdfc33084d4dd0988f304a17dc5e58-e11ebb9572574ab4","Firja, Judge of Valor","0.22","0.22","","","","","legacy_only","magic","Magic: The Gathering","audited legacy RPC label; Scryfall reference present","2026-09-09 23:19:00.782149+00","2026-09-09 23:19:00.782149+00"
"chaos-0abdfc33084d4dd0988f304a17dc5e58-e3da57fd55764e1a","Atraxa's Skitterfang","0.27","0.27","","","","","legacy_only","magic","Magic: The Gathering","audited legacy RPC label; Scryfall reference present","2026-09-09 23:19:00.782149+00","2026-09-09 23:19:00.782149+00"
"chaos-0abdfc33084d4dd0988f304a17dc5e58-e48e5a43099c4434","Patchwork Gnomes","0.28","0.28","","","","","legacy_only","magic","Magic: The Gathering","audited legacy RPC label; Scryfall reference present","2026-09-09 23:19:00.782149+00","2026-09-09 23:19:00.782149+00"
"chaos-0abdfc33084d4dd0988f304a17dc5e58-ee20735e01624b28","Covetous Urge","0.07","0.07","","","","","legacy_only","magic","Magic: The Gathering","audited legacy RPC label; Scryfall reference present","2026-09-09 23:19:00.782149+00","2026-09-09 23:19:00.782149+00"
"chaos-0abdfc33084d4dd0988f304a17dc5e58-f37ed438e6de4f57","Vectis Gloves","0.25","0.25","","","","","legacy_only","magic","Magic: The Gathering","audited legacy RPC label; Scryfall reference present","2026-09-09 23:19:00.782149+00","2026-09-09 23:19:00.782149+00"
"chaos-0abdfc33084d4dd0988f304a17dc5e58-f7efd4322f0a4ab9","Moritte of the Frost","0.23","0.23","","","","","legacy_only","magic","Magic: The Gathering","audited legacy RPC label; Scryfall reference present","2026-09-09 23:19:00.782149+00","2026-09-09 23:19:00.782149+00"
"chaos-0abdfc33084d4dd0988f304a17dc5e58-f8e5cd22295f4960","Pattern Matcher","0.20","0.20","","","","","legacy_only","magic","Magic: The Gathering","audited legacy RPC label; Scryfall reference present","2026-09-09 23:19:00.782149+00","2026-09-09 23:19:00.782149+00"
"chaos-0abdfc33084d4dd0988f304a17dc5e58-fb733324e08e4f0f","Hedron Archive","0.31","0.31","","","","","legacy_only","magic","Magic: The Gathering","audited legacy RPC label; Scryfall reference present","2026-09-09 23:19:00.782149+00","2026-09-09 23:19:00.782149+00"
"chaos-276fb96e958a416893357f56f7176eaf-09a1eb2411194330","Thallid Soothsayer","0.19","0.19","","","","","legacy_only","magic","Magic: The Gathering","audited legacy RPC label; Scryfall reference present","2026-09-12 17:59:47.296175+00","2026-09-12 17:59:47.296175+00"
"chaos-276fb96e958a416893357f56f7176eaf-0a883f63187942af","Tiana, Ship's Caretaker","0.44","0.44","","","","","legacy_only","magic","Magic: The Gathering","audited legacy RPC label; Scryfall reference present","2026-09-12 17:59:47.296175+00","2026-09-12 17:59:47.296175+00"
"chaos-276fb96e958a416893357f56f7176eaf-0ff5f47abdf0459e","Ugin's Construct","0.12","0.12","","","","","legacy_only","magic","Magic: The Gathering","audited legacy RPC label; Scryfall reference present","2026-09-12 17:59:47.296175+00","2026-09-12 17:59:47.296175+00"
"chaos-276fb96e958a416893357f56f7176eaf-26659790dd7e42cd","Millstone","0.19","0.19","","","","","legacy_only","magic","Magic: The Gathering","audited legacy RPC label; Scryfall reference present","2026-09-12 17:59:47.296175+00","2026-09-12 17:59:47.296175+00"
"chaos-276fb96e958a416893357f56f7176eaf-295fd845ef37450e","Unstable Obelisk","0.22","0.22","","","","","legacy_only","magic","Magic: The Gathering","audited legacy RPC label; Scryfall reference present","2026-09-12 17:59:47.296175+00","2026-09-12 17:59:47.296175+00"
"chaos-276fb96e958a416893357f56f7176eaf-326ba531b8b34769","Molderhulk","0.24","0.24","","","","","legacy_only","magic","Magic: The Gathering","audited legacy RPC label; Scryfall reference present","2026-09-12 17:59:47.296175+00","2026-09-12 17:59:47.296175+00"
"chaos-276fb96e958a416893357f56f7176eaf-38df491091cf4fa5","Swarm Guildmage","0.14","0.14","","","","","legacy_only","magic","Magic: The Gathering","audited legacy RPC label; Scryfall reference present","2026-09-12 17:59:47.296175+00","2026-09-12 17:59:47.296175+00"
"chaos-276fb96e958a416893357f56f7176eaf-3b48437274044765","Simic Signet","0.78","0.78","","","","","legacy_only","magic","Magic: The Gathering","audited legacy RPC label; Scryfall reference present","2026-09-12 17:59:47.296175+00","2026-09-12 17:59:47.296175+00"
"chaos-276fb96e958a416893357f56f7176eaf-3be9cda865514d8f","War Horn","0.11","0.11","","","","","legacy_only","magic","Magic: The Gathering","audited legacy RPC label; Scryfall reference present","2026-09-12 17:59:47.296175+00","2026-09-12 17:59:47.296175+00"
"chaos-276fb96e958a416893357f56f7176eaf-4399fa8d955346f8","Brawl-Bash Ogre","0.24","0.24","","","","","legacy_only","magic","Magic: The Gathering","audited legacy RPC label; Scryfall reference present","2026-09-12 17:59:47.296175+00","2026-09-12 17:59:47.296175+00"
"chaos-276fb96e958a416893357f56f7176eaf-4572147045514153","Wee Dragonauts","0.20","0.20","","","","","legacy_only","magic","Magic: The Gathering","audited legacy RPC label; Scryfall reference present","2026-09-12 17:59:47.296175+00","2026-09-12 17:59:47.296175+00"
"chaos-276fb96e958a416893357f56f7176eaf-49c76c9e955c45f5","Draconic Disciple","0.12","0.12","","","","","legacy_only","magic","Magic: The Gathering","audited legacy RPC label; Scryfall reference present","2026-09-12 17:59:47.296175+00","2026-09-12 17:59:47.296175+00"
"chaos-276fb96e958a416893357f56f7176eaf-4e8dfb21a49a46f5","Invade the City","0.15","0.15","","","","","legacy_only","magic","Magic: The Gathering","audited legacy RPC label; Scryfall reference present","2026-09-12 17:59:47.296175+00","2026-09-12 17:59:47.296175+00"
"chaos-276fb96e958a416893357f56f7176eaf-4f337a8dc0d94e58","Aerial Engineer","0.12","0.12","","","","","legacy_only","magic","Magic: The Gathering","audited legacy RPC label; Scryfall reference present","2026-09-12 17:59:47.296175+00","2026-09-12 17:59:47.296175+00"
"chaos-276fb96e958a416893357f56f7176eaf-54a44e1bd43d4b64","Juggernaut","0.17","0.17","","","","","legacy_only","magic","Magic: The Gathering","audited legacy RPC label; Scryfall reference present","2026-09-12 17:59:47.296175+00","2026-09-12 17:59:47.296175+00"
"chaos-276fb96e958a416893357f56f7176eaf-5696e19aa95f4867","Fountain of Renewal","1.34","1.34","","","","","legacy_only","magic","Magic: The Gathering","audited legacy RPC label; Scryfall reference present","2026-09-12 17:59:47.296175+00","2026-09-12 17:59:47.296175+00"
"chaos-276fb96e958a416893357f56f7176eaf-58ebd37fe8aa4803","Suspicious Bookcase","0.38","0.38","","","","","legacy_only","magic","Magic: The Gathering","audited legacy RPC label; Scryfall reference present","2026-09-12 17:59:47.296175+00","2026-09-12 17:59:47.296175+00"
"chaos-276fb96e958a416893357f56f7176eaf-5d2f24db54e2403e","Mm'menon, Uthros Exile","0.21","0.21","","","","","legacy_only","magic","Magic: The Gathering","audited legacy RPC label; Scryfall reference present","2026-09-12 17:59:47.296175+00","2026-09-12 17:59:47.296175+00"
"chaos-276fb96e958a416893357f56f7176eaf-5d7e1ccbf4014dc2","Meteor Golem","0.25","0.25","","","","","legacy_only","magic","Magic: The Gathering","audited legacy RPC label; Scryfall reference present","2026-09-12 17:59:47.296175+00","2026-09-12 17:59:47.296175+00"
"chaos-276fb96e958a416893357f56f7176eaf-5e9d4781736d4af7","Skyrider Patrol","0.11","0.11","","","","","legacy_only","magic","Magic: The Gathering","audited legacy RPC label; Scryfall reference present","2026-09-12 17:59:47.296175+00","2026-09-12 17:59:47.296175+00"
"chaos-276fb96e958a416893357f56f7176eaf-65f4693891964f6a","Captain's Maneuver","0.35","0.35","","","","","legacy_only","magic","Magic: The Gathering","audited legacy RPC label; Scryfall reference present","2026-09-12 17:59:47.296175+00","2026-09-12 17:59:47.296175+00"
"chaos-276fb96e958a416893357f56f7176eaf-6bdae5861d2f4252","Regal Bloodlord","0.39","0.39","","","","","legacy_only","magic","Magic: The Gathering","audited legacy RPC label; Scryfall reference present","2026-09-12 17:59:47.296175+00","2026-09-12 17:59:47.296175+00"
"chaos-276fb96e958a416893357f56f7176eaf-6bdb363598614ae6","Urza's Tome","0.19","0.19","","","","","legacy_only","magic","Magic: The Gathering","audited legacy RPC label; Scryfall reference present","2026-09-12 17:59:47.296175+00","2026-09-12 17:59:47.296175+00"
"chaos-276fb96e958a416893357f56f7176eaf-6c9c4b8e01274bbf","Brushfire Elemental","0.16","0.16","","","","","legacy_only","magic","Magic: The Gathering","audited legacy RPC label; Scryfall reference present","2026-09-12 17:59:47.296175+00","2026-09-12 17:59:47.296175+00"
"chaos-276fb96e958a416893357f56f7176eaf-6e2521a975074e67","Akroan Hoplite","0.09","0.09","","","","","legacy_only","magic","Magic: The Gathering","audited legacy RPC label; Scryfall reference present","2026-09-12 17:59:47.296175+00","2026-09-12 17:59:47.296175+00"
"chaos-276fb96e958a416893357f56f7176eaf-6efe414c169845ac","Sharpened Pitchfork","0.29","0.29","","","","","legacy_only","magic","Magic: The Gathering","audited legacy RPC label; Scryfall reference present","2026-09-12 17:59:47.296175+00","2026-09-12 17:59:47.296175+00"
"chaos-276fb96e958a416893357f56f7176eaf-711d57e45ec9490e","Dimir Spybug","0.21","0.21","","","","","legacy_only","magic","Magic: The Gathering","audited legacy RPC label; Scryfall reference present","2026-09-12 17:59:47.296175+00","2026-09-12 17:59:47.296175+00"
"chaos-276fb96e958a416893357f56f7176eaf-72c20151259340a1","Arcane Encyclopedia","0.16","0.16","","","","","legacy_only","magic","Magic: The Gathering","audited legacy RPC label; Scryfall reference present","2026-09-12 17:59:47.296175+00","2026-09-12 17:59:47.296175+00"
"chaos-276fb96e958a416893357f56f7176eaf-7365bb7c45054a58","Sami, Ship's Engineer","0.21","0.21","","","","","legacy_only","magic","Magic: The Gathering","audited legacy RPC label; Scryfall reference present","2026-09-12 17:59:47.296175+00","2026-09-12 17:59:47.296175+00"
"chaos-276fb96e958a416893357f56f7176eaf-74fb12ae7e2f4882","Horizon Chimera","0.19","0.19","","","","","legacy_only","magic","Magic: The Gathering","audited legacy RPC label; Scryfall reference present","2026-09-12 17:59:47.296175+00","2026-09-12 17:59:47.296175+00"
"chaos-276fb96e958a416893357f56f7176eaf-78877b766bb74271","Savage Twister","0.32","0.32","","","","","legacy_only","magic","Magic: The Gathering","audited legacy RPC label; Scryfall reference present","2026-09-12 17:59:47.296175+00","2026-09-12 17:59:47.296175+00"
"chaos-276fb96e958a416893357f56f7176eaf-78c93f3087c54c9f","Vengeful Rebirth","0.13","0.13","","","","","legacy_only","magic","Magic: The Gathering","audited legacy RPC label; Scryfall reference present","2026-09-12 17:59:47.296175+00","2026-09-12 17:59:47.296175+00"
"chaos-276fb96e958a416893357f56f7176eaf-7a9476f5c7bc4381","Goblin Boom Keg","0.07","0.07","","","","","legacy_only","magic","Magic: The Gathering","audited legacy RPC label; Scryfall reference present","2026-09-12 17:59:47.296175+00","2026-09-12 17:59:47.296175+00"
"chaos-276fb96e958a416893357f56f7176eaf-7f38fa33dd144da6","Cranial Archive","0.78","0.78","","","","","legacy_only","magic","Magic: The Gathering","audited legacy RPC label; Scryfall reference present","2026-09-12 17:59:47.296175+00","2026-09-12 17:59:47.296175+00"
"chaos-276fb96e958a416893357f56f7176eaf-83919b37c2914f12","Station Monitor","0.15","0.15","","","","","legacy_only","magic","Magic: The Gathering","audited legacy RPC label; Scryfall reference present","2026-09-12 17:59:47.296175+00","2026-09-12 17:59:47.296175+00"
"chaos-276fb96e958a416893357f56f7176eaf-83a5178592e14551","Howling Golem","0.29","0.29","","","","","legacy_only","magic","Magic: The Gathering","audited legacy RPC label; Scryfall reference present","2026-09-12 17:59:47.296175+00","2026-09-12 17:59:47.296175+00"
"chaos-276fb96e958a416893357f56f7176eaf-87237f3d8aa5426d","Heroic Reinforcements","0.16","0.16","","","","","legacy_only","magic","Magic: The Gathering","audited legacy RPC label; Scryfall reference present","2026-09-12 17:59:47.296175+00","2026-09-12 17:59:47.296175+00"
"chaos-276fb96e958a416893357f56f7176eaf-89a185a34a154c8e","Hustle // Bustle","0.11","0.11","","","","","legacy_only","magic","Magic: The Gathering","audited legacy RPC label; Scryfall reference present","2026-09-12 17:59:47.296175+00","2026-09-12 17:59:47.296175+00"
"chaos-276fb96e958a416893357f56f7176eaf-8b5c11f236ef4e01","Slimefoot, the Stowaway","0.28","0.28","","","","","legacy_only","magic","Magic: The Gathering","audited legacy RPC label; Scryfall reference present","2026-09-12 17:59:47.296175+00","2026-09-12 17:59:47.296175+00"
"chaos-276fb96e958a416893357f56f7176eaf-8f5a87be80594258","Rona, Disciple of Gix","0.34","0.34","","","","","legacy_only","magic","Magic: The Gathering","audited legacy RPC label; Scryfall reference present","2026-09-12 17:59:47.296175+00","2026-09-12 17:59:47.296175+00"
"chaos-276fb96e958a416893357f56f7176eaf-939da71cda284ef7","Trumpeting Gnarr","0.20","0.20","","","","","legacy_only","magic","Magic: The Gathering","audited legacy RPC label; Scryfall reference present","2026-09-12 17:59:47.296175+00","2026-09-12 17:59:47.296175+00"
"chaos-276fb96e958a416893357f56f7176eaf-97f7f80ea99c4c7b","Join Shields","0.23","0.23","","","","","legacy_only","magic","Magic: The Gathering","audited legacy RPC label; Scryfall reference present","2026-09-12 17:59:47.296175+00","2026-09-12 17:59:47.296175+00"
"chaos-276fb96e958a416893357f56f7176eaf-a1ae6d83430c4149","Conclave Guildmage","0.19","0.19","","","","","legacy_only","magic","Magic: The Gathering","audited legacy RPC label; Scryfall reference present","2026-09-12 17:59:47.296175+00","2026-09-12 17:59:47.296175+00"
"chaos-276fb96e958a416893357f56f7176eaf-a8901da99dd140a8","Psychic Symbiont","0.54","0.54","","","","","legacy_only","magic","Magic: The Gathering","audited legacy RPC label; Scryfall reference present","2026-09-12 17:59:47.296175+00","2026-09-12 17:59:47.296175+00"
"chaos-276fb96e958a416893357f56f7176eaf-ac132e2584894082","Gatekeeper Gargoyle","0.23","0.23","","","","","legacy_only","magic","Magic: The Gathering","audited legacy RPC label; Scryfall reference present","2026-09-12 17:59:47.296175+00","2026-09-12 17:59:47.296175+00"
"chaos-276fb96e958a416893357f56f7176eaf-ae2f08bbfdbb40f2","Legion Lieutenant","0.42","0.42","","","","","legacy_only","magic","Magic: The Gathering","audited legacy RPC label; Scryfall reference present","2026-09-12 17:59:47.296175+00","2026-09-12 17:59:47.296175+00"
"chaos-276fb96e958a416893357f56f7176eaf-b61ad41304994594","Strider Harness","0.06","0.06","","","","","legacy_only","magic","Magic: The Gathering","audited legacy RPC label; Scryfall reference present","2026-09-12 17:59:47.296175+00","2026-09-12 17:59:47.296175+00"
"chaos-276fb96e958a416893357f56f7176eaf-b7bb33d4617846c2","Parcelbeast","0.24","0.24","","","","","legacy_only","magic","Magic: The Gathering","audited legacy RPC label; Scryfall reference present","2026-09-12 17:59:47.296175+00","2026-09-12 17:59:47.296175+00"
"chaos-276fb96e958a416893357f56f7176eaf-b8f1a2f73db5462e","Garna, the Bloodflame","0.27","0.27","","","","","legacy_only","magic","Magic: The Gathering","audited legacy RPC label; Scryfall reference present","2026-09-12 17:59:47.296175+00","2026-09-12 17:59:47.296175+00"
"chaos-276fb96e958a416893357f56f7176eaf-bb31a1cabcc64200","Shield of the Realm","0.14","0.14","","","","","legacy_only","magic","Magic: The Gathering","audited legacy RPC label; Scryfall reference present","2026-09-12 17:59:47.296175+00","2026-09-12 17:59:47.296175+00"
"chaos-276fb96e958a416893357f56f7176eaf-be091fd95dcd4191","Fleetfeather Cockatrice","0.12","0.12","","","","","legacy_only","magic","Magic: The Gathering","audited legacy RPC label; Scryfall reference present","2026-09-12 17:59:47.296175+00","2026-09-12 17:59:47.296175+00"
"chaos-276fb96e958a416893357f56f7176eaf-c5b1dbfad7f648b9","League Guildmage","0.11","0.11","","","","","legacy_only","magic","Magic: The Gathering","audited legacy RPC label; Scryfall reference present","2026-09-12 17:59:47.296175+00","2026-09-12 17:59:47.296175+00"
"chaos-276fb96e958a416893357f56f7176eaf-cc44b8b1d26641ce","Restless Apparition","0.54","0.54","","","","","legacy_only","magic","Magic: The Gathering","audited legacy RPC label; Scryfall reference present","2026-09-12 17:59:47.296175+00","2026-09-12 17:59:47.296175+00"
"chaos-276fb96e958a416893357f56f7176eaf-ccbdbc46985f4148","Raff Capashen, Ship's Mage","0.25","0.25","","","","","legacy_only","magic","Magic: The Gathering","audited legacy RPC label; Scryfall reference present","2026-09-12 17:59:47.296175+00","2026-09-12 17:59:47.296175+00"
"chaos-276fb96e958a416893357f56f7176eaf-d3aff72b8f0f4019","Golgari Findbroker","0.23","0.23","","","","","legacy_only","magic","Magic: The Gathering","audited legacy RPC label; Scryfall reference present","2026-09-12 17:59:47.296175+00","2026-09-12 17:59:47.296175+00"
"chaos-276fb96e958a416893357f56f7176eaf-d919345944804d97","Diamond Mare","0.62","0.62","","","","","legacy_only","magic","Magic: The Gathering","audited legacy RPC label; Scryfall reference present","2026-09-12 17:59:47.296175+00","2026-09-12 17:59:47.296175+00"
"chaos-276fb96e958a416893357f56f7176eaf-dde88c05104a4daa","Lore Drakkis","0.26","0.26","","","","","legacy_only","magic","Magic: The Gathering","audited legacy RPC label; Scryfall reference present","2026-09-12 17:59:47.296175+00","2026-09-12 17:59:47.296175+00"
"chaos-276fb96e958a416893357f56f7176eaf-df04e7a1af6f4e47","Electrolyze","0.21","0.21","","","","","legacy_only","magic","Magic: The Gathering","audited legacy RPC label; Scryfall reference present","2026-09-12 17:59:47.296175+00","2026-09-12 17:59:47.296175+00"
"chaos-276fb96e958a416893357f56f7176eaf-dfdaedaa060c4266","Staff of the Wild Magus","0.18","0.18","","","","","legacy_only","magic","Magic: The Gathering","audited legacy RPC label; Scryfall reference present","2026-09-12 17:59:47.296175+00","2026-09-12 17:59:47.296175+00"
"chaos-276fb96e958a416893357f56f7176eaf-e407b4043cc14f3b","Enigma Drake","0.66","0.66","","","","","legacy_only","magic","Magic: The Gathering","audited legacy RPC label; Scryfall reference present","2026-09-12 17:59:47.296175+00","2026-09-12 17:59:47.296175+00"
"chaos-276fb96e958a416893357f56f7176eaf-eaf26925578e45a0","Species Gorger","0.16","0.16","","","","","legacy_only","magic","Magic: The Gathering","audited legacy RPC label; Scryfall reference present","2026-09-12 17:59:47.296175+00","2026-09-12 17:59:47.296175+00"
"chaos-276fb96e958a416893357f56f7176eaf-eb0a0e638be3414c","Icy Manipulator","0.21","0.21","","","","","legacy_only","magic","Magic: The Gathering","audited legacy RPC label; Scryfall reference present","2026-09-12 17:59:47.296175+00","2026-09-12 17:59:47.296175+00"
"chaos-276fb96e958a416893357f56f7176eaf-ef100672f7f24e2f","Amaranthine Wall","0.52","0.52","","","","","legacy_only","magic","Magic: The Gathering","audited legacy RPC label; Scryfall reference present","2026-09-12 17:59:47.296175+00","2026-09-12 17:59:47.296175+00"
"chaos-276fb96e958a416893357f56f7176eaf-f67c6bf534464b10","Izzet Guildmage","0.26","0.26","","","","","legacy_only","magic","Magic: The Gathering","audited legacy RPC label; Scryfall reference present","2026-09-12 17:59:47.296175+00","2026-09-12 17:59:47.296175+00"
"chaos-276fb96e958a416893357f56f7176eaf-fa9f46ed95cb4d21","Migratory Route","0.21","0.21","","","","","legacy_only","magic","Magic: The Gathering","audited legacy RPC label; Scryfall reference present","2026-09-12 17:59:47.296175+00","2026-09-12 17:59:47.296175+00"
"chaos-276fb96e958a416893357f56f7176eaf-fef31c983e36446c","Siren Song Lyre","0.23","0.23","","","","","legacy_only","magic","Magic: The Gathering","audited legacy RPC label; Scryfall reference present","2026-09-12 17:59:47.296175+00","2026-09-12 17:59:47.296175+00"
"chaos-29552f946fe64747ae1e427cc01ce051-0236343fa5d34af4","Waker of Waves","0.31","0.31","","","","","legacy_only","magic","Magic: The Gathering","audited legacy RPC label; Scryfall reference present","2026-09-11 18:04:43.823171+00","2026-09-11 18:04:43.823171+00"
"chaos-29552f946fe64747ae1e427cc01ce051-03300906f2934126","Threnody Singer","0.56","0.56","","","","","legacy_only","magic","Magic: The Gathering","audited legacy RPC label; Scryfall reference present","2026-09-11 18:04:43.823171+00","2026-09-11 18:04:43.823171+00"
"chaos-29552f946fe64747ae1e427cc01ce051-057858a6a8f94af2","Ray of Frost","0.10","0.10","","","","","legacy_only","magic","Magic: The Gathering","audited legacy RPC label; Scryfall reference present","2026-09-11 18:04:43.823171+00","2026-09-11 18:04:43.823171+00"
"chaos-29552f946fe64747ae1e427cc01ce051-09a0b5f6b19a4b98","Priest of Gix","0.37","0.37","","","","","legacy_only","magic","Magic: The Gathering","audited legacy RPC label; Scryfall reference present","2026-09-11 18:04:43.823171+00","2026-09-11 18:04:43.823171+00"
"chaos-29552f946fe64747ae1e427cc01ce051-12d3bb840cc2442b","Rain of Revelation","0.22","0.22","","","","","legacy_only","magic","Magic: The Gathering","audited legacy RPC label; Scryfall reference present","2026-09-11 18:04:43.823171+00","2026-09-11 18:04:43.823171+00"
"chaos-29552f946fe64747ae1e427cc01ce051-17de1ebd2f3b4f76","Angelic Benediction","0.26","0.26","","","","","legacy_only","magic","Magic: The Gathering","audited legacy RPC label; Scryfall reference present","2026-09-11 18:04:43.823171+00","2026-09-11 18:04:43.823171+00"
"chaos-29552f946fe64747ae1e427cc01ce051-202d86c79c7043e6","Scion of Glaciers","0.12","0.12","","","","","legacy_only","magic","Magic: The Gathering","audited legacy RPC label; Scryfall reference present","2026-09-11 18:04:43.823171+00","2026-09-11 18:04:43.823171+00"
"chaos-29552f946fe64747ae1e427cc01ce051-29dc9e08a07547f3","Alirios, Enraptured","0.18","0.18","","","","","legacy_only","magic","Magic: The Gathering","audited legacy RPC label; Scryfall reference present","2026-09-11 18:04:43.823171+00","2026-09-11 18:04:43.823171+00"
"chaos-29552f946fe64747ae1e427cc01ce051-2bbae31f25c1427d","Nebelgast Intruder","0.06","0.06","","","","","legacy_only","magic","Magic: The Gathering","audited legacy RPC label; Scryfall reference present","2026-09-11 18:04:43.823171+00","2026-09-11 18:04:43.823171+00"
"chaos-29552f946fe64747ae1e427cc01ce051-2ebc19763f8b4d29","Icatian Priest","0.80","0.80","","","","","legacy_only","magic","Magic: The Gathering","audited legacy RPC label; Scryfall reference present","2026-09-11 18:04:43.823171+00","2026-09-11 18:04:43.823171+00"
"chaos-29552f946fe64747ae1e427cc01ce051-301b565880e94251","Phantom General","0.68","0.68","","","","","legacy_only","magic","Magic: The Gathering","audited legacy RPC label; Scryfall reference present","2026-09-11 18:04:43.823171+00","2026-09-11 18:04:43.823171+00"
"chaos-29552f946fe64747ae1e427cc01ce051-3a8af2904bfa4ecb","Vampire Outcasts","0.11","0.11","","","","","legacy_only","magic","Magic: The Gathering","audited legacy RPC label; Scryfall reference present","2026-09-11 18:04:43.823171+00","2026-09-11 18:04:43.823171+00"
"chaos-29552f946fe64747ae1e427cc01ce051-3b0f690ab0084ded","Slinn Voda, the Rising Deep","0.37","0.37","","","","","legacy_only","magic","Magic: The Gathering","audited legacy RPC label; Scryfall reference present","2026-09-11 18:04:43.823171+00","2026-09-11 18:04:43.823171+00"
"chaos-29552f946fe64747ae1e427cc01ce051-3b1784e7cf2440e2","Marsh Casualties","0.12","0.12","","","","","legacy_only","magic","Magic: The Gathering","audited legacy RPC label; Scryfall reference present","2026-09-11 18:04:43.823171+00","2026-09-11 18:04:43.823171+00"
"chaos-29552f946fe64747ae1e427cc01ce051-3b22887a6ebb4a49","Jhessian Thief","0.13","0.13","","","","","legacy_only","magic","Magic: The Gathering","audited legacy RPC label; Scryfall reference present","2026-09-11 18:04:43.823171+00","2026-09-11 18:04:43.823171+00"
"chaos-29552f946fe64747ae1e427cc01ce051-40a6f8f76240477e","Faerie Impostor","0.28","0.28","","","","","legacy_only","magic","Magic: The Gathering","audited legacy RPC label; Scryfall reference present","2026-09-11 18:04:43.823171+00","2026-09-11 18:04:43.823171+00"
"chaos-29552f946fe64747ae1e427cc01ce051-448e6bcad4464449","Fear of Falling","0.22","0.22","","","","","legacy_only","magic","Magic: The Gathering","audited legacy RPC label; Scryfall reference present","2026-09-11 18:04:43.823171+00","2026-09-11 18:04:43.823171+00"
"chaos-29552f946fe64747ae1e427cc01ce051-47155db05a7e4041","Genju of the Fens","0.21","0.21","","","","","legacy_only","magic","Magic: The Gathering","audited legacy RPC label; Scryfall reference present","2026-09-11 18:04:43.823171+00","2026-09-11 18:04:43.823171+00"
"chaos-29552f946fe64747ae1e427cc01ce051-4773807937a749d3","Keening Banshee","0.40","0.40","","","","","legacy_only","magic","Magic: The Gathering","audited legacy RPC label; Scryfall reference present","2026-09-11 18:04:43.823171+00","2026-09-11 18:04:43.823171+00"
"chaos-29552f946fe64747ae1e427cc01ce051-544a6ee6638045aa","Otherworldly Journey","0.80","0.80","","","","","legacy_only","magic","Magic: The Gathering","audited legacy RPC label; Scryfall reference present","2026-09-11 18:04:43.823171+00","2026-09-11 18:04:43.823171+00"
"chaos-29552f946fe64747ae1e427cc01ce051-550adc83b12343d7","Skyline Predator","0.06","0.06","","","","","legacy_only","magic","Magic: The Gathering","audited legacy RPC label; Scryfall reference present","2026-09-11 18:04:43.823171+00","2026-09-11 18:04:43.823171+00"
"chaos-29552f946fe64747ae1e427cc01ce051-553708200aae4601","Affa Guard Hound","0.22","0.22","","","","","legacy_only","magic","Magic: The Gathering","audited legacy RPC label; Scryfall reference present","2026-09-11 18:04:43.823171+00","2026-09-11 18:04:43.823171+00"
"chaos-29552f946fe64747ae1e427cc01ce051-5a4e164fba0541dc","Serra's Boon","0.27","0.27","","","","","legacy_only","magic","Magic: The Gathering","audited legacy RPC label; Scryfall reference present","2026-09-11 18:04:43.823171+00","2026-09-11 18:04:43.823171+00"
"chaos-29552f946fe64747ae1e427cc01ce051-5e4aedcd7ebd4745","Mausoleum Guard","0.16","0.16","","","","","legacy_only","magic","Magic: The Gathering","audited legacy RPC label; Scryfall reference present","2026-09-11 18:04:43.823171+00","2026-09-11 18:04:43.823171+00"
"chaos-29552f946fe64747ae1e427cc01ce051-5f1bd69654854dfe","Righteous Cause","0.56","0.56","","","","","legacy_only","magic","Magic: The Gathering","audited legacy RPC label; Scryfall reference present","2026-09-11 18:04:43.823171+00","2026-09-11 18:04:43.823171+00"
"chaos-29552f946fe64747ae1e427cc01ce051-64018cd93aa4458e","Angel of Mercy","0.70","0.70","","","","","legacy_only","magic","Magic: The Gathering","audited legacy RPC label; Scryfall reference present","2026-09-11 18:04:43.823171+00","2026-09-11 18:04:43.823171+00"
"chaos-29552f946fe64747ae1e427cc01ce051-64120e321b9746ee","Callaphe, Beloved of the Sea","0.23","0.23","","","","","legacy_only","magic","Magic: The Gathering","audited legacy RPC label; Scryfall reference present","2026-09-11 18:04:43.823171+00","2026-09-11 18:04:43.823171+00"
"chaos-29552f946fe64747ae1e427cc01ce051-6cf48b943c4a4492","Nightmare Void","0.27","0.27","","","","","legacy_only","magic","Magic: The Gathering","audited legacy RPC label; Scryfall reference present","2026-09-11 18:04:43.823171+00","2026-09-11 18:04:43.823171+00"
"chaos-29552f946fe64747ae1e427cc01ce051-6f19a44095834870","Serra Advocate","0.78","0.78","","","","","legacy_only","magic","Magic: The Gathering","audited legacy RPC label; Scryfall reference present","2026-09-11 18:04:43.823171+00","2026-09-11 18:04:43.823171+00"
"chaos-29552f946fe64747ae1e427cc01ce051-724f3b1f8da44d03","Cryptic Annelid","0.70","0.70","","","","","legacy_only","magic","Magic: The Gathering","audited legacy RPC label; Scryfall reference present","2026-09-11 18:04:43.823171+00","2026-09-11 18:04:43.823171+00"
"chaos-29552f946fe64747ae1e427cc01ce051-757864374edc436e","Ghoul's Feast","0.16","0.16","","","","","legacy_only","magic","Magic: The Gathering","audited legacy RPC label; Scryfall reference present","2026-09-11 18:04:43.823171+00","2026-09-11 18:04:43.823171+00"
"chaos-29552f946fe64747ae1e427cc01ce051-76fc17acf8f14e34","Dissipate","0.22","0.22","","","","","legacy_only","magic","Magic: The Gathering","audited legacy RPC label; Scryfall reference present","2026-09-11 18:04:43.823171+00","2026-09-11 18:04:43.823171+00"
"chaos-29552f946fe64747ae1e427cc01ce051-7cdfbf34d1c64642","Urge to Feed","0.20","0.20","","","","","legacy_only","magic","Magic: The Gathering","audited legacy RPC label; Scryfall reference present","2026-09-11 18:04:43.823171+00","2026-09-11 18:04:43.823171+00"
"chaos-29552f946fe64747ae1e427cc01ce051-7edb865ed4704106","Into the Void","0.36","0.36","","","","","legacy_only","magic","Magic: The Gathering","audited legacy RPC label; Scryfall reference present","2026-09-11 18:04:43.823171+00","2026-09-11 18:04:43.823171+00"
"chaos-29552f946fe64747ae1e427cc01ce051-896c2faefdb543be","Icatian Priest","0.30","0.30","","","","","legacy_only","magic","Magic: The Gathering","audited legacy RPC label; Scryfall reference present","2026-09-11 18:04:43.823171+00","2026-09-11 18:04:43.823171+00"
"chaos-29552f946fe64747ae1e427cc01ce051-8bb3da3bf756497b","Faerie Impostor","0.20","0.20","","","","","legacy_only","magic","Magic: The Gathering","audited legacy RPC label; Scryfall reference present","2026-09-11 18:04:43.823171+00","2026-09-11 18:04:43.823171+00"
"chaos-29552f946fe64747ae1e427cc01ce051-8e3c1eb62d20469f","Fly","0.29","0.29","","","","","legacy_only","magic","Magic: The Gathering","audited legacy RPC label; Scryfall reference present","2026-09-11 18:04:43.823171+00","2026-09-11 18:04:43.823171+00"
"chaos-29552f946fe64747ae1e427cc01ce051-905aedc1aeea4a0e","Shimmerwing Chimera","0.16","0.16","","","","","legacy_only","magic","Magic: The Gathering","audited legacy RPC label; Scryfall reference present","2026-09-11 18:04:43.823171+00","2026-09-11 18:04:43.823171+00"
"chaos-29552f946fe64747ae1e427cc01ce051-955273e38fec445e","Cyclone Sire","0.10","0.10","","","","","legacy_only","magic","Magic: The Gathering","audited legacy RPC label; Scryfall reference present","2026-09-11 18:04:43.823171+00","2026-09-11 18:04:43.823171+00"
"chaos-29552f946fe64747ae1e427cc01ce051-96969a8a5d794612","Kabira Vindicator","0.26","0.26","","","","","legacy_only","magic","Magic: The Gathering","audited legacy RPC label; Scryfall reference present","2026-09-11 18:04:43.823171+00","2026-09-11 18:04:43.823171+00"
"chaos-29552f946fe64747ae1e427cc01ce051-985039931c2a4f2e","Golgari Thug","0.40","0.40","","","","","legacy_only","magic","Magic: The Gathering","audited legacy RPC label; Scryfall reference present","2026-09-11 18:04:43.823171+00","2026-09-11 18:04:43.823171+00"
"chaos-29552f946fe64747ae1e427cc01ce051-98ab8f5f426546e2","Serra's Embrace","0.46","0.46","","","","","legacy_only","magic","Magic: The Gathering","audited legacy RPC label; Scryfall reference present","2026-09-11 18:04:43.823171+00","2026-09-11 18:04:43.823171+00"
"chaos-29552f946fe64747ae1e427cc01ce051-a09614ddb72a48bf","Oni Possession","0.16","0.16","","","","","legacy_only","magic","Magic: The Gathering","audited legacy RPC label; Scryfall reference present","2026-09-11 18:04:43.823171+00","2026-09-11 18:04:43.823171+00"
"chaos-29552f946fe64747ae1e427cc01ce051-a5aa1d37b0474350","Tower Geist","0.05","0.05","","","","","legacy_only","magic","Magic: The Gathering","audited legacy RPC label; Scryfall reference present","2026-09-11 18:04:43.823171+00","2026-09-11 18:04:43.823171+00"
"chaos-29552f946fe64747ae1e427cc01ce051-b0f9c4788fd84695","Hydrolash","0.07","0.07","","","","","legacy_only","magic","Magic: The Gathering","audited legacy RPC label; Scryfall reference present","2026-09-11 18:04:43.823171+00","2026-09-11 18:04:43.823171+00"
"chaos-29552f946fe64747ae1e427cc01ce051-b4d0333f8068498c","Angelic Protector","0.33","0.33","","","","","legacy_only","magic","Magic: The Gathering","audited legacy RPC label; Scryfall reference present","2026-09-11 18:04:43.823171+00","2026-09-11 18:04:43.823171+00"
"chaos-29552f946fe64747ae1e427cc01ce051-bd23cc90205d49cf","Genju of the Falls","0.12","0.12","","","","","legacy_only","magic","Magic: The Gathering","audited legacy RPC label; Scryfall reference present","2026-09-11 18:04:43.823171+00","2026-09-11 18:04:43.823171+00"
"chaos-29552f946fe64747ae1e427cc01ce051-bd29d65f3a1d413e","Stormcloud Djinn","0.03","0.03","","","","","legacy_only","magic","Magic: The Gathering","audited legacy RPC label; Scryfall reference present","2026-09-11 18:04:43.823171+00","2026-09-11 18:04:43.823171+00"
"chaos-29552f946fe64747ae1e427cc01ce051-c1e46fd8b97946a1","Oust","0.42","0.42","","","","","legacy_only","magic","Magic: The Gathering","audited legacy RPC label; Scryfall reference present","2026-09-11 18:04:43.823171+00","2026-09-11 18:04:43.823171+00"
"chaos-29552f946fe64747ae1e427cc01ce051-c2a83a728c5d49f9","Oust","0.27","0.27","","","","","legacy_only","magic","Magic: The Gathering","audited legacy RPC label; Scryfall reference present","2026-09-11 18:04:43.823171+00","2026-09-11 18:04:43.823171+00"
"chaos-29552f946fe64747ae1e427cc01ce051-c4bc9bd40a004941","Unwilling Vessel","0.17","0.17","","","","","legacy_only","magic","Magic: The Gathering","audited legacy RPC label; Scryfall reference present","2026-09-11 18:04:43.823171+00","2026-09-11 18:04:43.823171+00"
"chaos-29552f946fe64747ae1e427cc01ce051-c75e533ac3914116","Decompose","0.24","0.24","","","","","legacy_only","magic","Magic: The Gathering","audited legacy RPC label; Scryfall reference present","2026-09-11 18:04:43.823171+00","2026-09-11 18:04:43.823171+00"
"chaos-29552f946fe64747ae1e427cc01ce051-ca50d5261d6f43f6","Sustainer of the Realm","0.70","0.70","","","","","legacy_only","magic","Magic: The Gathering","audited legacy RPC label; Scryfall reference present","2026-09-11 18:04:43.823171+00","2026-09-11 18:04:43.823171+00"
"chaos-29552f946fe64747ae1e427cc01ce051-cce8d123f5894d06","Wall of Omens","0.35","0.35","","","","","legacy_only","magic","Magic: The Gathering","audited legacy RPC label; Scryfall reference present","2026-09-11 18:04:43.823171+00","2026-09-11 18:04:43.823171+00"
"chaos-29552f946fe64747ae1e427cc01ce051-d55246749f8d4f4e","Riddleform","0.17","0.17","","","","","legacy_only","magic","Magic: The Gathering","audited legacy RPC label; Scryfall reference present","2026-09-11 18:04:43.823171+00","2026-09-11 18:04:43.823171+00"
"chaos-29552f946fe64747ae1e427cc01ce051-dae6705aabda441f","Corpse Traders","0.50","0.50","","","","","legacy_only","magic","Magic: The Gathering","audited legacy RPC label; Scryfall reference present","2026-09-11 18:04:43.823171+00","2026-09-11 18:04:43.823171+00"
"chaos-29552f946fe64747ae1e427cc01ce051-df1e462f6d96450a","Serra Angel","0.24","0.24","","","","","legacy_only","magic","Magic: The Gathering","audited legacy RPC label; Scryfall reference present","2026-09-11 18:04:43.823171+00","2026-09-11 18:04:43.823171+00"
"chaos-29552f946fe64747ae1e427cc01ce051-e152f0bedcbe4af9","Janjeet Sentry","0.07","0.07","","","","","legacy_only","magic","Magic: The Gathering","audited legacy RPC label; Scryfall reference present","2026-09-11 18:04:43.823171+00","2026-09-11 18:04:43.823171+00"
"chaos-29552f946fe64747ae1e427cc01ce051-e15a0848c0504c25","Bonded Fetch","0.30","0.30","","","","","legacy_only","magic","Magic: The Gathering","audited legacy RPC label; Scryfall reference present","2026-09-11 18:04:43.823171+00","2026-09-11 18:04:43.823171+00"
"chaos-29552f946fe64747ae1e427cc01ce051-e16071665a14453f","Vigor Mortis","0.26","0.26","","","","","legacy_only","magic","Magic: The Gathering","audited legacy RPC label; Scryfall reference present","2026-09-11 18:04:43.823171+00","2026-09-11 18:04:43.823171+00"
"chaos-29552f946fe64747ae1e427cc01ce051-e9cfa139f30e4e13","Revenant Patriarch","0.13","0.13","","","","","legacy_only","magic","Magic: The Gathering","audited legacy RPC label; Scryfall reference present","2026-09-11 18:04:43.823171+00","2026-09-11 18:04:43.823171+00"
"chaos-29552f946fe64747ae1e427cc01ce051-eb79f34d05f34b6f","Shoal Kraken","0.33","0.33","","","","","legacy_only","magic","Magic: The Gathering","audited legacy RPC label; Scryfall reference present","2026-09-11 18:04:43.823171+00","2026-09-11 18:04:43.823171+00"
"chaos-29552f946fe64747ae1e427cc01ce051-ed9481faa4ba4e73","Soulsworn Spirit","0.14","0.14","","","","","legacy_only","magic","Magic: The Gathering","audited legacy RPC label; Scryfall reference present","2026-09-11 18:04:43.823171+00","2026-09-11 18:04:43.823171+00"
"chaos-29552f946fe64747ae1e427cc01ce051-f13a17ed68034ea1","Nekrataal","0.52","0.52","","","","","legacy_only","magic","Magic: The Gathering","audited legacy RPC label; Scryfall reference present","2026-09-11 18:04:43.823171+00","2026-09-11 18:04:43.823171+00"
"chaos-29552f946fe64747ae1e427cc01ce051-fda60cd5175c4e4e","Sengir Vampire","0.07","0.07","","","","","legacy_only","magic","Magic: The Gathering","audited legacy RPC label; Scryfall reference present","2026-09-11 18:04:43.823171+00","2026-09-11 18:04:43.823171+00"
"chaos-29552f946fe64747ae1e427cc01ce051-fdb02237a9994764","Paranormal Analyst","0.58","0.58","","","","","legacy_only","magic","Magic: The Gathering","audited legacy RPC label; Scryfall reference present","2026-09-11 18:04:43.823171+00","2026-09-11 18:04:43.823171+00"
"chaos-29552f946fe64747ae1e427cc01ce051-fdb0edefd7594d50","Plagued Rusalka","0.06","0.06","","","","","legacy_only","magic","Magic: The Gathering","audited legacy RPC label; Scryfall reference present","2026-09-11 18:04:43.823171+00","2026-09-11 18:04:43.823171+00"
"chaos-29552f946fe64747ae1e427cc01ce051-ff1f00663b9b459e","Enthralling Hold","0.12","0.12","","","","","legacy_only","magic","Magic: The Gathering","audited legacy RPC label; Scryfall reference present","2026-09-11 18:04:43.823171+00","2026-09-11 18:04:43.823171+00"
"chaos-29552f946fe64747ae1e427cc01ce051-ff7a49faa117476e","Tavern Swindler","0.18","0.18","","","","","legacy_only","magic","Magic: The Gathering","audited legacy RPC label; Scryfall reference present","2026-09-11 18:04:43.823171+00","2026-09-11 18:04:43.823171+00"
"chaos-37534979799c46b38534a50e22083540-018a1b004a7b43e7","Trystan, Callous Cultivator // Trystan, Penitent Culler","0.31","0.31","","","","","legacy_only","magic","Magic: The Gathering","audited legacy RPC label; Scryfall reference present","2026-09-16 17:59:31.085065+00","2026-09-16 17:59:31.085065+00"
"chaos-37534979799c46b38534a50e22083540-021f18d171934333","Leonardo's Technique","0.33","0.33","","","","","legacy_only","magic","Magic: The Gathering","audited legacy RPC label; Scryfall reference present","2026-09-16 17:59:31.085065+00","2026-09-16 17:59:31.085065+00"
"chaos-37534979799c46b38534a50e22083540-0332ecac31b8430c","Zaffai and the Tempests","0.23","0.23","","","","","legacy_only","magic","Magic: The Gathering","audited legacy RPC label; Scryfall reference present","2026-09-16 17:59:31.085065+00","2026-09-16 17:59:31.085065+00"
"chaos-37534979799c46b38534a50e22083540-043fe29bf955403a","Lady Octopus, Inspired Inventor","0.76","0.76","","","","","legacy_only","magic","Magic: The Gathering","audited legacy RPC label; Scryfall reference present","2026-09-16 17:59:31.085065+00","2026-09-16 17:59:31.085065+00"
"chaos-37534979799c46b38534a50e22083540-08819539c6304721","Fix What's Broken","0.72","0.72","","","","","legacy_only","magic","Magic: The Gathering","audited legacy RPC label; Scryfall reference present","2026-09-16 17:59:31.085065+00","2026-09-16 17:59:31.085065+00"
"chaos-37534979799c46b38534a50e22083540-09cb12950c1042ce","Iridescent Vinelasher","1.92","1.92","","","","","legacy_only","magic","Magic: The Gathering","audited legacy RPC label; Scryfall reference present","2026-09-16 17:59:31.085065+00","2026-09-16 17:59:31.085065+00"
"chaos-37534979799c46b38534a50e22083540-1c525664d2a347f9","Radioactive Spider","0.57","0.57","","","","","legacy_only","magic","Magic: The Gathering","audited legacy RPC label; Scryfall reference present","2026-09-16 17:59:31.085065+00","2026-09-16 17:59:31.085065+00"
"chaos-37534979799c46b38534a50e22083540-219837cdd7b54560","Level Up","2.65","2.65","","","","","legacy_only","magic","Magic: The Gathering","audited legacy RPC label; Scryfall reference present","2026-09-16 17:59:31.085065+00","2026-09-16 17:59:31.085065+00"
"chaos-37534979799c46b38534a50e22083540-21fd46a6928c4130","Improvised Arsenal","0.65","0.65","","","","","legacy_only","magic","Magic: The Gathering","audited legacy RPC label; Scryfall reference present","2026-09-16 17:59:31.085065+00","2026-09-16 17:59:31.085065+00"
"chaos-37534979799c46b38534a50e22083540-25b367f47cab4322","Casey Jones, Vigilante","0.80","0.80","","","","","legacy_only","magic","Magic: The Gathering","audited legacy RPC label; Scryfall reference present","2026-09-16 17:59:31.085065+00","2026-09-16 17:59:31.085065+00"
"chaos-37534979799c46b38534a50e22083540-2f91e19f25db4794","Splatter Technique","0.28","0.28","","","","","legacy_only","magic","Magic: The Gathering","audited legacy RPC label; Scryfall reference present","2026-09-16 17:59:31.085065+00","2026-09-16 17:59:31.085065+00"
"chaos-37534979799c46b38534a50e22083540-33342724e54343ef","Raph & Leo, Sibling Rivals","0.69","0.69","","","","","legacy_only","magic","Magic: The Gathering","audited legacy RPC label; Scryfall reference present","2026-09-16 17:59:31.085065+00","2026-09-16 17:59:31.085065+00"
"chaos-37534979799c46b38534a50e22083540-33f9ad321ce346ec","Worlds Within Worlds","0.18","0.18","","","","","legacy_only","magic","Magic: The Gathering","audited legacy RPC label; Scryfall reference present","2026-09-16 17:59:31.085065+00","2026-09-16 17:59:31.085065+00"
"chaos-37534979799c46b38534a50e22083540-3c5e0423e3ba4059","Michelangelo's Technique","0.68","0.68","","","","","legacy_only","magic","Magic: The Gathering","audited legacy RPC label; Scryfall reference present","2026-09-16 17:59:31.085065+00","2026-09-16 17:59:31.085065+00"
"chaos-37534979799c46b38534a50e22083540-4e24b3e53e494279","Don & Raph, Hard Science","0.58","0.58","","","","","legacy_only","magic","Magic: The Gathering","audited legacy RPC label; Scryfall reference present","2026-09-16 17:59:31.085065+00","2026-09-16 17:59:31.085065+00"
"chaos-37534979799c46b38534a50e22083540-54c662a092424cce","Origin of Spider-Man","0.62","0.62","","","","","legacy_only","magic","Magic: The Gathering","audited legacy RPC label; Scryfall reference present","2026-09-16 17:59:31.085065+00","2026-09-16 17:59:31.085065+00"
"chaos-37534979799c46b38534a50e22083540-6503e0edea484ef1","Bebop & Rocksteady","0.33","0.33","","","","","legacy_only","magic","Magic: The Gathering","audited legacy RPC label; Scryfall reference present","2026-09-16 17:59:31.085065+00","2026-09-16 17:59:31.085065+00"
"chaos-37534979799c46b38534a50e22083540-6505f14750c1483b","Turtle Power!","0.82","0.82","","","","","legacy_only","magic","Magic: The Gathering","audited legacy RPC label; Scryfall reference present","2026-09-16 17:59:31.085065+00","2026-09-16 17:59:31.085065+00"
"chaos-37534979799c46b38534a50e22083540-650dc7f5cc294aaa","Ravenous Robots","1.83","1.83","","","","","legacy_only","magic","Magic: The Gathering","audited legacy RPC label; Scryfall reference present","2026-09-16 17:59:31.085065+00","2026-09-16 17:59:31.085065+00"
"chaos-37534979799c46b38534a50e22083540-67de045f234c4560","Shark Shredder, Killer Clone","1.44","1.44","","","","","legacy_only","magic","Magic: The Gathering","audited legacy RPC label; Scryfall reference present","2026-09-16 17:59:31.085065+00","2026-09-16 17:59:31.085065+00"
"chaos-37534979799c46b38534a50e22083540-69e3527e3ecb4220","Kinbinding","0.36","0.36","","","","","legacy_only","magic","Magic: The Gathering","audited legacy RPC label; Scryfall reference present","2026-09-16 17:59:31.085065+00","2026-09-16 17:59:31.085065+00"
"chaos-37534979799c46b38534a50e22083540-719a42e68add43d8","Colorstorm Stallion","0.41","0.41","","","","","legacy_only","magic","Magic: The Gathering","audited legacy RPC label; Scryfall reference present","2026-09-16 17:59:31.085065+00","2026-09-16 17:59:31.085065+00"
"chaos-37534979799c46b38534a50e22083540-74f57bf5f33b4e10","Agent Bishop, Man in Black","0.68","0.68","","","","","legacy_only","magic","Magic: The Gathering","audited legacy RPC label; Scryfall reference present","2026-09-16 17:59:31.085065+00","2026-09-16 17:59:31.085065+00"
"chaos-37534979799c46b38534a50e22083540-80cf4aa3ec994f8c","Big Apple, 3 a.m.","0.36","0.36","","","","","legacy_only","magic","Magic: The Gathering","audited legacy RPC label; Scryfall reference present","2026-09-16 17:59:31.085065+00","2026-09-16 17:59:31.085065+00"
"chaos-37534979799c46b38534a50e22083540-829caa2bf46e466d","Krang & Shredder","0.39","0.39","","","","","legacy_only","magic","Magic: The Gathering","audited legacy RPC label; Scryfall reference present","2026-09-16 17:59:31.085065+00","2026-09-16 17:59:31.085065+00"
"chaos-37534979799c46b38534a50e22083540-85e8dc79966a4dbb","Mistbreath Elder","0.34","0.34","","","","","legacy_only","magic","Magic: The Gathering","audited legacy RPC label; Scryfall reference present","2026-09-16 17:59:31.085065+00","2026-09-16 17:59:31.085065+00"
"chaos-37534979799c46b38534a50e22083540-86952eaf73af4e47","Madame Null, Power Broker","0.35","0.35","","","","","legacy_only","magic","Magic: The Gathering","audited legacy RPC label; Scryfall reference present","2026-09-16 17:59:31.085065+00","2026-09-16 17:59:31.085065+00"
"chaos-37534979799c46b38534a50e22083540-8b656d4ad2444612","Vastlands Scavenger // Bind to Life","0.47","0.47","","","","","legacy_only","magic","Magic: The Gathering","audited legacy RPC label; Scryfall reference present","2026-09-16 17:59:31.085065+00","2026-09-16 17:59:31.085065+00"
"chaos-37534979799c46b38534a50e22083540-90723e1ed19249db","Raphael's Technique","0.34","0.34","","","","","legacy_only","magic","Magic: The Gathering","audited legacy RPC label; Scryfall reference present","2026-09-16 17:59:31.085065+00","2026-09-16 17:59:31.085065+00"
"chaos-37534979799c46b38534a50e22083540-90744648c4414d81","Resonating Lute","1.22","1.22","","","","","legacy_only","magic","Magic: The Gathering","audited legacy RPC label; Scryfall reference present","2026-09-16 17:59:31.085065+00","2026-09-16 17:59:31.085065+00"
"chaos-37534979799c46b38534a50e22083540-950e8bc012174eea","Ark of Hunger","0.35","0.35","","","","","legacy_only","magic","Magic: The Gathering","audited legacy RPC label; Scryfall reference present","2026-09-16 17:59:31.085065+00","2026-09-16 17:59:31.085065+00"
"chaos-37534979799c46b38534a50e22083540-97704019e2a6429b","Northampton Farm","0.30","0.30","","","","","legacy_only","magic","Magic: The Gathering","audited legacy RPC label; Scryfall reference present","2026-09-16 17:59:31.085065+00","2026-09-16 17:59:31.085065+00"
"chaos-37534979799c46b38534a50e22083540-97dc9ea328bc462a","Transdimensional Bovine","0.33","0.33","","","","","legacy_only","magic","Magic: The Gathering","audited legacy RPC label; Scryfall reference present","2026-09-16 17:59:31.085065+00","2026-09-16 17:59:31.085065+00"
"chaos-37534979799c46b38534a50e22083540-9f9b9ab69a674f7b","Wisdom of Ages","0.36","0.36","","","","","legacy_only","magic","Magic: The Gathering","audited legacy RPC label; Scryfall reference present","2026-09-16 17:59:31.085065+00","2026-09-16 17:59:31.085065+00"
"chaos-37534979799c46b38534a50e22083540-a166f0a63dbf4103","Arachne, Psionic Weaver","0.60","0.60","","","","","legacy_only","magic","Magic: The Gathering","audited legacy RPC label; Scryfall reference present","2026-09-16 17:59:31.085065+00","2026-09-16 17:59:31.085065+00"
"chaos-37534979799c46b38534a50e22083540-a4f57a7768df4f8c","Leader's Talent","1.36","1.36","","","","","legacy_only","magic","Magic: The Gathering","audited legacy RPC label; Scryfall reference present","2026-09-16 17:59:31.085065+00","2026-09-16 17:59:31.085065+00"
"chaos-37534979799c46b38534a50e22083540-aa4ac8a8235b4042","Prehistoric Pet","0.28","0.28","","","","","legacy_only","magic","Magic: The Gathering","audited legacy RPC label; Scryfall reference present","2026-09-16 17:59:31.085065+00","2026-09-16 17:59:31.085065+00"
"chaos-37534979799c46b38534a50e22083540-b10b272e629c4b98","Turtles Forever","0.76","0.76","","","","","legacy_only","magic","Magic: The Gathering","audited legacy RPC label; Scryfall reference present","2026-09-16 17:59:31.085065+00","2026-09-16 17:59:31.085065+00"
"chaos-37534979799c46b38534a50e22083540-b1876a18ce264262","Black Cat, Cunning Thief","0.41","0.41","","","","","legacy_only","magic","Magic: The Gathering","audited legacy RPC label; Scryfall reference present","2026-09-16 17:59:31.085065+00","2026-09-16 17:59:31.085065+00"
"chaos-37534979799c46b38534a50e22083540-b7198bb935854968","The Super Hero Civil War","0.24","0.24","","","","","legacy_only","magic","Magic: The Gathering","audited legacy RPC label; Scryfall reference present","2026-09-16 17:59:31.085065+00","2026-09-16 17:59:31.085065+00"
"chaos-37534979799c46b38534a50e22083540-b8d7ae43243943a1","April O'Neil, Hacktivist","0.39","0.39","","","","","legacy_only","magic","Magic: The Gathering","audited legacy RPC label; Scryfall reference present","2026-09-16 17:59:31.085065+00","2026-09-16 17:59:31.085065+00"
"chaos-37534979799c46b38534a50e22083540-c3da438cfdec4a92","Sally Pride, Lioness Leader","1.11","1.11","","","","","legacy_only","magic","Magic: The Gathering","audited legacy RPC label; Scryfall reference present","2026-09-16 17:59:31.085065+00","2026-09-16 17:59:31.085065+00"
"chaos-37534979799c46b38534a50e22083540-c5a9f9135067446e","Turtle Power!","0.33","0.33","","","","","legacy_only","magic","Magic: The Gathering","audited legacy RPC label; Scryfall reference present","2026-09-16 17:59:31.085065+00","2026-09-16 17:59:31.085065+00"
"chaos-37534979799c46b38534a50e22083540-c67b94d457394deb","Savanti Romero, Time's Exile","0.27","0.27","","","","","legacy_only","magic","Magic: The Gathering","audited legacy RPC label; Scryfall reference present","2026-09-16 17:59:31.085065+00","2026-09-16 17:59:31.085065+00"
"chaos-37534979799c46b38534a50e22083540-d3776a260b894e44","Tokka & Rahzar, Terrible Twos","0.34","0.34","","","","","legacy_only","magic","Magic: The Gathering","audited legacy RPC label; Scryfall reference present","2026-09-16 17:59:31.085065+00","2026-09-16 17:59:31.085065+00"
"chaos-37534979799c46b38534a50e22083540-d42bd8ea90114f40","Oscorp Industries","1.04","1.04","","","","","legacy_only","magic","Magic: The Gathering","audited legacy RPC label; Scryfall reference present","2026-09-16 17:59:31.085065+00","2026-09-16 17:59:31.085065+00"
"chaos-37534979799c46b38534a50e22083540-d5a2130f6ec74bf1","Groundchuck & Dirtbag","0.89","0.89","","","","","legacy_only","magic","Magic: The Gathering","audited legacy RPC label; Scryfall reference present","2026-09-16 17:59:31.085065+00","2026-09-16 17:59:31.085065+00"
"chaos-37534979799c46b38534a50e22083540-d74957f431a14044","Party Dude","0.76","0.76","","","","","legacy_only","magic","Magic: The Gathering","audited legacy RPC label; Scryfall reference present","2026-09-16 17:59:31.085065+00","2026-09-16 17:59:31.085065+00"
"chaos-37534979799c46b38534a50e22083540-d8d820dc42944c5b","Slash, Reptile Rampager","0.96","0.96","","","","","legacy_only","magic","Magic: The Gathering","audited legacy RPC label; Scryfall reference present","2026-09-16 17:59:31.085065+00","2026-09-16 17:59:31.085065+00"
"chaos-37534979799c46b38534a50e22083540-da631d98750448fb","Layla Hassan","0.35","0.35","","","","","legacy_only","magic","Magic: The Gathering","audited legacy RPC label; Scryfall reference present","2026-09-16 17:59:31.085065+00","2026-09-16 17:59:31.085065+00"
"chaos-37534979799c46b38534a50e22083540-db1e0536c4ff46cf","Raphael, the Nightwatcher","0.86","0.86","","","","","legacy_only","magic","Magic: The Gathering","audited legacy RPC label; Scryfall reference present","2026-09-16 17:59:31.085065+00","2026-09-16 17:59:31.085065+00"
"chaos-37534979799c46b38534a50e22083540-dbb3cb97e26746e9","Leonardo, Worldly Warrior","0.45","0.45","","","","","legacy_only","magic","Magic: The Gathering","audited legacy RPC label; Scryfall reference present","2026-09-16 17:59:31.085065+00","2026-09-16 17:59:31.085065+00"
"chaos-37534979799c46b38534a50e22083540-dca32b84f04b4746","Applied Geometry","0.31","0.31","","","","","legacy_only","magic","Magic: The Gathering","audited legacy RPC label; Scryfall reference present","2026-09-16 17:59:31.085065+00","2026-09-16 17:59:31.085065+00"
"chaos-37534979799c46b38534a50e22083540-dd075f9b7f994f54","Sokka, Tenacious Tactician","0.61","0.61","","","","","legacy_only","magic","Magic: The Gathering","audited legacy RPC label; Scryfall reference present","2026-09-16 17:59:31.085065+00","2026-09-16 17:59:31.085065+00"
"chaos-37534979799c46b38534a50e22083540-e3fb79eb49e14757","Mikey & Leo, Chaos & Order","1.37","1.37","","","","","legacy_only","magic","Magic: The Gathering","audited legacy RPC label; Scryfall reference present","2026-09-16 17:59:31.085065+00","2026-09-16 17:59:31.085065+00"
"chaos-37534979799c46b38534a50e22083540-e412890cd6f54042","Aziza, Mage Tower Captain","0.62","0.62","","","","","legacy_only","magic","Magic: The Gathering","audited legacy RPC label; Scryfall reference present","2026-09-16 17:59:31.085065+00","2026-09-16 17:59:31.085065+00"
"chaos-37534979799c46b38534a50e22083540-e565a6ee034741af","Kraven the Hunter","0.28","0.28","","","","","legacy_only","magic","Magic: The Gathering","audited legacy RPC label; Scryfall reference present","2026-09-16 17:59:31.085065+00","2026-09-16 17:59:31.085065+00"
"chaos-37534979799c46b38534a50e22083540-e66bf11d24e0426b","Avatar Destiny","0.25","0.25","","","","","legacy_only","magic","Magic: The Gathering","audited legacy RPC label; Scryfall reference present","2026-09-16 17:59:31.085065+00","2026-09-16 17:59:31.085065+00"
"chaos-37534979799c46b38534a50e22083540-e83ace1e32dd4bc7","Vren, the Relentless","0.41","0.41","","","","","legacy_only","magic","Magic: The Gathering","audited legacy RPC label; Scryfall reference present","2026-09-16 17:59:31.085065+00","2026-09-16 17:59:31.085065+00"
"chaos-37534979799c46b38534a50e22083540-e93b1b5adcf74034","The Ooze","4.66","4.66","","","","","legacy_only","magic","Magic: The Gathering","audited legacy RPC label; Scryfall reference present","2026-09-16 17:59:31.085065+00","2026-09-16 17:59:31.085065+00"
"chaos-37534979799c46b38534a50e22083540-eb82fea1093942ba","Return to the Ranks","0.35","0.35","","","","","legacy_only","magic","Magic: The Gathering","audited legacy RPC label; Scryfall reference present","2026-09-16 17:59:31.085065+00","2026-09-16 17:59:31.085065+00"
"chaos-37534979799c46b38534a50e22083540-edddbd22bf8844ab","Sokrates, Athenian Teacher","1.02","1.02","","","","","legacy_only","magic","Magic: The Gathering","audited legacy RPC label; Scryfall reference present","2026-09-16 17:59:31.085065+00","2026-09-16 17:59:31.085065+00"
"chaos-37534979799c46b38534a50e22083540-ef0bd679ea24473e","Jadzi, Steward of Fate // Oracle's Gift","0.25","0.25","","","","","legacy_only","magic","Magic: The Gathering","audited legacy RPC label; Scryfall reference present","2026-09-16 17:59:31.085065+00","2026-09-16 17:59:31.085065+00"
"chaos-37534979799c46b38534a50e22083540-f2b36e9429cd4803","Splinter, Aging Champion","1.05","1.05","","","","","legacy_only","magic","Magic: The Gathering","audited legacy RPC label; Scryfall reference present","2026-09-16 17:59:31.085065+00","2026-09-16 17:59:31.085065+00"
"chaos-37534979799c46b38534a50e22083540-f55770990fe1494a","Does Machines","1.38","1.38","","","","","legacy_only","magic","Magic: The Gathering","audited legacy RPC label; Scryfall reference present","2026-09-16 17:59:31.085065+00","2026-09-16 17:59:31.085065+00"
"chaos-37534979799c46b38534a50e22083540-f5e0c77d3dee427e","Kitsune's Technique","1.08","1.08","","","","","legacy_only","magic","Magic: The Gathering","audited legacy RPC label; Scryfall reference present","2026-09-16 17:59:31.085065+00","2026-09-16 17:59:31.085065+00"
"chaos-37534979799c46b38534a50e22083540-f83b276a37ca402e","Splinter, Radical Rat","1.10","1.10","","","","","legacy_only","magic","Magic: The Gathering","audited legacy RPC label; Scryfall reference present","2026-09-16 17:59:31.085065+00","2026-09-16 17:59:31.085065+00"
"chaos-37534979799c46b38534a50e22083540-fbb8760e7cb34e09","Irma, Part-Time Mutant","4.76","4.76","","","","","legacy_only","magic","Magic: The Gathering","audited legacy RPC label; Scryfall reference present","2026-09-16 17:59:31.085065+00","2026-09-16 17:59:31.085065+00"
"chaos-37534979799c46b38534a50e22083540-fbf56195269c4cac","Renet, Temporal Apprentice","0.58","0.58","","","","","legacy_only","magic","Magic: The Gathering","audited legacy RPC label; Scryfall reference present","2026-09-16 17:59:31.085065+00","2026-09-16 17:59:31.085065+00"
"chaos-3995102bbeb4450dbd3171836055c969-13792940f0ed4b50","Shark Shredder, Killer Clone","1.05","1.05","","","","","legacy_only","magic","Magic: The Gathering","audited legacy RPC label; Scryfall reference present","2026-09-16 18:16:44.877878+00","2026-09-16 18:16:44.877878+00"
"chaos-3995102bbeb4450dbd3171836055c969-1d1b328c655c468c","Donatello, Gadget Master","1.67","1.67","","","","","legacy_only","magic","Magic: The Gathering","audited legacy RPC label; Scryfall reference present","2026-09-16 18:16:44.877878+00","2026-09-16 18:16:44.877878+00"
"chaos-3995102bbeb4450dbd3171836055c969-203d662e54b3421b","Does Machines","0.92","0.92","","","","","legacy_only","magic","Magic: The Gathering","audited legacy RPC label; Scryfall reference present","2026-09-16 18:16:44.877878+00","2026-09-16 18:16:44.877878+00"
"chaos-3995102bbeb4450dbd3171836055c969-2df338424aa64679","Turtle Power!","0.33","0.33","","","","","legacy_only","magic","Magic: The Gathering","audited legacy RPC label; Scryfall reference present","2026-09-16 18:16:44.877878+00","2026-09-16 18:16:44.877878+00"
"chaos-3995102bbeb4450dbd3171836055c969-32f48d96f3ec469f","Fecund Greenshell","0.69","0.69","","","","","legacy_only","magic","Magic: The Gathering","audited legacy RPC label; Scryfall reference present","2026-09-16 18:16:44.877878+00","2026-09-16 18:16:44.877878+00"
"chaos-3995102bbeb4450dbd3171836055c969-36195e758a054935","Donatello, Gadget Master","0.51","0.51","","","","","legacy_only","magic","Magic: The Gathering","audited legacy RPC label; Scryfall reference present","2026-09-16 18:16:44.877878+00","2026-09-16 18:16:44.877878+00"
"chaos-3995102bbeb4450dbd3171836055c969-41762372f39c4ec6","Clement, the Worrywort","0.37","0.37","","","","","legacy_only","magic","Magic: The Gathering","audited legacy RPC label; Scryfall reference present","2026-09-16 18:16:44.877878+00","2026-09-16 18:16:44.877878+00"
"chaos-3995102bbeb4450dbd3171836055c969-450cf9cd19e24ed0","Raiding Schemes","0.27","0.27","","","","","legacy_only","magic","Magic: The Gathering","audited legacy RPC label; Scryfall reference present","2026-09-16 18:16:44.877878+00","2026-09-16 18:16:44.877878+00"
"chaos-3995102bbeb4450dbd3171836055c969-4893059e1a574bfe","Wishing Well","0.27","0.27","","","","","legacy_only","magic","Magic: The Gathering","audited legacy RPC label; Scryfall reference present","2026-09-16 18:16:44.877878+00","2026-09-16 18:16:44.877878+00"
"chaos-3995102bbeb4450dbd3171836055c969-50d67eb8d4b24d50","Transdimensional Bovine","0.33","0.33","","","","","legacy_only","magic","Magic: The Gathering","audited legacy RPC label; Scryfall reference present","2026-09-16 18:16:44.877878+00","2026-09-16 18:16:44.877878+00"
"chaos-3995102bbeb4450dbd3171836055c969-529c7240d437478d","Shark Shredder, Killer Clone","0.00","0.00","","","","","legacy_only","magic","Magic: The Gathering","audited legacy RPC label; Scryfall reference present","2026-09-16 18:16:44.877878+00","2026-09-16 18:16:44.877878+00"
"chaos-3995102bbeb4450dbd3171836055c969-60ef07f1a3834f5c","Kitsune, Dragon's Daughter","0.29","0.29","","","","","legacy_only","magic","Magic: The Gathering","audited legacy RPC label; Scryfall reference present","2026-09-16 18:16:44.877878+00","2026-09-16 18:16:44.877878+00"
"chaos-3995102bbeb4450dbd3171836055c969-6e3f360a0f5149e9","S.H.I.E.L.D. Flying Car","0.23","0.23","","","","","legacy_only","magic","Magic: The Gathering","audited legacy RPC label; Scryfall reference present","2026-09-16 18:16:44.877878+00","2026-09-16 18:16:44.877878+00"
"chaos-3995102bbeb4450dbd3171836055c969-70f8c3b00da0470f","Geometer's Arthropod","0.30","0.30","","","","","legacy_only","magic","Magic: The Gathering","audited legacy RPC label; Scryfall reference present","2026-09-16 18:16:44.877878+00","2026-09-16 18:16:44.877878+00"
"chaos-3995102bbeb4450dbd3171836055c969-73ea095e33cb480c","The Cloning of Shredder","0.84","0.84","","","","","legacy_only","magic","Magic: The Gathering","audited legacy RPC label; Scryfall reference present","2026-09-16 18:16:44.877878+00","2026-09-16 18:16:44.877878+00"
"chaos-3995102bbeb4450dbd3171836055c969-76fd3eefa01d45a9","Slash, Reptile Rampager","0.96","0.96","","","","","legacy_only","magic","Magic: The Gathering","audited legacy RPC label; Scryfall reference present","2026-09-16 18:16:44.877878+00","2026-09-16 18:16:44.877878+00"
"chaos-3995102bbeb4450dbd3171836055c969-7bca978a8cba4fe7","Prehistoric Pet","0.28","0.28","","","","","legacy_only","magic","Magic: The Gathering","audited legacy RPC label; Scryfall reference present","2026-09-16 18:16:44.877878+00","2026-09-16 18:16:44.877878+00"
"chaos-3995102bbeb4450dbd3171836055c969-8018237a463c4478","Evie Frye","0.36","0.36","","","","","legacy_only","magic","Magic: The Gathering","audited legacy RPC label; Scryfall reference present","2026-09-16 18:16:44.877878+00","2026-09-16 18:16:44.877878+00"
"chaos-3995102bbeb4450dbd3171836055c969-8fb4a7bd9d1648d9","Layla Hassan","0.35","0.35","","","","","legacy_only","magic","Magic: The Gathering","audited legacy RPC label; Scryfall reference present","2026-09-16 18:16:44.877878+00","2026-09-16 18:16:44.877878+00"
"chaos-3995102bbeb4450dbd3171836055c969-9c1e40958fcf4660","Great Divide Guide","0.98","0.98","","","","","legacy_only","magic","Magic: The Gathering","audited legacy RPC label; Scryfall reference present","2026-09-16 18:16:44.877878+00","2026-09-16 18:16:44.877878+00"
"chaos-3995102bbeb4450dbd3171836055c969-a6590686d4c5486a","Spirit Water Revival","0.98","0.98","","","","","legacy_only","magic","Magic: The Gathering","audited legacy RPC label; Scryfall reference present","2026-09-16 18:16:44.877878+00","2026-09-16 18:16:44.877878+00"
"chaos-3995102bbeb4450dbd3171836055c969-c243ca3319dd4aa0","Armaggon, Future Shark","0.41","0.41","","","","","legacy_only","magic","Magic: The Gathering","audited legacy RPC label; Scryfall reference present","2026-09-16 18:16:44.877878+00","2026-09-16 18:16:44.877878+00"
"chaos-3995102bbeb4450dbd3171836055c969-ca4eed6d3bf54680","Choreographed Sparks","0.35","0.35","","","","","legacy_only","magic","Magic: The Gathering","audited legacy RPC label; Scryfall reference present","2026-09-16 18:16:44.877878+00","2026-09-16 18:16:44.877878+00"
"chaos-3995102bbeb4450dbd3171836055c969-d28808d4c7bb4d3a","Bristlebane Battler","0.28","0.28","","","","","legacy_only","magic","Magic: The Gathering","audited legacy RPC label; Scryfall reference present","2026-09-16 18:16:44.877878+00","2026-09-16 18:16:44.877878+00"
"chaos-3995102bbeb4450dbd3171836055c969-d5cd836e691643ef","Armaggon, Future Shark","1.75","1.75","","","","","legacy_only","magic","Magic: The Gathering","audited legacy RPC label; Scryfall reference present","2026-09-16 18:16:44.877878+00","2026-09-16 18:16:44.877878+00"
"chaos-3995102bbeb4450dbd3171836055c969-db9f8fe7afa24433","Postmortem Professor","0.24","0.24","","","","","legacy_only","magic","Magic: The Gathering","audited legacy RPC label; Scryfall reference present","2026-09-16 18:16:44.877878+00","2026-09-16 18:16:44.877878+00"
"chaos-3995102bbeb4450dbd3171836055c969-e13bbfb6ef2a4a5d","Sally Pride, Lioness Leader","0.51","0.51","","","","","legacy_only","magic","Magic: The Gathering","audited legacy RPC label; Scryfall reference present","2026-09-16 18:16:44.877878+00","2026-09-16 18:16:44.877878+00"
"chaos-3995102bbeb4450dbd3171836055c969-ea513b6a3e5d4fde","Party Dude","0.38","0.38","","","","","legacy_only","magic","Magic: The Gathering","audited legacy RPC label; Scryfall reference present","2026-09-16 18:16:44.877878+00","2026-09-16 18:16:44.877878+00"
"chaos-3995102bbeb4450dbd3171836055c969-ef3e6a302e054cd6","Turtles Forever","0.76","0.76","","","","","legacy_only","magic","Magic: The Gathering","audited legacy RPC label; Scryfall reference present","2026-09-16 18:16:44.877878+00","2026-09-16 18:16:44.877878+00"
"chaos-3995102bbeb4450dbd3171836055c969-f766fc00f12441ca","The Vision","0.96","0.96","","","","","legacy_only","magic","Magic: The Gathering","audited legacy RPC label; Scryfall reference present","2026-09-16 18:16:44.877878+00","2026-09-16 18:16:44.877878+00"
"chaos-48538c8782b14da8a3019f67ec80a723-01508d5c0460454f","Emancipation Angel","0.24","0.24","","","","","legacy_only","magic","Magic: The Gathering","audited legacy RPC label; Scryfall reference present","2026-09-11 17:48:55.322287+00","2026-09-11 17:48:55.322287+00"
"chaos-48538c8782b14da8a3019f67ec80a723-07b15baaa9764509","Affa Guard Hound","0.22","0.22","","","","","legacy_only","magic","Magic: The Gathering","audited legacy RPC label; Scryfall reference present","2026-09-11 17:48:55.322287+00","2026-09-11 17:48:55.322287+00"
"chaos-48538c8782b14da8a3019f67ec80a723-08efdb8fe6084c70","Diregraf Ghoul","0.64","0.64","","","","","legacy_only","magic","Magic: The Gathering","audited legacy RPC label; Scryfall reference present","2026-09-11 17:48:55.322287+00","2026-09-11 17:48:55.322287+00"
"chaos-48538c8782b14da8a3019f67ec80a723-0e06169b45fd476d","Vampire Nighthawk","0.50","0.50","","","","","legacy_only","magic","Magic: The Gathering","audited legacy RPC label; Scryfall reference present","2026-09-11 17:48:55.322287+00","2026-09-11 17:48:55.322287+00"
"chaos-48538c8782b14da8a3019f67ec80a723-1aca0ed49f0d44aa","Dauntless Onslaught","0.51","0.51","","","","","legacy_only","magic","Magic: The Gathering","audited legacy RPC label; Scryfall reference present","2026-09-11 17:48:55.322287+00","2026-09-11 17:48:55.322287+00"
"chaos-48538c8782b14da8a3019f67ec80a723-3fdad4a514874eaf","Marsh Casualties","0.18","0.18","","","","","legacy_only","magic","Magic: The Gathering","audited legacy RPC label; Scryfall reference present","2026-09-11 17:48:55.322287+00","2026-09-11 17:48:55.322287+00"
"chaos-48538c8782b14da8a3019f67ec80a723-47313ada92834242","Oust","1.62","1.62","","","","","legacy_only","magic","Magic: The Gathering","audited legacy RPC label; Scryfall reference present","2026-09-11 17:48:55.322287+00","2026-09-11 17:48:55.322287+00"
"chaos-48538c8782b14da8a3019f67ec80a723-5fe8aebd44e04696","Doom Blade","0.68","0.68","","","","","legacy_only","magic","Magic: The Gathering","audited legacy RPC label; Scryfall reference present","2026-09-11 17:48:55.322287+00","2026-09-11 17:48:55.322287+00"
"chaos-48538c8782b14da8a3019f67ec80a723-64e6322742e743a7","Gustcloak Sentinel","0.42","0.42","","","","","legacy_only","magic","Magic: The Gathering","audited legacy RPC label; Scryfall reference present","2026-09-11 17:48:55.322287+00","2026-09-11 17:48:55.322287+00"
"chaos-48538c8782b14da8a3019f67ec80a723-6cd7294d0d894e63","Arrow Volley Trap","0.36","0.36","","","","","legacy_only","magic","Magic: The Gathering","audited legacy RPC label; Scryfall reference present","2026-09-11 17:48:55.322287+00","2026-09-11 17:48:55.322287+00"
"chaos-48538c8782b14da8a3019f67ec80a723-72514eeec3a54391","Slayer of the Wicked","0.03","0.03","","","","","legacy_only","magic","Magic: The Gathering","audited legacy RPC label; Scryfall reference present","2026-09-11 17:48:55.322287+00","2026-09-11 17:48:55.322287+00"
"chaos-48538c8782b14da8a3019f67ec80a723-7be05762fbb441f1","Human Frailty","0.24","0.24","","","","","legacy_only","magic","Magic: The Gathering","audited legacy RPC label; Scryfall reference present","2026-09-11 17:48:55.322287+00","2026-09-11 17:48:55.322287+00"
"chaos-48538c8782b14da8a3019f67ec80a723-82c6699c426c4cc7","Dauntless Onslaught","0.20","0.20","","","","","legacy_only","magic","Magic: The Gathering","audited legacy RPC label; Scryfall reference present","2026-09-11 17:48:55.322287+00","2026-09-11 17:48:55.322287+00"
"chaos-48538c8782b14da8a3019f67ec80a723-849241b904104e91","Appetite for Brains","0.22","0.22","","","","","legacy_only","magic","Magic: The Gathering","audited legacy RPC label; Scryfall reference present","2026-09-11 17:48:55.322287+00","2026-09-11 17:48:55.322287+00"
"chaos-48538c8782b14da8a3019f67ec80a723-89fafd97d3704d1a","Abattoir Ghoul","0.18","0.18","","","","","legacy_only","magic","Magic: The Gathering","audited legacy RPC label; Scryfall reference present","2026-09-11 17:48:55.322287+00","2026-09-11 17:48:55.322287+00"
"chaos-48538c8782b14da8a3019f67ec80a723-8f6e29083fcc4e6d","Banisher Priest","0.16","0.16","","","","","legacy_only","magic","Magic: The Gathering","audited legacy RPC label; Scryfall reference present","2026-09-11 17:48:55.322287+00","2026-09-11 17:48:55.322287+00"
"chaos-48538c8782b14da8a3019f67ec80a723-93214ae1a6484a74","Smallpox","0.74","0.74","","","","","legacy_only","magic","Magic: The Gathering","audited legacy RPC label; Scryfall reference present","2026-09-11 17:48:55.322287+00","2026-09-11 17:48:55.322287+00"
"chaos-48538c8782b14da8a3019f67ec80a723-9366b0750d0f4db1","Gustcloak Skirmisher","0.75","0.75","","","","","legacy_only","magic","Magic: The Gathering","audited legacy RPC label; Scryfall reference present","2026-09-11 17:48:55.322287+00","2026-09-11 17:48:55.322287+00"
"chaos-48538c8782b14da8a3019f67ec80a723-948f478ee098479d","Shadows of the Past","1.02","1.02","","","","","legacy_only","magic","Magic: The Gathering","audited legacy RPC label; Scryfall reference present","2026-09-11 17:48:55.322287+00","2026-09-11 17:48:55.322287+00"
"chaos-48538c8782b14da8a3019f67ec80a723-9a8463c4fd0d4fd8","Thraben Heretic","0.38","0.38","","","","","legacy_only","magic","Magic: The Gathering","audited legacy RPC label; Scryfall reference present","2026-09-11 17:48:55.322287+00","2026-09-11 17:48:55.322287+00"
"chaos-48538c8782b14da8a3019f67ec80a723-a45e4aa3dcb54e4f","Tribute to Hunger","0.19","0.19","","","","","legacy_only","magic","Magic: The Gathering","audited legacy RPC label; Scryfall reference present","2026-09-11 17:48:55.322287+00","2026-09-11 17:48:55.322287+00"
"chaos-48538c8782b14da8a3019f67ec80a723-a896c00995c64f6d","Kabira Vindicator","0.78","0.78","","","","","legacy_only","magic","Magic: The Gathering","audited legacy RPC label; Scryfall reference present","2026-09-11 17:48:55.322287+00","2026-09-11 17:48:55.322287+00"
"chaos-48538c8782b14da8a3019f67ec80a723-b424af67ab104602","Squelching Leeches","0.24","0.24","","","","","legacy_only","magic","Magic: The Gathering","audited legacy RPC label; Scryfall reference present","2026-09-11 17:48:55.322287+00","2026-09-11 17:48:55.322287+00"
"chaos-48538c8782b14da8a3019f67ec80a723-bc6cd5c3443d452e","Stonecloaker","0.84","0.84","","","","","legacy_only","magic","Magic: The Gathering","audited legacy RPC label; Scryfall reference present","2026-09-11 17:48:55.322287+00","2026-09-11 17:48:55.322287+00"
"chaos-48538c8782b14da8a3019f67ec80a723-ce22f22e1f824e40","Topplegeist","0.48","0.48","","","","","legacy_only","magic","Magic: The Gathering","audited legacy RPC label; Scryfall reference present","2026-09-11 17:48:55.322287+00","2026-09-11 17:48:55.322287+00"
"chaos-48538c8782b14da8a3019f67ec80a723-d032c1e6575047fc","Carrier Thrall","0.95","0.95","","","","","legacy_only","magic","Magic: The Gathering","audited legacy RPC label; Scryfall reference present","2026-09-11 17:48:55.322287+00","2026-09-11 17:48:55.322287+00"
"chaos-48538c8782b14da8a3019f67ec80a723-d5fd927e65f146f0","Quest for the Gravelord","0.48","0.48","","","","","legacy_only","magic","Magic: The Gathering","audited legacy RPC label; Scryfall reference present","2026-09-11 17:48:55.322287+00","2026-09-11 17:48:55.322287+00"
"chaos-48538c8782b14da8a3019f67ec80a723-e5c3104d8e03416c","Ambition's Cost","0.93","0.93","","","","","legacy_only","magic","Magic: The Gathering","audited legacy RPC label; Scryfall reference present","2026-09-11 17:48:55.322287+00","2026-09-11 17:48:55.322287+00"
"chaos-48538c8782b14da8a3019f67ec80a723-e73674121b914e42","Smother","0.69","0.69","","","","","legacy_only","magic","Magic: The Gathering","audited legacy RPC label; Scryfall reference present","2026-09-11 17:48:55.322287+00","2026-09-11 17:48:55.322287+00"
"chaos-48538c8782b14da8a3019f67ec80a723-e80f08483e2b47f0","Corpsehatch","0.60","0.60","","","","","legacy_only","magic","Magic: The Gathering","audited legacy RPC label; Scryfall reference present","2026-09-11 17:48:55.322287+00","2026-09-11 17:48:55.322287+00"
"chaos-48538c8782b14da8a3019f67ec80a723-eb4e9c75b23949ee","Pawn of Ulamog","4.21","4.21","","","","","legacy_only","magic","Magic: The Gathering","audited legacy RPC label; Scryfall reference present","2026-09-11 17:48:55.322287+00","2026-09-11 17:48:55.322287+00"
"chaos-48538c8782b14da8a3019f67ec80a723-ee41c661d68c42b4","Barter in Blood","0.45","0.45","","","","","legacy_only","magic","Magic: The Gathering","audited legacy RPC label; Scryfall reference present","2026-09-11 17:48:55.322287+00","2026-09-11 17:48:55.322287+00"
"chaos-48538c8782b14da8a3019f67ec80a723-f524d580b1904c4a","Tooth Collector","0.10","0.10","","","","","legacy_only","magic","Magic: The Gathering","audited legacy RPC label; Scryfall reference present","2026-09-11 17:48:55.322287+00","2026-09-11 17:48:55.322287+00"
"chaos-48538c8782b14da8a3019f67ec80a723-f93347a58c2f4419","Moan of the Unhallowed","0.42","0.42","","","","","legacy_only","magic","Magic: The Gathering","audited legacy RPC label; Scryfall reference present","2026-09-11 17:48:55.322287+00","2026-09-11 17:48:55.322287+00"
"chaos-48538c8782b14da8a3019f67ec80a723-fbf1061fa44b49ec","Goldnight Redeemer","0.37","0.37","","","","","legacy_only","magic","Magic: The Gathering","audited legacy RPC label; Scryfall reference present","2026-09-11 17:48:55.322287+00","2026-09-11 17:48:55.322287+00"
"chaos-48538c8782b14da8a3019f67ec80a723-fec7bc384fc5426a","Dread Return","1.56","1.56","","","","","legacy_only","magic","Magic: The Gathering","audited legacy RPC label; Scryfall reference present","2026-09-11 17:48:55.322287+00","2026-09-11 17:48:55.322287+00"
"chaos-4a2bfbcd52ea4bcf910742ffaebf7da9-01796ceee63c467a","Aerial Responder","0.34","0.34","","","","","legacy_only","magic","Magic: The Gathering","audited legacy RPC label; Scryfall reference present","2026-09-09 03:02:56.243915+00","2026-09-09 03:02:56.243915+00"
"chaos-4a2bfbcd52ea4bcf910742ffaebf7da9-024fb2e43d8a4e1a","Alaborn Cavalier","0.18","0.18","","","","","legacy_only","magic","Magic: The Gathering","audited legacy RPC label; Scryfall reference present","2026-09-09 03:02:56.243915+00","2026-09-09 03:02:56.243915+00"
"chaos-4a2bfbcd52ea4bcf910742ffaebf7da9-04d353e0160b45bf","Slaughter the Strong","0.54","0.54","","","","","legacy_only","magic","Magic: The Gathering","audited legacy RPC label; Scryfall reference present","2026-09-09 03:02:56.243915+00","2026-09-09 03:02:56.243915+00"
"chaos-4a2bfbcd52ea4bcf910742ffaebf7da9-0509063fbce04ab0","Order of Yawgmoth","0.23","0.23","","","","","legacy_only","magic","Magic: The Gathering","audited legacy RPC label; Scryfall reference present","2026-09-09 03:02:56.243915+00","2026-09-09 03:02:56.243915+00"
"chaos-4a2bfbcd52ea4bcf910742ffaebf7da9-0816d3bbb54b4d24","Annihilate","0.08","0.08","","","","","legacy_only","magic","Magic: The Gathering","audited legacy RPC label; Scryfall reference present","2026-09-09 03:02:56.243915+00","2026-09-09 03:02:56.243915+00"
"chaos-4a2bfbcd52ea4bcf910742ffaebf7da9-0d8f77491d3d4b20","Keening Banshee","0.15","0.15","","","","","legacy_only","magic","Magic: The Gathering","audited legacy RPC label; Scryfall reference present","2026-09-09 03:02:56.243915+00","2026-09-09 03:02:56.243915+00"
"chaos-4a2bfbcd52ea4bcf910742ffaebf7da9-111792e62f6e4d9c","Patron of the Valiant","0.17","0.17","","","","","legacy_only","magic","Magic: The Gathering","audited legacy RPC label; Scryfall reference present","2026-09-09 03:02:56.243915+00","2026-09-09 03:02:56.243915+00"
"chaos-4a2bfbcd52ea4bcf910742ffaebf7da9-184033b96fd24b62","Despark","0.39","0.39","","","","","legacy_only","magic","Magic: The Gathering","audited legacy RPC label; Scryfall reference present","2026-09-09 03:02:56.243915+00","2026-09-09 03:02:56.243915+00"
"chaos-4a2bfbcd52ea4bcf910742ffaebf7da9-1b33e566aa3e4adf","Vampire Nighthawk","0.19","0.19","","","","","legacy_only","magic","Magic: The Gathering","audited legacy RPC label; Scryfall reference present","2026-09-09 03:02:56.243915+00","2026-09-09 03:02:56.243915+00"
"chaos-4a2bfbcd52ea4bcf910742ffaebf7da9-1f473ed322554896","Darling of the Masses","0.50","0.50","","","","","legacy_only","magic","Magic: The Gathering","audited legacy RPC label; Scryfall reference present","2026-09-09 03:02:56.243915+00","2026-09-09 03:02:56.243915+00"
"chaos-4a2bfbcd52ea4bcf910742ffaebf7da9-200bb344fc4d421b","Hooded Horror","0.29","0.29","","","","","legacy_only","magic","Magic: The Gathering","audited legacy RPC label; Scryfall reference present","2026-09-09 03:02:56.243915+00","2026-09-09 03:02:56.243915+00"
"chaos-4a2bfbcd52ea4bcf910742ffaebf7da9-2321ab61f485453a","Sanguine Guard","0.16","0.16","","","","","legacy_only","magic","Magic: The Gathering","audited legacy RPC label; Scryfall reference present","2026-09-09 03:02:56.243915+00","2026-09-09 03:02:56.243915+00"
"chaos-4a2bfbcd52ea4bcf910742ffaebf7da9-24a9eb47e4d94c1f","Serra Angel","0.81","0.81","","","","","legacy_only","magic","Magic: The Gathering","audited legacy RPC label; Scryfall reference present","2026-09-09 03:02:56.243915+00","2026-09-09 03:02:56.243915+00"
"chaos-4a2bfbcd52ea4bcf910742ffaebf7da9-2b5f817eb80841c7","Darkblast","0.35","0.35","","","","","legacy_only","magic","Magic: The Gathering","audited legacy RPC label; Scryfall reference present","2026-09-09 03:02:56.243915+00","2026-09-09 03:02:56.243915+00"
"chaos-4a2bfbcd52ea4bcf910742ffaebf7da9-3b34c6e156554e67","Aerial Responder","0.10","0.10","","","","","legacy_only","magic","Magic: The Gathering","audited legacy RPC label; Scryfall reference present","2026-09-09 03:02:56.243915+00","2026-09-09 03:02:56.243915+00"
"chaos-4a2bfbcd52ea4bcf910742ffaebf7da9-4dc0dbbac7114548","Harm's Way","0.10","0.10","","","","","legacy_only","magic","Magic: The Gathering","audited legacy RPC label; Scryfall reference present","2026-09-09 03:02:56.243915+00","2026-09-09 03:02:56.243915+00"
"chaos-4a2bfbcd52ea4bcf910742ffaebf7da9-4e0b66c8764c46c4","Staff of the Mind Magus","0.21","0.21","","","","","legacy_only","magic","Magic: The Gathering","audited legacy RPC label; Scryfall reference present","2026-09-09 03:02:56.243915+00","2026-09-09 03:02:56.243915+00"
"chaos-4a2bfbcd52ea4bcf910742ffaebf7da9-59f0584f58c846cd","Serra Angel","0.48","0.48","0.25","","","","both_different","magic","Magic: The Gathering","audited legacy RPC label; Scryfall reference present","2026-09-09 03:02:56.243915+00","2026-09-22 21:53:16.214234+00"
"chaos-4a2bfbcd52ea4bcf910742ffaebf7da9-5cdd5b9ee7614df6","Contaminated Drink","0.37","0.37","","","","","legacy_only","magic","Magic: The Gathering","audited legacy RPC label; Scryfall reference present","2026-09-09 03:02:56.243915+00","2026-09-09 03:02:56.243915+00"
"chaos-4a2bfbcd52ea4bcf910742ffaebf7da9-63205bdc409e46e2","Congregation Gryff","0.18","0.18","","","","","legacy_only","magic","Magic: The Gathering","audited legacy RPC label; Scryfall reference present","2026-09-09 03:02:56.243915+00","2026-09-09 03:02:56.243915+00"
"chaos-4a2bfbcd52ea4bcf910742ffaebf7da9-633d28cd775e41c3","Belfry Spirit","0.42","0.42","","","","","legacy_only","magic","Magic: The Gathering","audited legacy RPC label; Scryfall reference present","2026-09-09 03:02:56.243915+00","2026-09-09 03:02:56.243915+00"
"chaos-4a2bfbcd52ea4bcf910742ffaebf7da9-67e632bcdfdc49b8","Smuggler Captain","0.14","0.14","","","","","legacy_only","magic","Magic: The Gathering","audited legacy RPC label; Scryfall reference present","2026-09-09 03:02:56.243915+00","2026-09-09 03:02:56.243915+00"
"chaos-4a2bfbcd52ea4bcf910742ffaebf7da9-6955440458884d5e","Kabira Vindicator","0.30","0.30","","","","","legacy_only","magic","Magic: The Gathering","audited legacy RPC label; Scryfall reference present","2026-09-09 03:02:56.243915+00","2026-09-09 03:02:56.243915+00"
"chaos-4a2bfbcd52ea4bcf910742ffaebf7da9-6dad13e6761f4257","Crypt Champion","0.21","0.21","","","","","legacy_only","magic","Magic: The Gathering","audited legacy RPC label; Scryfall reference present","2026-09-09 03:02:56.243915+00","2026-09-09 03:02:56.243915+00"
"chaos-4a2bfbcd52ea4bcf910742ffaebf7da9-6ec44a2e4b2a4fd6","Icy Manipulator","0.40","0.40","","","","","legacy_only","magic","Magic: The Gathering","audited legacy RPC label; Scryfall reference present","2026-09-09 03:02:56.243915+00","2026-09-09 03:02:56.243915+00"
"chaos-4a2bfbcd52ea4bcf910742ffaebf7da9-6f047a5eed704ad7","Sengir Vampire","0.32","0.32","","","","","legacy_only","magic","Magic: The Gathering","audited legacy RPC label; Scryfall reference present","2026-09-09 03:02:56.243915+00","2026-09-09 03:02:56.243915+00"
"chaos-4a2bfbcd52ea4bcf910742ffaebf7da9-7684da7a3df840ec","Biomechan Engineer","0.32","0.32","","","","","legacy_only","magic","Magic: The Gathering","audited legacy RPC label; Scryfall reference present","2026-09-09 03:02:56.243915+00","2026-09-09 03:02:56.243915+00"
"chaos-4a2bfbcd52ea4bcf910742ffaebf7da9-790ac3da3982418c","Reprisal","0.21","0.21","","","","","legacy_only","magic","Magic: The Gathering","audited legacy RPC label; Scryfall reference present","2026-09-09 03:02:56.243915+00","2026-09-09 03:02:56.243915+00"
"chaos-4a2bfbcd52ea4bcf910742ffaebf7da9-80fc83c3227a478b","Reckless Spite","0.62","0.62","","","","","legacy_only","magic","Magic: The Gathering","audited legacy RPC label; Scryfall reference present","2026-09-09 03:02:56.243915+00","2026-09-09 03:02:56.243915+00"
"chaos-4a2bfbcd52ea4bcf910742ffaebf7da9-8347a0ea23004cfd","Crowd of Cinders","0.40","0.40","","","","","legacy_only","magic","Magic: The Gathering","audited legacy RPC label; Scryfall reference present","2026-09-09 03:02:56.243915+00","2026-09-09 03:02:56.243915+00"
"chaos-4a2bfbcd52ea4bcf910742ffaebf7da9-89c6663fe7904228","Stormfront Pegasus","0.57","0.57","","","","","legacy_only","magic","Magic: The Gathering","audited legacy RPC label; Scryfall reference present","2026-09-09 03:02:56.243915+00","2026-09-09 03:02:56.243915+00"
"chaos-4a2bfbcd52ea4bcf910742ffaebf7da9-89eaa9e9a52841a7","Phyrexian Defiler","0.15","0.15","","","","","legacy_only","magic","Magic: The Gathering","audited legacy RPC label; Scryfall reference present","2026-09-09 03:02:56.243915+00","2026-09-09 03:02:56.243915+00"
"chaos-4a2bfbcd52ea4bcf910742ffaebf7da9-8ae8aa67fa854adc","Corpse Connoisseur","0.52","0.52","","","","","legacy_only","magic","Magic: The Gathering","audited legacy RPC label; Scryfall reference present","2026-09-09 03:02:56.243915+00","2026-09-09 03:02:56.243915+00"
"chaos-4a2bfbcd52ea4bcf910742ffaebf7da9-9b9f3b65cb4e4744","Atzocan Seer","0.25","0.25","","","","","legacy_only","magic","Magic: The Gathering","audited legacy RPC label; Scryfall reference present","2026-09-09 03:02:56.243915+00","2026-09-09 03:02:56.243915+00"
"chaos-4a2bfbcd52ea4bcf910742ffaebf7da9-9ff1561674e3486a","Azorius Justiciar","0.18","0.18","","","","","legacy_only","magic","Magic: The Gathering","audited legacy RPC label; Scryfall reference present","2026-09-09 03:02:56.243915+00","2026-09-09 03:02:56.243915+00"
"chaos-4a2bfbcd52ea4bcf910742ffaebf7da9-a1c08b6c037c4cd6","Thrill-Kill Assassin","0.20","0.20","","","","","legacy_only","magic","Magic: The Gathering","audited legacy RPC label; Scryfall reference present","2026-09-09 03:02:56.243915+00","2026-09-09 03:02:56.243915+00"
"chaos-4a2bfbcd52ea4bcf910742ffaebf7da9-a22256add86f4495","At Knifepoint","0.29","0.29","","","","","legacy_only","magic","Magic: The Gathering","audited legacy RPC label; Scryfall reference present","2026-09-09 03:02:56.243915+00","2026-09-09 03:02:56.243915+00"
"chaos-4a2bfbcd52ea4bcf910742ffaebf7da9-a4dac8fa89754e76","Broodspinner","0.28","0.28","","","","","legacy_only","magic","Magic: The Gathering","audited legacy RPC label; Scryfall reference present","2026-09-09 03:02:56.243915+00","2026-09-09 03:02:56.243915+00"
"chaos-4a2bfbcd52ea4bcf910742ffaebf7da9-a73f948cd9f24ed1","Sengir Vampire","0.38","0.38","","","","","legacy_only","magic","Magic: The Gathering","audited legacy RPC label; Scryfall reference present","2026-09-09 03:02:56.243915+00","2026-09-09 03:02:56.243915+00"
"chaos-4a2bfbcd52ea4bcf910742ffaebf7da9-a7a6c1e5c65b4a54","Make a Stand","0.23","0.23","","","","","legacy_only","magic","Magic: The Gathering","audited legacy RPC label; Scryfall reference present","2026-09-09 03:02:56.243915+00","2026-09-09 03:02:56.243915+00"
"chaos-4a2bfbcd52ea4bcf910742ffaebf7da9-add0b5b5d29e4834","Survivor's Med Kit","0.33","0.33","","","","","legacy_only","magic","Magic: The Gathering","audited legacy RPC label; Scryfall reference present","2026-09-09 03:02:56.243915+00","2026-09-09 03:02:56.243915+00"
"chaos-4a2bfbcd52ea4bcf910742ffaebf7da9-b4a349923d5f493d","Metallurgeon","0.15","0.15","","","","","legacy_only","magic","Magic: The Gathering","audited legacy RPC label; Scryfall reference present","2026-09-09 03:02:56.243915+00","2026-09-09 03:02:56.243915+00"
"chaos-4a2bfbcd52ea4bcf910742ffaebf7da9-b50e45a87cf547e1","Staff of the Death Magus","0.25","0.25","","","","","legacy_only","magic","Magic: The Gathering","audited legacy RPC label; Scryfall reference present","2026-09-09 03:02:56.243915+00","2026-09-09 03:02:56.243915+00"
"chaos-4a2bfbcd52ea4bcf910742ffaebf7da9-b750855d34404450","Stoic Ephemera","0.12","0.12","","","","","legacy_only","magic","Magic: The Gathering","audited legacy RPC label; Scryfall reference present","2026-09-09 03:02:56.243915+00","2026-09-09 03:02:56.243915+00"
"chaos-4a2bfbcd52ea4bcf910742ffaebf7da9-beb5928708974b15","Abyssal Specter","0.40","0.40","","","","","legacy_only","magic","Magic: The Gathering","audited legacy RPC label; Scryfall reference present","2026-09-09 03:02:56.243915+00","2026-09-09 03:02:56.243915+00"
"chaos-4a2bfbcd52ea4bcf910742ffaebf7da9-c8bb84235cfb4daa","Kangee's Lieutenant","0.33","0.33","","","","","legacy_only","magic","Magic: The Gathering","audited legacy RPC label; Scryfall reference present","2026-09-09 03:02:56.243915+00","2026-09-09 03:02:56.243915+00"
"chaos-4a2bfbcd52ea4bcf910742ffaebf7da9-c96df6938f9d469f","Ugin's Construct","0.12","0.12","","","","","legacy_only","magic","Magic: The Gathering","audited legacy RPC label; Scryfall reference present","2026-09-09 03:02:56.243915+00","2026-09-09 03:02:56.243915+00"
"chaos-4a2bfbcd52ea4bcf910742ffaebf7da9-cbee182b69054eb3","Victimize","0.58","0.58","","","","","legacy_only","magic","Magic: The Gathering","audited legacy RPC label; Scryfall reference present","2026-09-09 03:02:56.243915+00","2026-09-09 03:02:56.243915+00"
"chaos-4a2bfbcd52ea4bcf910742ffaebf7da9-cd23dff2fd5c4c47","Reassembling Skeleton","0.65","0.65","","","","","legacy_only","magic","Magic: The Gathering","audited legacy RPC label; Scryfall reference present","2026-09-09 03:02:56.243915+00","2026-09-09 03:02:56.243915+00"
"chaos-4a2bfbcd52ea4bcf910742ffaebf7da9-cd2ab5549ba8436b","Temur Monument","0.12","0.12","","","","","legacy_only","magic","Magic: The Gathering","audited legacy RPC label; Scryfall reference present","2026-09-09 03:02:56.243915+00","2026-09-09 03:02:56.243915+00"
"chaos-4a2bfbcd52ea4bcf910742ffaebf7da9-cd3e0cf43cd347af","Knight of Meadowgrain","0.27","0.27","","","","","legacy_only","magic","Magic: The Gathering","audited legacy RPC label; Scryfall reference present","2026-09-09 03:02:56.243915+00","2026-09-09 03:02:56.243915+00"
"chaos-4a2bfbcd52ea4bcf910742ffaebf7da9-cd90795ae2ac44d6","Infest","0.25","0.25","","","","","legacy_only","magic","Magic: The Gathering","audited legacy RPC label; Scryfall reference present","2026-09-09 03:02:56.243915+00","2026-09-09 03:02:56.243915+00"
"chaos-4a2bfbcd52ea4bcf910742ffaebf7da9-d2456f6dc99041e1","Horrid Shadowspinner","0.24","0.24","","","","","legacy_only","magic","Magic: The Gathering","audited legacy RPC label; Scryfall reference present","2026-09-09 03:02:56.243915+00","2026-09-09 03:02:56.243915+00"
"chaos-4a2bfbcd52ea4bcf910742ffaebf7da9-d2974a73559e4660","Dismember","4.71","4.71","","","","","legacy_only","magic","Magic: The Gathering","audited legacy RPC label; Scryfall reference present","2026-09-09 03:02:56.243915+00","2026-09-09 03:02:56.243915+00"
"chaos-4a2bfbcd52ea4bcf910742ffaebf7da9-d7bfa6c310e64128","Intangible Virtue","0.31","0.31","","","","","legacy_only","magic","Magic: The Gathering","audited legacy RPC label; Scryfall reference present","2026-09-09 03:02:56.243915+00","2026-09-09 03:02:56.243915+00"
"chaos-4a2bfbcd52ea4bcf910742ffaebf7da9-daebf33d462b46a7","Azorius Herald","0.16","0.16","","","","","legacy_only","magic","Magic: The Gathering","audited legacy RPC label; Scryfall reference present","2026-09-09 03:02:56.243915+00","2026-09-09 03:02:56.243915+00"
"chaos-4a2bfbcd52ea4bcf910742ffaebf7da9-db15953ad0ef4b21","Twisted Riddlekeeper","0.14","0.14","","","","","legacy_only","magic","Magic: The Gathering","audited legacy RPC label; Scryfall reference present","2026-09-09 03:02:56.243915+00","2026-09-09 03:02:56.243915+00"
"chaos-4a2bfbcd52ea4bcf910742ffaebf7da9-e01ef13f6d6b460f","Reciprocate","0.34","0.34","","","","","legacy_only","magic","Magic: The Gathering","audited legacy RPC label; Scryfall reference present","2026-09-09 03:02:56.243915+00","2026-09-09 03:02:56.243915+00"
"chaos-4a2bfbcd52ea4bcf910742ffaebf7da9-e623c3657a9c43ff","Urge to Feed","0.19","0.19","","","","","legacy_only","magic","Magic: The Gathering","audited legacy RPC label; Scryfall reference present","2026-09-09 03:02:56.243915+00","2026-09-09 03:02:56.243915+00"
"chaos-4a2bfbcd52ea4bcf910742ffaebf7da9-ebdefdd55de94dc7","Phyrexian Gargantua","0.12","0.12","","","","","legacy_only","magic","Magic: The Gathering","audited legacy RPC label; Scryfall reference present","2026-09-09 03:02:56.243915+00","2026-09-09 03:02:56.243915+00"
"chaos-4a2bfbcd52ea4bcf910742ffaebf7da9-f1724b87e4274fa3","Slay","0.15","0.15","","","","","legacy_only","magic","Magic: The Gathering","audited legacy RPC label; Scryfall reference present","2026-09-09 03:02:56.243915+00","2026-09-09 03:02:56.243915+00"
"chaos-4a2bfbcd52ea4bcf910742ffaebf7da9-f76ff5865d324bc3","Station Monitor","0.17","0.17","","","","","legacy_only","magic","Magic: The Gathering","audited legacy RPC label; Scryfall reference present","2026-09-09 03:02:56.243915+00","2026-09-09 03:02:56.243915+00"
"chaos-4a2bfbcd52ea4bcf910742ffaebf7da9-f8d37335427846f3","Battle Mastery","0.24","0.24","","","","","legacy_only","magic","Magic: The Gathering","audited legacy RPC label; Scryfall reference present","2026-09-09 03:02:56.243915+00","2026-09-09 03:02:56.243915+00"
"chaos-4fb6faac4cf743eeb91aef29b68b3ace-035626e976484e2c","Tiana, Ship's Caretaker","0.24","0.24","","","","","legacy_only","magic","Magic: The Gathering","audited legacy RPC label; Scryfall reference present","2026-09-10 04:32:46.364775+00","2026-09-10 04:32:46.364775+00"
"chaos-4fb6faac4cf743eeb91aef29b68b3ace-043520937e3f42c7","Raugrin Crystal","0.18","0.18","","","","","legacy_only","magic","Magic: The Gathering","audited legacy RPC label; Scryfall reference present","2026-09-10 04:32:46.364775+00","2026-09-10 04:32:46.364775+00"
"chaos-4fb6faac4cf743eeb91aef29b68b3ace-06f87c70b7554a4d","Boarded Window","0.12","0.12","","","","","legacy_only","magic","Magic: The Gathering","audited legacy RPC label; Scryfall reference present","2026-09-10 04:32:46.364775+00","2026-09-10 04:32:46.364775+00"
"chaos-4fb6faac4cf743eeb91aef29b68b3ace-0fae688f46fa425b","Gwyllion Hedge-Mage","0.16","0.16","","","","","legacy_only","magic","Magic: The Gathering","audited legacy RPC label; Scryfall reference present","2026-09-10 04:32:46.364775+00","2026-09-10 04:32:46.364775+00"
"chaos-4fb6faac4cf743eeb91aef29b68b3ace-11462799a0d24049","Dire Fleet Captain","0.23","0.23","","","","","legacy_only","magic","Magic: The Gathering","audited legacy RPC label; Scryfall reference present","2026-09-10 04:32:46.364775+00","2026-09-10 04:32:46.364775+00"
"chaos-4fb6faac4cf743eeb91aef29b68b3ace-12f2d05188ac488a","Brushfire Elemental","0.16","0.16","","","","","legacy_only","magic","Magic: The Gathering","audited legacy RPC label; Scryfall reference present","2026-09-10 04:32:46.364775+00","2026-09-10 04:32:46.364775+00"
"chaos-4fb6faac4cf743eeb91aef29b68b3ace-1a5ab94cf6224fd6","Metalspinner's Puzzleknot","0.15","0.15","","","","","legacy_only","magic","Magic: The Gathering","audited legacy RPC label; Scryfall reference present","2026-09-10 04:32:46.364775+00","2026-09-10 04:32:46.364775+00"
"chaos-4fb6faac4cf743eeb91aef29b68b3ace-1accfb4c4d19479b","Suki, Kyoshi Warrior","0.20","0.20","","","","","legacy_only","magic","Magic: The Gathering","audited legacy RPC label; Scryfall reference present","2026-09-10 04:32:46.364775+00","2026-09-10 04:32:46.364775+00"
"chaos-4fb6faac4cf743eeb91aef29b68b3ace-1e309e00a1eb4845","Markov Purifier","0.26","0.26","","","","","legacy_only","magic","Magic: The Gathering","audited legacy RPC label; Scryfall reference present","2026-09-10 04:32:46.364775+00","2026-09-10 04:32:46.364775+00"
"chaos-4fb6faac4cf743eeb91aef29b68b3ace-22df9b55f8b94b2e","Hidden Stockpile","0.30","0.30","","","","","legacy_only","magic","Magic: The Gathering","audited legacy RPC label; Scryfall reference present","2026-09-10 04:32:46.364775+00","2026-09-10 04:32:46.364775+00"
"chaos-4fb6faac4cf743eeb91aef29b68b3ace-25bd9d25f25247f3","Ruthless Lawbringer","0.26","0.26","","","","","legacy_only","magic","Magic: The Gathering","audited legacy RPC label; Scryfall reference present","2026-09-10 04:32:46.364775+00","2026-09-10 04:32:46.364775+00"
"chaos-4fb6faac4cf743eeb91aef29b68b3ace-26f4951e291d4f54","Servo Schematic","0.37","0.37","","","","","legacy_only","magic","Magic: The Gathering","audited legacy RPC label; Scryfall reference present","2026-09-10 04:32:46.364775+00","2026-09-10 04:32:46.364775+00"
"chaos-4fb6faac4cf743eeb91aef29b68b3ace-34fa3dfd22f84885","Back for More","0.23","0.23","","","","","legacy_only","magic","Magic: The Gathering","audited legacy RPC label; Scryfall reference present","2026-09-10 04:32:46.364775+00","2026-09-10 04:32:46.364775+00"
"chaos-4fb6faac4cf743eeb91aef29b68b3ace-3663324af1c44cfc","Kargan Warleader","0.21","0.21","","","","","legacy_only","magic","Magic: The Gathering","audited legacy RPC label; Scryfall reference present","2026-09-10 04:32:46.364775+00","2026-09-10 04:32:46.364775+00"
"chaos-4fb6faac4cf743eeb91aef29b68b3ace-37109ea1025b4a9f","Chief of the Foundry","0.34","0.34","","","","","legacy_only","magic","Magic: The Gathering","audited legacy RPC label; Scryfall reference present","2026-09-10 04:32:46.364775+00","2026-09-10 04:32:46.364775+00"
"chaos-4fb6faac4cf743eeb91aef29b68b3ace-3c3c7b72c8b04446","Iron Mastiff","0.30","0.30","","","","","legacy_only","magic","Magic: The Gathering","audited legacy RPC label; Scryfall reference present","2026-09-10 04:32:46.364775+00","2026-09-10 04:32:46.364775+00"
"chaos-4fb6faac4cf743eeb91aef29b68b3ace-3ed6ef8677f448d5","Strider Harness","0.12","0.12","","","","","legacy_only","magic","Magic: The Gathering","audited legacy RPC label; Scryfall reference present","2026-09-10 04:32:46.364775+00","2026-09-10 04:32:46.364775+00"
"chaos-4fb6faac4cf743eeb91aef29b68b3ace-3ef38dede2a44a3b","Sengir Connoisseur","0.23","0.23","","","","","legacy_only","magic","Magic: The Gathering","audited legacy RPC label; Scryfall reference present","2026-09-10 04:32:46.364775+00","2026-09-10 04:32:46.364775+00"
"chaos-4fb6faac4cf743eeb91aef29b68b3ace-4124cbd90df4457f","Necropanther","0.11","0.11","","","","","legacy_only","magic","Magic: The Gathering","audited legacy RPC label; Scryfall reference present","2026-09-10 04:32:46.364775+00","2026-09-10 04:32:46.364775+00"
"chaos-4fb6faac4cf743eeb91aef29b68b3ace-4531b7f930ef48f0","Putrefy","0.29","0.29","","","","","legacy_only","magic","Magic: The Gathering","audited legacy RPC label; Scryfall reference present","2026-09-10 04:32:46.364775+00","2026-09-10 04:32:46.364775+00"
"chaos-4fb6faac4cf743eeb91aef29b68b3ace-4917eb018eae4eb9","Prophetic Titan","0.16","0.16","","","","","legacy_only","magic","Magic: The Gathering","audited legacy RPC label; Scryfall reference present","2026-09-10 04:32:46.364775+00","2026-09-10 04:32:46.364775+00"
"chaos-4fb6faac4cf743eeb91aef29b68b3ace-4b13ce569af044eb","Arvad the Cursed","0.32","0.32","","","","","legacy_only","magic","Magic: The Gathering","audited legacy RPC label; Scryfall reference present","2026-09-10 04:32:46.364775+00","2026-09-10 04:32:46.364775+00"
"chaos-4fb6faac4cf743eeb91aef29b68b3ace-4b39b84117124a0e","Truefire Captain","0.29","0.29","","","","","legacy_only","magic","Magic: The Gathering","audited legacy RPC label; Scryfall reference present","2026-09-10 04:32:46.364775+00","2026-09-10 04:32:46.364775+00"
"chaos-4fb6faac4cf743eeb91aef29b68b3ace-4c444a030bbe448c","Magnetic Snuffler","0.11","0.11","","","","","legacy_only","magic","Magic: The Gathering","audited legacy RPC label; Scryfall reference present","2026-09-10 04:32:46.364775+00","2026-09-10 04:32:46.364775+00"
"chaos-4fb6faac4cf743eeb91aef29b68b3ace-4dc87e128b7c488f","Jayemdae Tome","0.12","0.12","","","","","legacy_only","magic","Magic: The Gathering","audited legacy RPC label; Scryfall reference present","2026-09-10 04:32:46.364775+00","2026-09-10 04:32:46.364775+00"
"chaos-4fb6faac4cf743eeb91aef29b68b3ace-4df7eb448557476f","Thought Erasure","0.25","0.25","","","","","legacy_only","magic","Magic: The Gathering","audited legacy RPC label; Scryfall reference present","2026-09-10 04:32:46.364775+00","2026-09-10 04:32:46.364775+00"
"chaos-4fb6faac4cf743eeb91aef29b68b3ace-4e25e595e40f4168","Ravenous Amulet","0.18","0.18","","","","","legacy_only","magic","Magic: The Gathering","audited legacy RPC label; Scryfall reference present","2026-09-10 04:32:46.364775+00","2026-09-10 04:32:46.364775+00"
"chaos-4fb6faac4cf743eeb91aef29b68b3ace-51a524b8c14e445d","Rust Tick","0.22","0.22","","","","","legacy_only","magic","Magic: The Gathering","audited legacy RPC label; Scryfall reference present","2026-09-10 04:32:46.364775+00","2026-09-10 04:32:46.364775+00"
"chaos-4fb6faac4cf743eeb91aef29b68b3ace-58a73db7a7ac4986","Geode Golem","0.54","0.54","","","","","legacy_only","magic","Magic: The Gathering","audited legacy RPC label; Scryfall reference present","2026-09-10 04:32:46.364775+00","2026-09-10 04:32:46.364775+00"
"chaos-4fb6faac4cf743eeb91aef29b68b3ace-5ba84ef362424fa1","Vengeful Rebirth","0.27","0.27","","","","","legacy_only","magic","Magic: The Gathering","audited legacy RPC label; Scryfall reference present","2026-09-10 04:32:46.364775+00","2026-09-10 04:32:46.364775+00"
"chaos-4fb6faac4cf743eeb91aef29b68b3ace-5beda5d468134e82","Balmor, Battlemage Captain","0.31","0.31","","","","","legacy_only","magic","Magic: The Gathering","audited legacy RPC label; Scryfall reference present","2026-09-10 04:32:46.364775+00","2026-09-10 04:32:46.364775+00"
"chaos-4fb6faac4cf743eeb91aef29b68b3ace-5e6521f56b114674","The Mouth of Sauron","0.16","0.16","","","","","legacy_only","magic","Magic: The Gathering","audited legacy RPC label; Scryfall reference present","2026-09-10 04:32:46.364775+00","2026-09-10 04:32:46.364775+00"
"chaos-4fb6faac4cf743eeb91aef29b68b3ace-6817e83ae18947fb","Bag of Holding","0.32","0.32","","","","","legacy_only","magic","Magic: The Gathering","audited legacy RPC label; Scryfall reference present","2026-09-10 04:32:46.364775+00","2026-09-10 04:32:46.364775+00"
"chaos-4fb6faac4cf743eeb91aef29b68b3ace-68fe6bc9117a4e89","Vega, the Watcher","0.27","0.27","","","","","legacy_only","magic","Magic: The Gathering","audited legacy RPC label; Scryfall reference present","2026-09-10 04:32:46.364775+00","2026-09-10 04:32:46.364775+00"
"chaos-4fb6faac4cf743eeb91aef29b68b3ace-6d4197998a424bdc","Golem's Heart","0.23","0.23","","","","","legacy_only","magic","Magic: The Gathering","audited legacy RPC label; Scryfall reference present","2026-09-10 04:32:46.364775+00","2026-09-10 04:32:46.364775+00"
"chaos-4fb6faac4cf743eeb91aef29b68b3ace-7345514962d94ffc","Oni-Cult Anvil","0.26","0.26","","","","","legacy_only","magic","Magic: The Gathering","audited legacy RPC label; Scryfall reference present","2026-09-10 04:32:46.364775+00","2026-09-10 04:32:46.364775+00"
"chaos-4fb6faac4cf743eeb91aef29b68b3ace-73690b801bac4e8b","Hurloon Battle Hymn","0.21","0.21","","","","","legacy_only","magic","Magic: The Gathering","audited legacy RPC label; Scryfall reference present","2026-09-10 04:32:46.364775+00","2026-09-10 04:32:46.364775+00"
"chaos-4fb6faac4cf743eeb91aef29b68b3ace-81d40d64d5b64525","Murderer's Axe","0.11","0.11","","","","","legacy_only","magic","Magic: The Gathering","audited legacy RPC label; Scryfall reference present","2026-09-10 04:32:46.364775+00","2026-09-10 04:32:46.364775+00"
"chaos-4fb6faac4cf743eeb91aef29b68b3ace-82bdf617e2d54ff0","Runed Servitor","0.28","0.28","","","","","legacy_only","magic","Magic: The Gathering","audited legacy RPC label; Scryfall reference present","2026-09-10 04:32:46.364775+00","2026-09-10 04:32:46.364775+00"
"chaos-4fb6faac4cf743eeb91aef29b68b3ace-871c5ec7483041b2","Kithkin Rabble","0.33","0.33","","","","","legacy_only","magic","Magic: The Gathering","audited legacy RPC label; Scryfall reference present","2026-09-10 04:32:46.364775+00","2026-09-10 04:32:46.364775+00"
"chaos-4fb6faac4cf743eeb91aef29b68b3ace-87b20fa7cea442a4","Swarm Guildmage","0.13","0.13","","","","","legacy_only","magic","Magic: The Gathering","audited legacy RPC label; Scryfall reference present","2026-09-10 04:32:46.364775+00","2026-09-10 04:32:46.364775+00"
"chaos-4fb6faac4cf743eeb91aef29b68b3ace-88a6e4cdaaed4e40","Gate Colossus","0.48","0.48","","","","","legacy_only","magic","Magic: The Gathering","audited legacy RPC label; Scryfall reference present","2026-09-10 04:32:46.364775+00","2026-09-10 04:32:46.364775+00"
"chaos-4fb6faac4cf743eeb91aef29b68b3ace-8aee327a1bf74f3a","Face of Divinity","0.15","0.15","","","","","legacy_only","magic","Magic: The Gathering","audited legacy RPC label; Scryfall reference present","2026-09-10 04:32:46.364775+00","2026-09-10 04:32:46.364775+00"
"chaos-4fb6faac4cf743eeb91aef29b68b3ace-8c684c80539e4aed","Throne of Geth","1.29","1.29","","","","","legacy_only","magic","Magic: The Gathering","audited legacy RPC label; Scryfall reference present","2026-09-10 04:32:46.364775+00","2026-09-10 04:32:46.364775+00"
"chaos-4fb6faac4cf743eeb91aef29b68b3ace-918cc364fd214e42","House Guildmage","0.10","0.10","","","","","legacy_only","magic","Magic: The Gathering","audited legacy RPC label; Scryfall reference present","2026-09-10 04:32:46.364775+00","2026-09-10 04:32:46.364775+00"
"chaos-4fb6faac4cf743eeb91aef29b68b3ace-98158d78dcf04634","Damping Sphere","0.74","0.74","","","","","legacy_only","magic","Magic: The Gathering","audited legacy RPC label; Scryfall reference present","2026-09-10 04:32:46.364775+00","2026-09-10 04:32:46.364775+00"
"chaos-4fb6faac4cf743eeb91aef29b68b3ace-9ecf257f7d024864","Marauding Looter","0.25","0.25","","","","","legacy_only","magic","Magic: The Gathering","audited legacy RPC label; Scryfall reference present","2026-09-10 04:32:46.364775+00","2026-09-10 04:32:46.364775+00"
"chaos-4fb6faac4cf743eeb91aef29b68b3ace-a05504e9d47643ff","Professor Zei, Anthropologist","0.21","0.21","","","","","legacy_only","magic","Magic: The Gathering","audited legacy RPC label; Scryfall reference present","2026-09-10 04:32:46.364775+00","2026-09-10 04:32:46.364775+00"
"chaos-4fb6faac4cf743eeb91aef29b68b3ace-a13a96fdc91f4873","Empyrean Eagle","0.27","0.27","","","","","legacy_only","magic","Magic: The Gathering","audited legacy RPC label; Scryfall reference present","2026-09-10 04:32:46.364775+00","2026-09-10 04:32:46.364775+00"
"chaos-4fb6faac4cf743eeb91aef29b68b3ace-a8a4ee0cd2ad4177","Millikin","0.30","0.30","","","","","legacy_only","magic","Magic: The Gathering","audited legacy RPC label; Scryfall reference present","2026-09-10 04:32:46.364775+00","2026-09-10 04:32:46.364775+00"
"chaos-4fb6faac4cf743eeb91aef29b68b3ace-b09318826f314055","Demolition Stomper","0.15","0.15","","","","","legacy_only","magic","Magic: The Gathering","audited legacy RPC label; Scryfall reference present","2026-09-10 04:32:46.364775+00","2026-09-10 04:32:46.364775+00"
"chaos-4fb6faac4cf743eeb91aef29b68b3ace-b5558b51f9334a5c","Discovery // Dispersal","0.26","0.26","","","","","legacy_only","magic","Magic: The Gathering","audited legacy RPC label; Scryfall reference present","2026-09-10 04:32:46.364775+00","2026-09-10 04:32:46.364775+00"
"chaos-4fb6faac4cf743eeb91aef29b68b3ace-b72b452d317d4e6d","Meteor Golem","0.30","0.30","","","","","legacy_only","magic","Magic: The Gathering","audited legacy RPC label; Scryfall reference present","2026-09-10 04:32:46.364775+00","2026-09-10 04:32:46.364775+00"
"chaos-4fb6faac4cf743eeb91aef29b68b3ace-b8f3015e67014a5f","Lashweed Lurker","0.14","0.14","","","","","legacy_only","magic","Magic: The Gathering","audited legacy RPC label; Scryfall reference present","2026-09-10 04:32:46.364775+00","2026-09-10 04:32:46.364775+00"
"chaos-4fb6faac4cf743eeb91aef29b68b3ace-bebd802481774d5c","Gold-Forged Sentinel","0.30","0.30","","","","","legacy_only","magic","Magic: The Gathering","audited legacy RPC label; Scryfall reference present","2026-09-10 04:32:46.364775+00","2026-09-10 04:32:46.364775+00"
"chaos-4fb6faac4cf743eeb91aef29b68b3ace-c7cc9e4130a140d5","Paradise Plume","0.32","0.32","","","","","legacy_only","magic","Magic: The Gathering","audited legacy RPC label; Scryfall reference present","2026-09-10 04:32:46.364775+00","2026-09-10 04:32:46.364775+00"
"chaos-4fb6faac4cf743eeb91aef29b68b3ace-ce5c93c19eaf4f88","Palladium Myr","1.42","1.42","","","","","legacy_only","magic","Magic: The Gathering","audited legacy RPC label; Scryfall reference present","2026-09-10 04:32:46.364775+00","2026-09-10 04:32:46.364775+00"
"chaos-4fb6faac4cf743eeb91aef29b68b3ace-d3d52596a1bd4f23","Deadly Complication","0.06","0.06","","","","","legacy_only","magic","Magic: The Gathering","audited legacy RPC label; Scryfall reference present","2026-09-10 04:32:46.364775+00","2026-09-10 04:32:46.364775+00"
"chaos-4fb6faac4cf743eeb91aef29b68b3ace-d87cb9b9ac774e5f","Sokka, Lateral Strategist","0.38","0.38","","","","","legacy_only","magic","Magic: The Gathering","audited legacy RPC label; Scryfall reference present","2026-09-10 04:32:46.364775+00","2026-09-10 04:32:46.364775+00"
"chaos-4fb6faac4cf743eeb91aef29b68b3ace-da9e4690c8c44d55","Relic Axe","0.13","0.13","","","","","legacy_only","magic","Magic: The Gathering","audited legacy RPC label; Scryfall reference present","2026-09-10 04:32:46.364775+00","2026-09-10 04:32:46.364775+00"
"chaos-4fb6faac4cf743eeb91aef29b68b3ace-db3fc434806e4398","Hellkite Hatchling","0.17","0.17","","","","","legacy_only","magic","Magic: The Gathering","audited legacy RPC label; Scryfall reference present","2026-09-10 04:32:46.364775+00","2026-09-10 04:32:46.364775+00"
"chaos-4fb6faac4cf743eeb91aef29b68b3ace-db56448759634ad5","Call to the Feast","0.14","0.14","","","","","legacy_only","magic","Magic: The Gathering","audited legacy RPC label; Scryfall reference present","2026-09-10 04:32:46.364775+00","2026-09-10 04:32:46.364775+00"
"chaos-4fb6faac4cf743eeb91aef29b68b3ace-e2b66e1a928242c3","Ravager's Mace","0.09","0.09","","","","","legacy_only","magic","Magic: The Gathering","audited legacy RPC label; Scryfall reference present","2026-09-10 04:32:46.364775+00","2026-09-10 04:32:46.364775+00"
"chaos-4fb6faac4cf743eeb91aef29b68b3ace-e3219dc413d34bf9","Sky Terror","0.30","0.30","","","","","legacy_only","magic","Magic: The Gathering","audited legacy RPC label; Scryfall reference present","2026-09-10 04:32:46.364775+00","2026-09-10 04:32:46.364775+00"
"chaos-4fb6faac4cf743eeb91aef29b68b3ace-ec3023a09e624706","Explosive Vegetation","0.38","0.38","","","","","legacy_only","magic","Magic: The Gathering","audited legacy RPC label; Scryfall reference present","2026-09-10 04:32:46.364775+00","2026-09-10 04:32:46.364775+00"
"chaos-4fb6faac4cf743eeb91aef29b68b3ace-f0a8422962b04057","Slab Hammer","0.08","0.08","","","","","legacy_only","magic","Magic: The Gathering","audited legacy RPC label; Scryfall reference present","2026-09-10 04:32:46.364775+00","2026-09-10 04:32:46.364775+00"
"chaos-4fb6faac4cf743eeb91aef29b68b3ace-f122a05d125d4620","Vizkopa Guildmage","0.52","0.52","","","","","legacy_only","magic","Magic: The Gathering","audited legacy RPC label; Scryfall reference present","2026-09-10 04:32:46.364775+00","2026-09-10 04:32:46.364775+00"
"chaos-4fb6faac4cf743eeb91aef29b68b3ace-f2766b2dbf124eae","Profane Memento","3.00","3.00","","","","","legacy_only","magic","Magic: The Gathering","audited legacy RPC label; Scryfall reference present","2026-09-10 04:32:46.364775+00","2026-09-10 04:32:46.364775+00"
"chaos-4fb6faac4cf743eeb91aef29b68b3ace-f6d5dd326ef74486","Disinformation Campaign","0.21","0.21","","","","","legacy_only","magic","Magic: The Gathering","audited legacy RPC label; Scryfall reference present","2026-09-10 04:32:46.364775+00","2026-09-10 04:32:46.364775+00"
"chaos-5b331a9d998443b3929e30046bf2aec0-016a42dcd3b14edf","Thornfist Striker","0.13","0.13","","","","","legacy_only","magic","Magic: The Gathering","audited legacy RPC label; Scryfall reference present","2026-09-19 20:39:27.743593+00","2026-09-19 20:39:27.743593+00"
"chaos-5b331a9d998443b3929e30046bf2aec0-02a7722e821c466d","Quintessential Katana","0.21","0.21","","","","","legacy_only","magic","Magic: The Gathering","audited legacy RPC label; Scryfall reference present","2026-09-19 20:39:27.743593+00","2026-09-19 20:39:27.743593+00"
"chaos-5b331a9d998443b3929e30046bf2aec0-03947cc2c6fb4236","Wooden Cane","0.24","0.24","","","","","legacy_only","magic","Magic: The Gathering","audited legacy RPC label; Scryfall reference present","2026-09-19 20:39:27.743593+00","2026-09-19 20:39:27.743593+00"
"chaos-5b331a9d998443b3929e30046bf2aec0-08b1072dfe524e61","Blazing Firesinger // Seething Song","0.36","0.36","","","","","legacy_only","magic","Magic: The Gathering","audited legacy RPC label; Scryfall reference present","2026-09-19 20:39:27.743593+00","2026-09-19 20:39:27.743593+00"
"chaos-5b331a9d998443b3929e30046bf2aec0-091d6aa7e6a14091","Downwind Ambusher","0.19","0.19","","","","","legacy_only","magic","Magic: The Gathering","audited legacy RPC label; Scryfall reference present","2026-09-19 20:39:27.743593+00","2026-09-19 20:39:27.743593+00"
"chaos-5b331a9d998443b3929e30046bf2aec0-0eeff4660a754fb6","Skateboard","0.34","0.34","","","","","legacy_only","magic","Magic: The Gathering","audited legacy RPC label; Scryfall reference present","2026-09-19 20:39:27.743593+00","2026-09-19 20:39:27.743593+00"
"chaos-5b331a9d998443b3929e30046bf2aec0-0fe5eb9833934844","The Last Ronin's Technique","0.52","0.52","","","","","legacy_only","magic","Magic: The Gathering","audited legacy RPC label; Scryfall reference present","2026-09-19 20:39:27.743593+00","2026-09-19 20:39:27.743593+00"
"chaos-5b331a9d998443b3929e30046bf2aec0-16e8236e7c6e4b48","Sleight of Hand","0.31","0.31","","","","","legacy_only","magic","Magic: The Gathering","audited legacy RPC label; Scryfall reference present","2026-09-19 20:39:27.743593+00","2026-09-19 20:39:27.743593+00"
"chaos-5b331a9d998443b3929e30046bf2aec0-1fdd861038584f86","Spider-Mobile","0.44","0.44","","","","","legacy_only","magic","Magic: The Gathering","audited legacy RPC label; Scryfall reference present","2026-09-19 20:39:27.743593+00","2026-09-19 20:39:27.743593+00"
"chaos-5b331a9d998443b3929e30046bf2aec0-2b49cb82cd8945b8","Blooming Blast","0.18","0.18","","","","","legacy_only","magic","Magic: The Gathering","audited legacy RPC label; Scryfall reference present","2026-09-19 20:39:27.743593+00","2026-09-19 20:39:27.743593+00"
"chaos-5b331a9d998443b3929e30046bf2aec0-2c5b58d3d68d4b02","Daydream","0.33","0.33","","","","","legacy_only","magic","Magic: The Gathering","audited legacy RPC label; Scryfall reference present","2026-09-19 20:39:27.743593+00","2026-09-19 20:39:27.743593+00"
"chaos-5b331a9d998443b3929e30046bf2aec0-2d354aa01ea8498b","Henchbots","0.44","0.44","","","","","legacy_only","magic","Magic: The Gathering","audited legacy RPC label; Scryfall reference present","2026-09-19 20:39:27.743593+00","2026-09-19 20:39:27.743593+00"
"chaos-5b331a9d998443b3929e30046bf2aec0-30cdf481556646bb","Donatello's Science Lesson","0.25","0.25","","","","","legacy_only","magic","Magic: The Gathering","audited legacy RPC label; Scryfall reference present","2026-09-19 20:39:27.743593+00","2026-09-19 20:39:27.743593+00"
"chaos-5b331a9d998443b3929e30046bf2aec0-374b42ff4a3b4735","Koya, Death from Above","0.15","0.15","","","","","legacy_only","magic","Magic: The Gathering","audited legacy RPC label; Scryfall reference present","2026-09-19 20:39:27.743593+00","2026-09-19 20:39:27.743593+00"
"chaos-5b331a9d998443b3929e30046bf2aec0-3aa56613e0eb479f","Flash Thompson, Spider-Fan","0.22","0.22","","","","","legacy_only","magic","Magic: The Gathering","audited legacy RPC label; Scryfall reference present","2026-09-19 20:39:27.743593+00","2026-09-19 20:39:27.743593+00"
"chaos-5b331a9d998443b3929e30046bf2aec0-3c52e83a013b448d","Baxter Stockman","0.14","0.14","","","","","legacy_only","magic","Magic: The Gathering","audited legacy RPC label; Scryfall reference present","2026-09-19 20:39:27.743593+00","2026-09-19 20:39:27.743593+00"
"chaos-5b331a9d998443b3929e30046bf2aec0-3d15d7d2812544cc","Driftgloom Coyote","0.17","0.17","","","","","legacy_only","magic","Magic: The Gathering","audited legacy RPC label; Scryfall reference present","2026-09-19 20:39:27.743593+00","2026-09-19 20:39:27.743593+00"
"chaos-5b331a9d998443b3929e30046bf2aec0-3d4289cc288748c8","Venus, Torn Between Worlds","0.29","0.29","","","","","legacy_only","magic","Magic: The Gathering","audited legacy RPC label; Scryfall reference present","2026-09-19 20:39:27.743593+00","2026-09-19 20:39:27.743593+00"
"chaos-5b331a9d998443b3929e30046bf2aec0-4137afa9cca74712","Galewind Moose","0.27","0.27","","","","","legacy_only","magic","Magic: The Gathering","audited legacy RPC label; Scryfall reference present","2026-09-19 20:39:27.743593+00","2026-09-19 20:39:27.743593+00"
"chaos-5b331a9d998443b3929e30046bf2aec0-41713c5951784a8e","Calamitous Tide","0.12","0.12","","","","","legacy_only","magic","Magic: The Gathering","audited legacy RPC label; Scryfall reference present","2026-09-19 20:39:27.743593+00","2026-09-19 20:39:27.743593+00"
"chaos-5b331a9d998443b3929e30046bf2aec0-423873bd4e374210","Teapot Slinger","0.23","0.23","","","","","legacy_only","magic","Magic: The Gathering","audited legacy RPC label; Scryfall reference present","2026-09-19 20:39:27.743593+00","2026-09-19 20:39:27.743593+00"
"chaos-5b331a9d998443b3929e30046bf2aec0-44b991018a2c4ab0","Mabel's Mettle","0.28","0.28","","","","","legacy_only","magic","Magic: The Gathering","audited legacy RPC label; Scryfall reference present","2026-09-19 20:39:27.743593+00","2026-09-19 20:39:27.743593+00"
"chaos-5b331a9d998443b3929e30046bf2aec0-4e5d22785e4f4685","Go Ninja Go","0.25","0.25","","","","","legacy_only","magic","Magic: The Gathering","audited legacy RPC label; Scryfall reference present","2026-09-19 20:39:27.743593+00","2026-09-19 20:39:27.743593+00"
"chaos-5b331a9d998443b3929e30046bf2aec0-51ca6e6518a349ab","Noggle Robber","0.17","0.17","","","","","legacy_only","magic","Magic: The Gathering","audited legacy RPC label; Scryfall reference present","2026-09-19 20:39:27.743593+00","2026-09-19 20:39:27.743593+00"
"chaos-5b331a9d998443b3929e30046bf2aec0-52e38ba092424f0c","Locust Spray","0.21","0.21","","","","","legacy_only","magic","Magic: The Gathering","audited legacy RPC label; Scryfall reference present","2026-09-19 20:39:27.743593+00","2026-09-19 20:39:27.743593+00"
"chaos-5b331a9d998443b3929e30046bf2aec0-53b18e92055844f3","Silvergill Mentor","0.24","0.24","","","","","legacy_only","magic","Magic: The Gathering","audited legacy RPC label; Scryfall reference present","2026-09-19 20:39:27.743593+00","2026-09-19 20:39:27.743593+00"
"chaos-5b331a9d998443b3929e30046bf2aec0-5424473903954798","Stocking the Pantry","0.33","0.33","","","","","legacy_only","magic","Magic: The Gathering","audited legacy RPC label; Scryfall reference present","2026-09-19 20:39:27.743593+00","2026-09-19 20:39:27.743593+00"
"chaos-5b331a9d998443b3929e30046bf2aec0-55ee4003aa1a4796","Sudden Strike","0.22","0.22","","","","","legacy_only","magic","Magic: The Gathering","audited legacy RPC label; Scryfall reference present","2026-09-19 20:39:27.743593+00","2026-09-19 20:39:27.743593+00"
"chaos-5b331a9d998443b3929e30046bf2aec0-564d82660bd942fd","Brilliance Unleashed","0.20","0.20","","","","","legacy_only","magic","Magic: The Gathering","audited legacy RPC label; Scryfall reference present","2026-09-19 20:39:27.743593+00","2026-09-19 20:39:27.743593+00"
"chaos-5b331a9d998443b3929e30046bf2aec0-5699474d9a834e64","Shredder's Armor","0.18","0.18","","","","","legacy_only","magic","Magic: The Gathering","audited legacy RPC label; Scryfall reference present","2026-09-19 20:39:27.743593+00","2026-09-19 20:39:27.743593+00"
"chaos-5b331a9d998443b3929e30046bf2aec0-57f10b6e52874cdb","Eddymurk Crab","1.05","1.05","","","","","legacy_only","magic","Magic: The Gathering","audited legacy RPC label; Scryfall reference present","2026-09-19 20:39:27.743593+00","2026-09-19 20:39:27.743593+00"
"chaos-5b331a9d998443b3929e30046bf2aec0-59a850637ba147fe","Knightfisher","0.22","0.22","","","","","legacy_only","magic","Magic: The Gathering","audited legacy RPC label; Scryfall reference present","2026-09-19 20:39:27.743593+00","2026-09-19 20:39:27.743593+00"
"chaos-5b331a9d998443b3929e30046bf2aec0-5a56528a6ef64ae7","Prowler, Clawed Thief","0.26","0.26","","","","","legacy_only","magic","Magic: The Gathering","audited legacy RPC label; Scryfall reference present","2026-09-19 20:39:27.743593+00","2026-09-19 20:39:27.743593+00"
"chaos-5b331a9d998443b3929e30046bf2aec0-5e5d67ad1b6b4366","Shredder, Unrelenting","0.26","0.26","","","","","legacy_only","magic","Magic: The Gathering","audited legacy RPC label; Scryfall reference present","2026-09-19 20:39:27.743593+00","2026-09-19 20:39:27.743593+00"
"chaos-5b331a9d998443b3929e30046bf2aec0-61d1dcce1a364591","Sugar Coat","0.19","0.19","","","","","legacy_only","magic","Magic: The Gathering","audited legacy RPC label; Scryfall reference present","2026-09-19 20:39:27.743593+00","2026-09-19 20:39:27.743593+00"
"chaos-5b331a9d998443b3929e30046bf2aec0-69d9fdf223654d8d","West Wind Avatar","0.22","0.22","","","","","legacy_only","magic","Magic: The Gathering","audited legacy RPC label; Scryfall reference present","2026-09-19 20:39:27.743593+00","2026-09-19 20:39:27.743593+00"
"chaos-5b331a9d998443b3929e30046bf2aec0-708c2151807d4f97","Shriek, Treblemaker","0.17","0.17","","","","","legacy_only","magic","Magic: The Gathering","audited legacy RPC label; Scryfall reference present","2026-09-19 20:39:27.743593+00","2026-09-19 20:39:27.743593+00"
"chaos-5b331a9d998443b3929e30046bf2aec0-8761a1890a7d4dc4","Long River Lurker","0.30","0.30","","","","","legacy_only","magic","Magic: The Gathering","audited legacy RPC label; Scryfall reference present","2026-09-19 20:39:27.743593+00","2026-09-19 20:39:27.743593+00"
"chaos-5b331a9d998443b3929e30046bf2aec0-89bde24c02e74d18","Casey Jones, Jury-Rig Justiciar","0.27","0.27","","","","","legacy_only","magic","Magic: The Gathering","audited legacy RPC label; Scryfall reference present","2026-09-19 20:39:27.743593+00","2026-09-19 20:39:27.743593+00"
"chaos-5b331a9d998443b3929e30046bf2aec0-8a32d11ca8124a5a","Clifftop Lookout","0.32","0.32","","","","","legacy_only","magic","Magic: The Gathering","audited legacy RPC label; Scryfall reference present","2026-09-19 20:39:27.743593+00","2026-09-19 20:39:27.743593+00"
"chaos-5b331a9d998443b3929e30046bf2aec0-8b42b656742f46f7","Mighty Mutanimals","0.25","0.25","","","","","legacy_only","magic","Magic: The Gathering","audited legacy RPC label; Scryfall reference present","2026-09-19 20:39:27.743593+00","2026-09-19 20:39:27.743593+00"
"chaos-5b331a9d998443b3929e30046bf2aec0-8d64e1fe59694366","New Generation's Technique","0.24","0.24","","","","","legacy_only","magic","Magic: The Gathering","audited legacy RPC label; Scryfall reference present","2026-09-19 20:39:27.743593+00","2026-09-19 20:39:27.743593+00"
"chaos-5b331a9d998443b3929e30046bf2aec0-8f26fd871b324f45","Roshan, Hidden Magister","0.26","0.26","","","","","legacy_only","magic","Magic: The Gathering","audited legacy RPC label; Scryfall reference present","2026-09-19 20:39:27.743593+00","2026-09-19 20:39:27.743593+00"
"chaos-5b331a9d998443b3929e30046bf2aec0-8fadbe489f9f4c10","Karai, Future of the Foot","0.28","0.28","","","","","legacy_only","magic","Magic: The Gathering","audited legacy RPC label; Scryfall reference present","2026-09-19 20:39:27.743593+00","2026-09-19 20:39:27.743593+00"
"chaos-5b331a9d998443b3929e30046bf2aec0-94f8fe6602424665","Ruthless Negotiation","0.22","0.22","","","","","legacy_only","magic","Magic: The Gathering","audited legacy RPC label; Scryfall reference present","2026-09-19 20:39:27.743593+00","2026-09-19 20:39:27.743593+00"
"chaos-5b331a9d998443b3929e30046bf2aec0-97cef141be9b4cfc","Requiting Hex","0.79","0.79","","","","","legacy_only","magic","Magic: The Gathering","audited legacy RPC label; Scryfall reference present","2026-09-19 20:39:27.743593+00","2026-09-19 20:39:27.743593+00"
"chaos-5b331a9d998443b3929e30046bf2aec0-984f3a89903d4228","Bark of Doran","0.21","0.21","","","","","legacy_only","magic","Magic: The Gathering","audited legacy RPC label; Scryfall reference present","2026-09-19 20:39:27.743593+00","2026-09-19 20:39:27.743593+00"
"chaos-5b331a9d998443b3929e30046bf2aec0-9a058344b5874cba","Plumecreed Escort","0.37","0.37","","","","","legacy_only","magic","Magic: The Gathering","audited legacy RPC label; Scryfall reference present","2026-09-19 20:39:27.743593+00","2026-09-19 20:39:27.743593+00"
"chaos-5b331a9d998443b3929e30046bf2aec0-9bb772c48fd64c9f","Hop to It","0.29","0.29","","","","","legacy_only","magic","Magic: The Gathering","audited legacy RPC label; Scryfall reference present","2026-09-19 20:39:27.743593+00","2026-09-19 20:39:27.743593+00"
"chaos-5b331a9d998443b3929e30046bf2aec0-9e817ebc56034970","Donatello's Technique","0.26","0.26","","","","","legacy_only","magic","Magic: The Gathering","audited legacy RPC label; Scryfall reference present","2026-09-19 20:39:27.743593+00","2026-09-19 20:39:27.743593+00"
"chaos-5b331a9d998443b3929e30046bf2aec0-a57146548d2a4b33","Spider-UK","0.25","0.25","","","","","legacy_only","magic","Magic: The Gathering","audited legacy RPC label; Scryfall reference present","2026-09-19 20:39:27.743593+00","2026-09-19 20:39:27.743593+00"
"chaos-5b331a9d998443b3929e30046bf2aec0-af84e40859f8406e","Sun-Spider, Nimble Webber","0.22","0.22","","","","","legacy_only","magic","Magic: The Gathering","audited legacy RPC label; Scryfall reference present","2026-09-19 20:39:27.743593+00","2026-09-19 20:39:27.743593+00"
"chaos-5b331a9d998443b3929e30046bf2aec0-b2ec8d692d3947d0","Stormcatch Mentor","0.41","0.41","","","","","legacy_only","magic","Magic: The Gathering","audited legacy RPC label; Scryfall reference present","2026-09-19 20:39:27.743593+00","2026-09-19 20:39:27.743593+00"
"chaos-5b331a9d998443b3929e30046bf2aec0-b357f2408a734dd8","Raging Goblinoids","0.16","0.16","","","","","legacy_only","magic","Magic: The Gathering","audited legacy RPC label; Scryfall reference present","2026-09-19 20:39:27.743593+00","2026-09-19 20:39:27.743593+00"
"chaos-5b331a9d998443b3929e30046bf2aec0-b81822d77ffd4d73","Leo's Guidance","0.31","0.31","","","","","legacy_only","magic","Magic: The Gathering","audited legacy RPC label; Scryfall reference present","2026-09-19 20:39:27.743593+00","2026-09-19 20:39:27.743593+00"
"chaos-5b331a9d998443b3929e30046bf2aec0-c149afd1c4414967","Oakhollow Village","0.77","0.77","","","","","legacy_only","magic","Magic: The Gathering","audited legacy RPC label; Scryfall reference present","2026-09-19 20:39:27.743593+00","2026-09-19 20:39:27.743593+00"
"chaos-5b331a9d998443b3929e30046bf2aec0-c2d0c2eb8f0a417a","Peerless Recycling","0.27","0.27","","","","","legacy_only","magic","Magic: The Gathering","audited legacy RPC label; Scryfall reference present","2026-09-19 20:39:27.743593+00","2026-09-19 20:39:27.743593+00"
"chaos-5b331a9d998443b3929e30046bf2aec0-c454491d30be4aa9","Ray Fillet, Man Ray","0.17","0.17","","","","","legacy_only","magic","Magic: The Gathering","audited legacy RPC label; Scryfall reference present","2026-09-19 20:39:27.743593+00","2026-09-19 20:39:27.743593+00"
"chaos-5b331a9d998443b3929e30046bf2aec0-c8b1ca4c85904cce","Splash Portal","0.40","0.40","","","","","legacy_only","magic","Magic: The Gathering","audited legacy RPC label; Scryfall reference present","2026-09-19 20:39:27.743593+00","2026-09-19 20:39:27.743593+00"
"chaos-5b331a9d998443b3929e30046bf2aec0-cdbca90b0dd94e44","Starseer Mentor","0.24","0.24","","","","","legacy_only","magic","Magic: The Gathering","audited legacy RPC label; Scryfall reference present","2026-09-19 20:39:27.743593+00","2026-09-19 20:39:27.743593+00"
"chaos-5b331a9d998443b3929e30046bf2aec0-d33a9b611e7f4db7","Deduce","0.25","0.25","","","","","legacy_only","magic","Magic: The Gathering","audited legacy RPC label; Scryfall reference present","2026-09-19 20:39:27.743593+00","2026-09-19 20:39:27.743593+00"
"chaos-5b331a9d998443b3929e30046bf2aec0-d6ef7b64a4804b6f","Shredder's Technique","0.31","0.31","","","","","legacy_only","magic","Magic: The Gathering","audited legacy RPC label; Scryfall reference present","2026-09-19 20:39:27.743593+00","2026-09-19 20:39:27.743593+00"
"chaos-5b331a9d998443b3929e30046bf2aec0-d8155bcb56114821","Fractalize","0.19","0.19","","","","","legacy_only","magic","Magic: The Gathering","audited legacy RPC label; Scryfall reference present","2026-09-19 20:39:27.743593+00","2026-09-19 20:39:27.743593+00"
"chaos-5b331a9d998443b3929e30046bf2aec0-db0a5b1047cd4cfe","Spicy Oatmeal Pizza","0.13","0.13","","","","","legacy_only","magic","Magic: The Gathering","audited legacy RPC label; Scryfall reference present","2026-09-19 20:39:27.743593+00","2026-09-19 20:39:27.743593+00"
"chaos-5b331a9d998443b3929e30046bf2aec0-e33dfe4634354082","Brightblade Stoat","0.19","0.19","","","","","legacy_only","magic","Magic: The Gathering","audited legacy RPC label; Scryfall reference present","2026-09-19 20:39:27.743593+00","2026-09-19 20:39:27.743593+00"
"chaos-5b331a9d998443b3929e30046bf2aec0-e3dea6769cd6479c","Sinister Monolith","0.28","0.28","","","","","legacy_only","magic","Magic: The Gathering","audited legacy RPC label; Scryfall reference present","2026-09-19 20:39:27.743593+00","2026-09-19 20:39:27.743593+00"
"chaos-5b331a9d998443b3929e30046bf2aec0-e67dde9f48f94d92","Jolly Gerbils","0.18","0.18","","","","","legacy_only","magic","Magic: The Gathering","audited legacy RPC label; Scryfall reference present","2026-09-19 20:39:27.743593+00","2026-09-19 20:39:27.743593+00"
"chaos-5b331a9d998443b3929e30046bf2aec0-e90c8649c74243a5","Monstrous Rage","0.30","0.30","","","","","legacy_only","magic","Magic: The Gathering","audited legacy RPC label; Scryfall reference present","2026-09-19 20:39:27.743593+00","2026-09-19 20:39:27.743593+00"
"chaos-5b331a9d998443b3929e30046bf2aec0-e9530e5092ad4ff8","Heirloom Epic","0.21","0.21","","","","","legacy_only","magic","Magic: The Gathering","audited legacy RPC label; Scryfall reference present","2026-09-19 20:39:27.743593+00","2026-09-19 20:39:27.743593+00"
"chaos-5b331a9d998443b3929e30046bf2aec0-ec4ec81a45254ff5","Hard-Won Jitte","0.26","0.26","","","","","legacy_only","magic","Magic: The Gathering","audited legacy RPC label; Scryfall reference present","2026-09-19 20:39:27.743593+00","2026-09-19 20:39:27.743593+00"
"chaos-5b331a9d998443b3929e30046bf2aec0-ed5dbaf330c74dfc","Daring Waverider","0.25","0.25","","","","","legacy_only","magic","Magic: The Gathering","audited legacy RPC label; Scryfall reference present","2026-09-19 20:39:27.743593+00","2026-09-19 20:39:27.743593+00"
"chaos-5b331a9d998443b3929e30046bf2aec0-f9c5634dceca42c5","Brambleguard Veteran","0.23","0.23","","","","","legacy_only","magic","Magic: The Gathering","audited legacy RPC label; Scryfall reference present","2026-09-19 20:39:27.743593+00","2026-09-19 20:39:27.743593+00"
"chaos-5b331a9d998443b3929e30046bf2aec0-f9de892e224e45ae","Repel Calamity","0.24","0.24","","","","","legacy_only","magic","Magic: The Gathering","audited legacy RPC label; Scryfall reference present","2026-09-19 20:39:27.743593+00","2026-09-19 20:39:27.743593+00"
"chaos-5b331a9d998443b3929e30046bf2aec0-fd5168f3c6ec4fb7","Lord Dregg, Insect Invader","0.25","0.25","","","","","legacy_only","magic","Magic: The Gathering","audited legacy RPC label; Scryfall reference present","2026-09-19 20:39:27.743593+00","2026-09-19 20:39:27.743593+00"
"chaos-5b331a9d998443b3929e30046bf2aec0-fdafc8e5e61b4ef5","Lita, Little Orphan Amphibian","0.23","0.23","","","","","legacy_only","magic","Magic: The Gathering","audited legacy RPC label; Scryfall reference present","2026-09-19 20:39:27.743593+00","2026-09-19 20:39:27.743593+00"
"chaos-5b331a9d998443b3929e30046bf2aec0-fdc51b0cd00446b0","Featherbrained Filcher","0.22","0.22","","","","","legacy_only","magic","Magic: The Gathering","audited legacy RPC label; Scryfall reference present","2026-09-19 20:39:27.743593+00","2026-09-19 20:39:27.743593+00"
"chaos-5d25d7ac309e4d2b83ec299bd0f0d4e2-03c88160c05b4a68","Crew Captain","0.08","0.08","","","","","legacy_only","magic","Magic: The Gathering","audited legacy RPC label; Scryfall reference present","2026-09-08 17:01:04.81794+00","2026-09-08 17:01:04.81794+00"
"chaos-5d25d7ac309e4d2b83ec299bd0f0d4e2-071a5e3f69984c26","Gargoyle Sentinel","0.05","0.05","","","","","legacy_only","magic","Magic: The Gathering","audited legacy RPC label; Scryfall reference present","2026-09-08 17:01:04.81794+00","2026-09-08 17:01:04.81794+00"
"chaos-5d25d7ac309e4d2b83ec299bd0f0d4e2-07306873815c420e","Pitiless Pontiff","0.20","0.20","","","","","legacy_only","magic","Magic: The Gathering","audited legacy RPC label; Scryfall reference present","2026-09-08 17:01:04.81794+00","2026-09-08 17:01:04.81794+00"
"chaos-5d25d7ac309e4d2b83ec299bd0f0d4e2-095ce5f3f7a849a8","Mourner's Shield","0.15","0.15","","","","","legacy_only","magic","Magic: The Gathering","audited legacy RPC label; Scryfall reference present","2026-09-08 17:01:04.81794+00","2026-09-08 17:01:04.81794+00"
"chaos-5d25d7ac309e4d2b83ec299bd0f0d4e2-0aa6025d8270442d","Atraxa's Skitterfang","0.27","0.27","","","","","legacy_only","magic","Magic: The Gathering","audited legacy RPC label; Scryfall reference present","2026-09-08 17:01:04.81794+00","2026-09-08 17:01:04.81794+00"
"chaos-5d25d7ac309e4d2b83ec299bd0f0d4e2-0feb2eb909d24283","Ceremonial Groundbreaker","0.16","0.16","","","","","legacy_only","magic","Magic: The Gathering","audited legacy RPC label; Scryfall reference present","2026-09-08 17:01:04.81794+00","2026-09-08 17:01:04.81794+00"
"chaos-5d25d7ac309e4d2b83ec299bd0f0d4e2-16288867345047ca","Hustle // Bustle","0.12","0.12","","","","","legacy_only","magic","Magic: The Gathering","audited legacy RPC label; Scryfall reference present","2026-09-08 17:01:04.81794+00","2026-09-08 17:01:04.81794+00"
"chaos-5d25d7ac309e4d2b83ec299bd0f0d4e2-17f22a3c71fe4dae","Sylvan Reclamation","0.30","0.30","","","","","legacy_only","magic","Magic: The Gathering","audited legacy RPC label; Scryfall reference present","2026-09-08 17:01:04.81794+00","2026-09-08 17:01:04.81794+00"
"chaos-5d25d7ac309e4d2b83ec299bd0f0d4e2-1d76cb5e7415430f","At Knifepoint","0.29","0.29","","","","","legacy_only","magic","Magic: The Gathering","audited legacy RPC label; Scryfall reference present","2026-09-08 17:01:04.81794+00","2026-09-08 17:01:04.81794+00"
"chaos-5d25d7ac309e4d2b83ec299bd0f0d4e2-2036c608f2634afb","Merciless Javelineer","0.15","0.15","","","","","legacy_only","magic","Magic: The Gathering","audited legacy RPC label; Scryfall reference present","2026-09-08 17:01:04.81794+00","2026-09-08 17:01:04.81794+00"
"chaos-5d25d7ac309e4d2b83ec299bd0f0d4e2-221d0bdbdde643e3","Three Bowls of Porridge","0.26","0.26","","","","","legacy_only","magic","Magic: The Gathering","audited legacy RPC label; Scryfall reference present","2026-09-08 17:01:04.81794+00","2026-09-08 17:01:04.81794+00"
"chaos-5d25d7ac309e4d2b83ec299bd0f0d4e2-29f41f011f894fe9","Argivian Avenger","0.06","0.06","","","","","legacy_only","magic","Magic: The Gathering","audited legacy RPC label; Scryfall reference present","2026-09-08 17:01:04.81794+00","2026-09-08 17:01:04.81794+00"
"chaos-5d25d7ac309e4d2b83ec299bd0f0d4e2-38f335e82fb148d7","Neglected Heirloom // Ashmouth Blade","0.20","0.20","","","","","legacy_only","magic","Magic: The Gathering","audited legacy RPC label; Scryfall reference present","2026-09-08 17:01:04.81794+00","2026-09-08 17:01:04.81794+00"
"chaos-5d25d7ac309e4d2b83ec299bd0f0d4e2-3d4d5d3c5d864460","Drana's Emissary","0.37","0.37","","","","","legacy_only","magic","Magic: The Gathering","audited legacy RPC label; Scryfall reference present","2026-09-08 17:01:04.81794+00","2026-09-08 17:01:04.81794+00"
"chaos-5d25d7ac309e4d2b83ec299bd0f0d4e2-4212e573657b480c","Basilica Bell-Haunt","0.10","0.10","","","","","legacy_only","magic","Magic: The Gathering","audited legacy RPC label; Scryfall reference present","2026-09-08 17:01:04.81794+00","2026-09-08 17:01:04.81794+00"
"chaos-5d25d7ac309e4d2b83ec299bd0f0d4e2-42cfbd1c737749ee","Sharktocrab","0.27","0.27","","","","","legacy_only","magic","Magic: The Gathering","audited legacy RPC label; Scryfall reference present","2026-09-08 17:01:04.81794+00","2026-09-08 17:01:04.81794+00"
"chaos-5d25d7ac309e4d2b83ec299bd0f0d4e2-4493d5cd72ac4027","Wispdrinker Vampire","0.42","0.42","","","","","legacy_only","magic","Magic: The Gathering","audited legacy RPC label; Scryfall reference present","2026-09-08 17:01:04.81794+00","2026-09-08 17:01:04.81794+00"
"chaos-5d25d7ac309e4d2b83ec299bd0f0d4e2-489a2aebba9a4c44","Syndicate Infiltrator","0.48","0.48","","","","","legacy_only","magic","Magic: The Gathering","audited legacy RPC label; Scryfall reference present","2026-09-08 17:01:04.81794+00","2026-09-08 17:01:04.81794+00"
"chaos-5d25d7ac309e4d2b83ec299bd0f0d4e2-4c00bd124ff44781","Forerunner of Slaughter","0.10","0.10","","","","","legacy_only","magic","Magic: The Gathering","audited legacy RPC label; Scryfall reference present","2026-09-08 17:01:04.81794+00","2026-09-08 17:01:04.81794+00"
"chaos-5d25d7ac309e4d2b83ec299bd0f0d4e2-50cbf71dffc74993","Granite Shard","0.20","0.20","","","","","legacy_only","magic","Magic: The Gathering","audited legacy RPC label; Scryfall reference present","2026-09-08 17:01:04.81794+00","2026-09-08 17:01:04.81794+00"
"chaos-5d25d7ac309e4d2b83ec299bd0f0d4e2-583a08bdf7244271","Junktroller","0.42","0.42","","","","","legacy_only","magic","Magic: The Gathering","audited legacy RPC label; Scryfall reference present","2026-09-08 17:01:04.81794+00","2026-09-08 17:01:04.81794+00"
"chaos-5d25d7ac309e4d2b83ec299bd0f0d4e2-595f1a800f3b46d3","Mirror-Shield Hoplite","0.14","0.14","","","","","legacy_only","magic","Magic: The Gathering","audited legacy RPC label; Scryfall reference present","2026-09-08 17:01:04.81794+00","2026-09-08 17:01:04.81794+00"
"chaos-5d25d7ac309e4d2b83ec299bd0f0d4e2-5f881d4afde04075","Skyfisher Spider","0.28","0.28","","","","","legacy_only","magic","Magic: The Gathering","audited legacy RPC label; Scryfall reference present","2026-09-08 17:01:04.81794+00","2026-09-08 17:01:04.81794+00"
"chaos-5d25d7ac309e4d2b83ec299bd0f0d4e2-62106e11ddd341b9","Warden of the Chained","0.08","0.08","","","","","legacy_only","magic","Magic: The Gathering","audited legacy RPC label; Scryfall reference present","2026-09-08 17:01:04.81794+00","2026-09-08 17:01:04.81794+00"
"chaos-5d25d7ac309e4d2b83ec299bd0f0d4e2-6e2d791a28ba46a8","Ogre Siegebreaker","0.15","0.15","","","","","legacy_only","magic","Magic: The Gathering","audited legacy RPC label; Scryfall reference present","2026-09-08 17:01:04.81794+00","2026-09-08 17:01:04.81794+00"
"chaos-5d25d7ac309e4d2b83ec299bd0f0d4e2-6f0f404c4f4645c7","Flayer Drone","0.22","0.22","","","","","legacy_only","magic","Magic: The Gathering","audited legacy RPC label; Scryfall reference present","2026-09-08 17:01:04.81794+00","2026-09-08 17:01:04.81794+00"
"chaos-5d25d7ac309e4d2b83ec299bd0f0d4e2-7a19ed1dff7143ca","Corpse Appraiser","0.15","0.15","","","","","legacy_only","magic","Magic: The Gathering","audited legacy RPC label; Scryfall reference present","2026-09-08 17:01:04.81794+00","2026-09-08 17:01:04.81794+00"
"chaos-5d25d7ac309e4d2b83ec299bd0f0d4e2-7c516dcfad004949","Reflective Golem","0.10","0.10","","","","","legacy_only","magic","Magic: The Gathering","audited legacy RPC label; Scryfall reference present","2026-09-08 17:01:04.81794+00","2026-09-08 17:01:04.81794+00"
"chaos-5d25d7ac309e4d2b83ec299bd0f0d4e2-7d3b0cb8f08c4b1c","Chariot of Victory","0.48","0.48","","","","","legacy_only","magic","Magic: The Gathering","audited legacy RPC label; Scryfall reference present","2026-09-08 17:01:04.81794+00","2026-09-08 17:01:04.81794+00"
"chaos-5d25d7ac309e4d2b83ec299bd0f0d4e2-806e5ba47c6f4a01","Wee Dragonauts","0.09","0.09","","","","","legacy_only","magic","Magic: The Gathering","audited legacy RPC label; Scryfall reference present","2026-09-08 17:01:04.81794+00","2026-09-08 17:01:04.81794+00"
"chaos-5d25d7ac309e4d2b83ec299bd0f0d4e2-81aa0e8356a54852","Whirler Virtuoso","0.29","0.29","","","","","legacy_only","magic","Magic: The Gathering","audited legacy RPC label; Scryfall reference present","2026-09-08 17:01:04.81794+00","2026-09-08 17:01:04.81794+00"
"chaos-5d25d7ac309e4d2b83ec299bd0f0d4e2-85265e1e018047a9","Forge Boss","0.14","0.14","","","","","legacy_only","magic","Magic: The Gathering","audited legacy RPC label; Scryfall reference present","2026-09-08 17:01:04.81794+00","2026-09-08 17:01:04.81794+00"
"chaos-5d25d7ac309e4d2b83ec299bd0f0d4e2-8a6b69a91c6b4b9e","Molderhulk","0.23","0.23","","","","","legacy_only","magic","Magic: The Gathering","audited legacy RPC label; Scryfall reference present","2026-09-08 17:01:04.81794+00","2026-09-08 17:01:04.81794+00"
"chaos-5d25d7ac309e4d2b83ec299bd0f0d4e2-8f3b3e6165bc48a5","Fireborn Knight","0.19","0.19","","","","","legacy_only","magic","Magic: The Gathering","audited legacy RPC label; Scryfall reference present","2026-09-08 17:01:04.81794+00","2026-09-08 17:01:04.81794+00"
"chaos-5d25d7ac309e4d2b83ec299bd0f0d4e2-9a39f0d16fb242a2","Vivisection Evangelist","0.19","0.19","","","","","legacy_only","magic","Magic: The Gathering","audited legacy RPC label; Scryfall reference present","2026-09-08 17:01:04.81794+00","2026-09-08 17:01:04.81794+00"
"chaos-5d25d7ac309e4d2b83ec299bd0f0d4e2-9ae975be12334022","Sunhome Guildmage","0.07","0.07","","","","","legacy_only","magic","Magic: The Gathering","audited legacy RPC label; Scryfall reference present","2026-09-08 17:01:04.81794+00","2026-09-08 17:01:04.81794+00"
"chaos-5d25d7ac309e4d2b83ec299bd0f0d4e2-9e65e8ccf4cf4d3e","Knight of the Last Breath","0.06","0.06","","","","","legacy_only","magic","Magic: The Gathering","audited legacy RPC label; Scryfall reference present","2026-09-08 17:01:04.81794+00","2026-09-08 17:01:04.81794+00"
"chaos-5d25d7ac309e4d2b83ec299bd0f0d4e2-a74ad3435c32407c","Tin Street Gossip","0.12","0.12","","","","","legacy_only","magic","Magic: The Gathering","audited legacy RPC label; Scryfall reference present","2026-09-08 17:01:04.81794+00","2026-09-08 17:01:04.81794+00"
"chaos-5d25d7ac309e4d2b83ec299bd0f0d4e2-a9af3ee105614a2d","Epitaph Golem","0.08","0.08","","","","","legacy_only","magic","Magic: The Gathering","audited legacy RPC label; Scryfall reference present","2026-09-08 17:01:04.81794+00","2026-09-08 17:01:04.81794+00"
"chaos-5d25d7ac309e4d2b83ec299bd0f0d4e2-ae372f5d0696461d","Metropolis Angel","0.20","0.20","","","","","legacy_only","magic","Magic: The Gathering","audited legacy RPC label; Scryfall reference present","2026-09-08 17:01:04.81794+00","2026-09-08 17:01:04.81794+00"
"chaos-5d25d7ac309e4d2b83ec299bd0f0d4e2-ae61db558b7348ed","Lorehold Apprentice","0.25","0.25","","","","","legacy_only","magic","Magic: The Gathering","audited legacy RPC label; Scryfall reference present","2026-09-08 17:01:04.81794+00","2026-09-08 17:01:04.81794+00"
"chaos-5d25d7ac309e4d2b83ec299bd0f0d4e2-b13aace7146e4b9d","Mirror Golem","0.18","0.18","","","","","legacy_only","magic","Magic: The Gathering","audited legacy RPC label; Scryfall reference present","2026-09-08 17:01:04.81794+00","2026-09-08 17:01:04.81794+00"
"chaos-5d25d7ac309e4d2b83ec299bd0f0d4e2-b46f5aab41b34a59","Stormrider Rig","0.18","0.18","","","","","legacy_only","magic","Magic: The Gathering","audited legacy RPC label; Scryfall reference present","2026-09-08 17:01:04.81794+00","2026-09-08 17:01:04.81794+00"
"chaos-5d25d7ac309e4d2b83ec299bd0f0d4e2-be00b5fe80674673","Back for More","0.13","0.13","","","","","legacy_only","magic","Magic: The Gathering","audited legacy RPC label; Scryfall reference present","2026-09-08 17:01:04.81794+00","2026-09-08 17:01:04.81794+00"
"chaos-5d25d7ac309e4d2b83ec299bd0f0d4e2-beed6a8749864854","Bandit's Haul","0.23","0.23","","","","","legacy_only","magic","Magic: The Gathering","audited legacy RPC label; Scryfall reference present","2026-09-08 17:01:04.81794+00","2026-09-08 17:01:04.81794+00"
"chaos-5d25d7ac309e4d2b83ec299bd0f0d4e2-c74e899cec2e401b","Weaver of Currents","0.22","0.22","","","","","legacy_only","magic","Magic: The Gathering","audited legacy RPC label; Scryfall reference present","2026-09-08 17:01:04.81794+00","2026-09-08 17:01:04.81794+00"
"chaos-5d25d7ac309e4d2b83ec299bd0f0d4e2-c91d7c39565341a6","Patched Plaything","0.18","0.18","","","","","legacy_only","magic","Magic: The Gathering","audited legacy RPC label; Scryfall reference present","2026-09-08 17:01:04.81794+00","2026-09-08 17:01:04.81794+00"
"chaos-5d25d7ac309e4d2b83ec299bd0f0d4e2-ce25b1b594e64fa2","Shrewd Hatchling","0.08","0.08","","","","","legacy_only","magic","Magic: The Gathering","audited legacy RPC label; Scryfall reference present","2026-09-08 17:01:04.81794+00","2026-09-08 17:01:04.81794+00"
"chaos-5d25d7ac309e4d2b83ec299bd0f0d4e2-d0cbc9d61eb6473c","Forebear's Blade","0.31","0.31","","","","","legacy_only","magic","Magic: The Gathering","audited legacy RPC label; Scryfall reference present","2026-09-08 17:01:04.81794+00","2026-09-08 17:01:04.81794+00"
"chaos-5d25d7ac309e4d2b83ec299bd0f0d4e2-d116818a22fd4827","Exotic Pets","0.66","0.66","","","","","legacy_only","magic","Magic: The Gathering","audited legacy RPC label; Scryfall reference present","2026-09-08 17:01:04.81794+00","2026-09-08 17:01:04.81794+00"
"chaos-5d25d7ac309e4d2b83ec299bd0f0d4e2-d4352a77b376412e","Mutagen Connoisseur","0.09","0.09","","","","","legacy_only","magic","Magic: The Gathering","audited legacy RPC label; Scryfall reference present","2026-09-08 17:01:04.81794+00","2026-09-08 17:01:04.81794+00"
"chaos-5d25d7ac309e4d2b83ec299bd0f0d4e2-d545729413a64953","Throwing Knife","0.15","0.15","","","","","legacy_only","magic","Magic: The Gathering","audited legacy RPC label; Scryfall reference present","2026-09-08 17:01:04.81794+00","2026-09-08 17:01:04.81794+00"
"chaos-5d25d7ac309e4d2b83ec299bd0f0d4e2-d5e132e2ff984310","Short Bow","0.30","0.30","","","","","legacy_only","magic","Magic: The Gathering","audited legacy RPC label; Scryfall reference present","2026-09-08 17:01:04.81794+00","2026-09-08 17:01:04.81794+00"
"chaos-5d25d7ac309e4d2b83ec299bd0f0d4e2-d68c609c87ed4712","Pilgrim of the Fires","0.13","0.13","","","","","legacy_only","magic","Magic: The Gathering","audited legacy RPC label; Scryfall reference present","2026-09-08 17:01:04.81794+00","2026-09-08 17:01:04.81794+00"
"chaos-5d25d7ac309e4d2b83ec299bd0f0d4e2-dc2b1d912f5b4afb","Duskworker","0.20","0.20","","","","","legacy_only","magic","Magic: The Gathering","audited legacy RPC label; Scryfall reference present","2026-09-08 17:01:04.81794+00","2026-09-08 17:01:04.81794+00"
"chaos-5d25d7ac309e4d2b83ec299bd0f0d4e2-dcef19a30c0145df","Charforger","0.13","0.13","","","","","legacy_only","magic","Magic: The Gathering","audited legacy RPC label; Scryfall reference present","2026-09-08 17:01:04.81794+00","2026-09-08 17:01:04.81794+00"
"chaos-5d25d7ac309e4d2b83ec299bd0f0d4e2-de4dc2ea32684068","Tezzeret's Simulacrum","0.17","0.17","","","","","legacy_only","magic","Magic: The Gathering","audited legacy RPC label; Scryfall reference present","2026-09-08 17:01:04.81794+00","2026-09-08 17:01:04.81794+00"
"chaos-5d25d7ac309e4d2b83ec299bd0f0d4e2-df91fa75c02842a1","Brazen Upstart","0.10","0.10","","","","","legacy_only","magic","Magic: The Gathering","audited legacy RPC label; Scryfall reference present","2026-09-08 17:01:04.81794+00","2026-09-08 17:01:04.81794+00"
"chaos-5d25d7ac309e4d2b83ec299bd0f0d4e2-e6e0f1307cea4575","Intimidation Campaign","0.19","0.19","","","","","legacy_only","magic","Magic: The Gathering","audited legacy RPC label; Scryfall reference present","2026-09-08 17:01:04.81794+00","2026-09-08 17:01:04.81794+00"
"chaos-5d25d7ac309e4d2b83ec299bd0f0d4e2-e8ecd7287d3045db","Ring of the Lucii","0.34","0.34","","","","","legacy_only","magic","Magic: The Gathering","audited legacy RPC label; Scryfall reference present","2026-09-08 17:01:04.81794+00","2026-09-08 17:01:04.81794+00"
"chaos-5d25d7ac309e4d2b83ec299bd0f0d4e2-e95dfee5b6a64736","Needlebug","0.48","0.48","","","","","legacy_only","magic","Magic: The Gathering","audited legacy RPC label; Scryfall reference present","2026-09-08 17:01:04.81794+00","2026-09-08 17:01:04.81794+00"
"chaos-5d25d7ac309e4d2b83ec299bd0f0d4e2-ec89aeb4550641e4","Gold-Forged Sentinel","0.15","0.15","","","","","legacy_only","magic","Magic: The Gathering","audited legacy RPC label; Scryfall reference present","2026-09-08 17:01:04.81794+00","2026-09-08 17:01:04.81794+00"
"chaos-5d25d7ac309e4d2b83ec299bd0f0d4e2-ef2e9010f8cb45b9","Attack-in-the-Box","0.19","0.19","","","","","legacy_only","magic","Magic: The Gathering","audited legacy RPC label; Scryfall reference present","2026-09-08 17:01:04.81794+00","2026-09-08 17:01:04.81794+00"
"chaos-5d25d7ac309e4d2b83ec299bd0f0d4e2-efece9c30ce9458f","Honored Crop-Captain","0.14","0.14","","","","","legacy_only","magic","Magic: The Gathering","audited legacy RPC label; Scryfall reference present","2026-09-08 17:01:04.81794+00","2026-09-08 17:01:04.81794+00"
"chaos-5d25d7ac309e4d2b83ec299bd0f0d4e2-f11d9fe07d7e4e3a","Haunted Screen","0.21","0.21","","","","","legacy_only","magic","Magic: The Gathering","audited legacy RPC label; Scryfall reference present","2026-09-08 17:01:04.81794+00","2026-09-08 17:01:04.81794+00"
"chaos-5d25d7ac309e4d2b83ec299bd0f0d4e2-f1ea63e350964fc9","Revelsong Horn","0.12","0.12","","","","","legacy_only","magic","Magic: The Gathering","audited legacy RPC label; Scryfall reference present","2026-09-08 17:01:04.81794+00","2026-09-08 17:01:04.81794+00"
"chaos-5d25d7ac309e4d2b83ec299bd0f0d4e2-f32f12f438714a89","Tura Kennerüd, Skyknight","0.16","0.16","","","","","legacy_only","magic","Magic: The Gathering","audited legacy RPC label; Scryfall reference present","2026-09-08 17:01:04.81794+00","2026-09-08 17:01:04.81794+00"
"chaos-5d25d7ac309e4d2b83ec299bd0f0d4e2-f5188d4877c644f1","Team Pennant","0.19","0.19","","","","","legacy_only","magic","Magic: The Gathering","audited legacy RPC label; Scryfall reference present","2026-09-08 17:01:04.81794+00","2026-09-08 17:01:04.81794+00"
"chaos-5d25d7ac309e4d2b83ec299bd0f0d4e2-f72bc1667374408a","Primal Empathy","0.22","0.22","","","","","legacy_only","magic","Magic: The Gathering","audited legacy RPC label; Scryfall reference present","2026-09-08 17:01:04.81794+00","2026-09-08 17:01:04.81794+00"
"chaos-5d25d7ac309e4d2b83ec299bd0f0d4e2-f8a03812926343b0","Fifty Feet of Rope","0.18","0.18","","","","","legacy_only","magic","Magic: The Gathering","audited legacy RPC label; Scryfall reference present","2026-09-08 17:01:04.81794+00","2026-09-08 17:01:04.81794+00"
"chaos-5d25d7ac309e4d2b83ec299bd0f0d4e2-fa126a97f2d94c60","Corpse Appraiser","0.10","0.10","","","","","legacy_only","magic","Magic: The Gathering","audited legacy RPC label; Scryfall reference present","2026-09-08 17:01:04.81794+00","2026-09-08 17:01:04.81794+00"
"chaos-5d25d7ac309e4d2b83ec299bd0f0d4e2-fa86ec3ddbc249a5","Boros Challenger","0.10","0.10","","","","","legacy_only","magic","Magic: The Gathering","audited legacy RPC label; Scryfall reference present","2026-09-08 17:01:04.81794+00","2026-09-08 17:01:04.81794+00"
"chaos-62e742fa4f174ec995e9c15ce2e7b563-0e9dd4ae5db74c27","Nahiri, Storm of Stone","0.25","0.25","","","","","legacy_only","magic","Magic: The Gathering","audited legacy RPC label; Scryfall reference present","2026-09-09 02:42:02.182775+00","2026-09-09 02:42:02.182775+00"
"chaos-62e742fa4f174ec995e9c15ce2e7b563-1c75126a828143d8","Slick Sequence","0.27","0.27","","","","","legacy_only","magic","Magic: The Gathering","audited legacy RPC label; Scryfall reference present","2026-09-09 02:42:02.182775+00","2026-09-09 02:42:02.182775+00"
"chaos-62e742fa4f174ec995e9c15ce2e7b563-21a9c5e091204b1a","Sunhome Guildmage","0.07","0.07","","","","","legacy_only","magic","Magic: The Gathering","audited legacy RPC label; Scryfall reference present","2026-09-09 02:42:02.182775+00","2026-09-09 02:42:02.182775+00"
"chaos-62e742fa4f174ec995e9c15ce2e7b563-2203611bad5e42a4","Improbable Alliance","0.30","0.30","","","","","legacy_only","magic","Magic: The Gathering","audited legacy RPC label; Scryfall reference present","2026-09-09 02:42:02.182775+00","2026-09-09 02:42:02.182775+00"
"chaos-62e742fa4f174ec995e9c15ce2e7b563-259e877a05fc4c09","Ivory Tower","0.92","0.92","","","","","legacy_only","magic","Magic: The Gathering","audited legacy RPC label; Scryfall reference present","2026-09-09 02:42:02.182775+00","2026-09-09 02:42:02.182775+00"
"chaos-62e742fa4f174ec995e9c15ce2e7b563-2c3c80ecb1d24e95","Metropolis Angel","0.40","0.40","","","","","legacy_only","magic","Magic: The Gathering","audited legacy RPC label; Scryfall reference present","2026-09-09 02:42:02.182775+00","2026-09-09 02:42:02.182775+00"
"chaos-62e742fa4f174ec995e9c15ce2e7b563-35846b0b67c941f7","Eutropia the Twice-Favored","0.15","0.15","","","","","legacy_only","magic","Magic: The Gathering","audited legacy RPC label; Scryfall reference present","2026-09-09 02:42:02.182775+00","2026-09-09 02:42:02.182775+00"
"chaos-62e742fa4f174ec995e9c15ce2e7b563-36cd21dd09004e8b","Empyrean Eagle","0.32","0.32","","","","","legacy_only","magic","Magic: The Gathering","audited legacy RPC label; Scryfall reference present","2026-09-09 02:42:02.182775+00","2026-09-09 02:42:02.182775+00"
"chaos-62e742fa4f174ec995e9c15ce2e7b563-3d7c84be4ec4481e","Heroic Reinforcements","0.18","0.18","","","","","legacy_only","magic","Magic: The Gathering","audited legacy RPC label; Scryfall reference present","2026-09-09 02:42:02.182775+00","2026-09-09 02:42:02.182775+00"
"chaos-62e742fa4f174ec995e9c15ce2e7b563-416b04eb8877480c","Nightkin Ambusher","0.32","0.32","","","","","legacy_only","magic","Magic: The Gathering","audited legacy RPC label; Scryfall reference present","2026-09-09 02:42:02.182775+00","2026-09-09 02:42:02.182775+00"
"chaos-62e742fa4f174ec995e9c15ce2e7b563-4624ca6d57b442fb","Dreadwing Scavenger","0.85","0.85","","","","","legacy_only","magic","Magic: The Gathering","audited legacy RPC label; Scryfall reference present","2026-09-09 02:42:02.182775+00","2026-09-09 02:42:02.182775+00"
"chaos-62e742fa4f174ec995e9c15ce2e7b563-468db788725e4ca6","Prodigy's Prototype","1.60","1.60","0.50","","","","both_different","magic","Magic: The Gathering","audited legacy RPC label; Scryfall reference present","2026-09-09 02:42:02.182775+00","2026-09-22 00:32:46.237703+00"
"chaos-62e742fa4f174ec995e9c15ce2e7b563-483d525b14814b49","Sphinx of New Prahv","0.21","0.21","","","","","legacy_only","magic","Magic: The Gathering","audited legacy RPC label; Scryfall reference present","2026-09-09 02:42:02.182775+00","2026-09-09 02:42:02.182775+00"
"chaos-62e742fa4f174ec995e9c15ce2e7b563-489bd75d623d48b3","Stalwart Successor","0.21","0.21","","","","","legacy_only","magic","Magic: The Gathering","audited legacy RPC label; Scryfall reference present","2026-09-09 02:42:02.182775+00","2026-09-09 02:42:02.182775+00"
"chaos-62e742fa4f174ec995e9c15ce2e7b563-48d90c220b4a4c2f","Riverwheel Sweep","0.38","0.38","","","","","legacy_only","magic","Magic: The Gathering","audited legacy RPC label; Scryfall reference present","2026-09-09 02:42:02.182775+00","2026-09-09 02:42:02.182775+00"
"chaos-62e742fa4f174ec995e9c15ce2e7b563-48f091ddb5794a93","Worldsoul Colossus","0.08","0.08","","","","","legacy_only","magic","Magic: The Gathering","audited legacy RPC label; Scryfall reference present","2026-09-09 02:42:02.182775+00","2026-09-09 02:42:02.182775+00"
"chaos-62e742fa4f174ec995e9c15ce2e7b563-4944b744093c4f75","Wardens of the Cycle","0.63","0.63","","","","","legacy_only","magic","Magic: The Gathering","audited legacy RPC label; Scryfall reference present","2026-09-09 02:42:02.182775+00","2026-09-09 02:42:02.182775+00"
"chaos-62e742fa4f174ec995e9c15ce2e7b563-4bd5682db2c54cf3","Mr. Orfeo, the Boulder","0.42","0.42","","","","","legacy_only","magic","Magic: The Gathering","audited legacy RPC label; Scryfall reference present","2026-09-09 02:42:02.182775+00","2026-09-09 02:42:02.182775+00"
"chaos-62e742fa4f174ec995e9c15ce2e7b563-4f9c3210220c44b1","Beetleform Mage","0.05","0.05","","","","","legacy_only","magic","Magic: The Gathering","audited legacy RPC label; Scryfall reference present","2026-09-09 02:42:02.182775+00","2026-09-09 02:42:02.182775+00"
"chaos-62e742fa4f174ec995e9c15ce2e7b563-5b5172c23c9f4e28","Lion Heart","0.18","0.18","","","","","legacy_only","magic","Magic: The Gathering","audited legacy RPC label; Scryfall reference present","2026-09-09 02:42:02.182775+00","2026-09-09 02:42:02.182775+00"
"chaos-62e742fa4f174ec995e9c15ce2e7b563-5d25440afa044e02","Raul, Trouble Shooter","1.34","1.34","","","","","legacy_only","magic","Magic: The Gathering","audited legacy RPC label; Scryfall reference present","2026-09-09 02:42:02.182775+00","2026-09-09 02:42:02.182775+00"
"chaos-62e742fa4f174ec995e9c15ce2e7b563-5e6ecf3f9d5c4cca","Nightveil Predator","0.44","0.44","","","","","legacy_only","magic","Magic: The Gathering","audited legacy RPC label; Scryfall reference present","2026-09-09 02:42:02.182775+00","2026-09-09 02:42:02.182775+00"
"chaos-62e742fa4f174ec995e9c15ce2e7b563-637968d5bef14096","Spire Patrol","0.19","0.19","","","","","legacy_only","magic","Magic: The Gathering","audited legacy RPC label; Scryfall reference present","2026-09-09 02:42:02.182775+00","2026-09-09 02:42:02.182775+00"
"chaos-62e742fa4f174ec995e9c15ce2e7b563-683d0a5dcf0f469a","Conclave Cavalier","0.46","0.46","","","","","legacy_only","magic","Magic: The Gathering","audited legacy RPC label; Scryfall reference present","2026-09-09 02:42:02.182775+00","2026-09-09 02:42:02.182775+00"
"chaos-62e742fa4f174ec995e9c15ce2e7b563-6a7634da6bca4f83","Shapers of Nature","0.22","0.22","","","","","legacy_only","magic","Magic: The Gathering","audited legacy RPC label; Scryfall reference present","2026-09-09 02:42:02.182775+00","2026-09-09 02:42:02.182775+00"
"chaos-62e742fa4f174ec995e9c15ce2e7b563-977e615162b041ee","Emissary of Soulfire","0.22","0.22","","","","","legacy_only","magic","Magic: The Gathering","audited legacy RPC label; Scryfall reference present","2026-09-09 02:42:02.182775+00","2026-09-09 02:42:02.182775+00"
"chaos-62e742fa4f174ec995e9c15ce2e7b563-9b01900532204d93","Fishing Pole","0.21","0.21","","","","","legacy_only","magic","Magic: The Gathering","audited legacy RPC label; Scryfall reference present","2026-09-09 02:42:02.182775+00","2026-09-09 02:42:02.182775+00"
"chaos-62e742fa4f174ec995e9c15ce2e7b563-a22e1a4f75934cae","Regal Leosaur","0.44","0.44","","","","","legacy_only","magic","Magic: The Gathering","audited legacy RPC label; Scryfall reference present","2026-09-09 02:42:02.182775+00","2026-09-09 02:42:02.182775+00"
"chaos-62e742fa4f174ec995e9c15ce2e7b563-ad8bdec12b824e4f","Jolene, Plundering Pugilist","0.24","0.24","","","","","legacy_only","magic","Magic: The Gathering","audited legacy RPC label; Scryfall reference present","2026-09-09 02:42:02.182775+00","2026-09-09 02:42:02.182775+00"
"chaos-62e742fa4f174ec995e9c15ce2e7b563-ae4cb2fad54d41a4","Sawblade Skinripper","0.17","0.17","","","","","legacy_only","magic","Magic: The Gathering","audited legacy RPC label; Scryfall reference present","2026-09-09 02:42:02.182775+00","2026-09-09 02:42:02.182775+00"
"chaos-62e742fa4f174ec995e9c15ce2e7b563-b547856ef6274b71","Ruthless Lawbringer","0.25","0.25","","","","","legacy_only","magic","Magic: The Gathering","audited legacy RPC label; Scryfall reference present","2026-09-09 02:42:02.182775+00","2026-09-09 02:42:02.182775+00"
"chaos-62e742fa4f174ec995e9c15ce2e7b563-ba7550f203f84bee","Staggering Insight","0.35","0.35","","","","","legacy_only","magic","Magic: The Gathering","audited legacy RPC label; Scryfall reference present","2026-09-09 02:42:02.182775+00","2026-09-09 02:42:02.182775+00"
"chaos-62e742fa4f174ec995e9c15ce2e7b563-bde4ae5ada6a49d3","Abzan Monument","0.17","0.17","","","","","legacy_only","magic","Magic: The Gathering","audited legacy RPC label; Scryfall reference present","2026-09-09 02:42:02.182775+00","2026-09-09 02:42:02.182775+00"
"chaos-62e742fa4f174ec995e9c15ce2e7b563-c9d712d80f2f4ecc","Aerial Engineer","0.07","0.07","","","","","legacy_only","magic","Magic: The Gathering","audited legacy RPC label; Scryfall reference present","2026-09-09 02:42:02.182775+00","2026-09-09 02:42:02.182775+00"
"chaos-62e742fa4f174ec995e9c15ce2e7b563-cd9afb7b4406402a","Inspiring Veteran","1.10","1.10","","","","","legacy_only","magic","Magic: The Gathering","audited legacy RPC label; Scryfall reference present","2026-09-09 02:42:02.182775+00","2026-09-09 02:42:02.182775+00"
"chaos-62e742fa4f174ec995e9c15ce2e7b563-da68e6ff34c345e2","Parcelbeast","0.22","0.22","","","","","legacy_only","magic","Magic: The Gathering","audited legacy RPC label; Scryfall reference present","2026-09-09 02:42:02.182775+00","2026-09-09 02:42:02.182775+00"
"chaos-62e742fa4f174ec995e9c15ce2e7b563-e5ef9a2fe71047b0","Humiliate","0.17","0.17","","","","","legacy_only","magic","Magic: The Gathering","audited legacy RPC label; Scryfall reference present","2026-09-09 02:42:02.182775+00","2026-09-09 02:42:02.182775+00"
"chaos-62e742fa4f174ec995e9c15ce2e7b563-e81fd619bbac4c8a","Kishla Skimmer","0.48","0.48","","","","","legacy_only","magic","Magic: The Gathering","audited legacy RPC label; Scryfall reference present","2026-09-09 02:42:02.182775+00","2026-09-09 02:42:02.182775+00"
"chaos-62e742fa4f174ec995e9c15ce2e7b563-ea9a8684cc434fc2","Temur Monument","0.36","0.36","","","","","legacy_only","magic","Magic: The Gathering","audited legacy RPC label; Scryfall reference present","2026-09-09 02:42:02.182775+00","2026-09-09 02:42:02.182775+00"
"chaos-62e742fa4f174ec995e9c15ce2e7b563-ee5f18c5636b4325","Troyan, Gutsy Explorer","0.21","0.21","","","","","legacy_only","magic","Magic: The Gathering","audited legacy RPC label; Scryfall reference present","2026-09-09 02:42:02.182775+00","2026-09-09 02:42:02.182775+00"
"chaos-62e742fa4f174ec995e9c15ce2e7b563-f1fc2b928bfd408a","Jeskai Monument","0.36","0.36","","","","","legacy_only","magic","Magic: The Gathering","audited legacy RPC label; Scryfall reference present","2026-09-09 02:42:02.182775+00","2026-09-09 02:42:02.182775+00"
"chaos-62e742fa4f174ec995e9c15ce2e7b563-f4f827c1d6bd482b","Mardu Monument","0.34","0.34","","","","","legacy_only","magic","Magic: The Gathering","audited legacy RPC label; Scryfall reference present","2026-09-09 02:42:02.182775+00","2026-09-09 02:42:02.182775+00"
"chaos-62e742fa4f174ec995e9c15ce2e7b563-f9472ecca43a42b6","Rakshasa's Bargain","0.69","0.69","","","","","legacy_only","magic","Magic: The Gathering","audited legacy RPC label; Scryfall reference present","2026-09-09 02:42:02.182775+00","2026-09-09 02:42:02.182775+00"
"chaos-62e742fa4f174ec995e9c15ce2e7b563-fdc80b1a1fbb46e8","Citadel Castellan","0.08","0.08","","","","","legacy_only","magic","Magic: The Gathering","audited legacy RPC label; Scryfall reference present","2026-09-09 02:42:02.182775+00","2026-09-09 02:42:02.182775+00"
"chaos-62e742fa4f174ec995e9c15ce2e7b563-feaa38ba0d704d97","Adventuring Gear","1.16","1.16","","","","","legacy_only","magic","Magic: The Gathering","audited legacy RPC label; Scryfall reference present","2026-09-09 02:42:02.182775+00","2026-09-09 02:42:02.182775+00"
"chaos-6dcf0445efa74997b7e64ac6332d72ec-0129ed77d4af47b8","Novel Nunchaku","0.38","0.38","","","","","legacy_only","magic","Magic: The Gathering","audited legacy RPC label; Scryfall reference present","2026-09-19 21:58:57.216461+00","2026-09-19 21:58:57.216461+00"
"chaos-6dcf0445efa74997b7e64ac6332d72ec-06d23bad88674e10","Turtle Lair","0.19","0.19","","","","","legacy_only","magic","Magic: The Gathering","audited legacy RPC label; Scryfall reference present","2026-09-19 21:58:57.216461+00","2026-09-19 21:58:57.216461+00"
"chaos-6dcf0445efa74997b7e64ac6332d72ec-0910c62db19140f2","Shredder's Technique","0.62","0.62","","","","","legacy_only","magic","Magic: The Gathering","audited legacy RPC label; Scryfall reference present","2026-09-19 21:58:57.216461+00","2026-09-19 21:58:57.216461+00"
"chaos-6dcf0445efa74997b7e64ac6332d72ec-0df7934643684f0c","Go Ninja Go","0.25","0.25","","","","","legacy_only","magic","Magic: The Gathering","audited legacy RPC label; Scryfall reference present","2026-09-19 21:58:57.216461+00","2026-09-19 21:58:57.216461+00"
"chaos-6dcf0445efa74997b7e64ac6332d72ec-0eb3a8d8f67a4652","Spider-Byte, Web Warden","0.23","0.23","","","","","legacy_only","magic","Magic: The Gathering","audited legacy RPC label; Scryfall reference present","2026-09-19 21:58:57.216461+00","2026-09-19 21:58:57.216461+00"
"chaos-6dcf0445efa74997b7e64ac6332d72ec-100c29aa15a74b12","Raphael, Most Attitude","0.36","0.36","","","","","legacy_only","magic","Magic: The Gathering","audited legacy RPC label; Scryfall reference present","2026-09-19 21:58:57.216461+00","2026-09-19 21:58:57.216461+00"
"chaos-6dcf0445efa74997b7e64ac6332d72ec-105e25f4e95449e7","Karai, Future of the Foot","0.56","0.56","","","","","legacy_only","magic","Magic: The Gathering","audited legacy RPC label; Scryfall reference present","2026-09-19 21:58:57.216461+00","2026-09-19 21:58:57.216461+00"
"chaos-6dcf0445efa74997b7e64ac6332d72ec-13b53f38d0d34082","Fugitive Droid","0.50","0.50","","","","","legacy_only","magic","Magic: The Gathering","audited legacy RPC label; Scryfall reference present","2026-09-19 21:58:57.216461+00","2026-09-19 21:58:57.216461+00"
"chaos-6dcf0445efa74997b7e64ac6332d72ec-14207c3a2789414a","Shredder's Armor","0.18","0.18","","","","","legacy_only","magic","Magic: The Gathering","audited legacy RPC label; Scryfall reference present","2026-09-19 21:58:57.216461+00","2026-09-19 21:58:57.216461+00"
"chaos-6dcf0445efa74997b7e64ac6332d72ec-1470c0c611dd4b32","Wraith, Vicious Vigilante","0.21","0.21","","","","","legacy_only","magic","Magic: The Gathering","audited legacy RPC label; Scryfall reference present","2026-09-19 21:58:57.216461+00","2026-09-19 21:58:57.216461+00"
"chaos-6dcf0445efa74997b7e64ac6332d72ec-14b714be7d074fd4","Bushy Bodyguard","0.32","0.32","","","","","legacy_only","magic","Magic: The Gathering","audited legacy RPC label; Scryfall reference present","2026-09-19 21:58:57.216461+00","2026-09-19 21:58:57.216461+00"
"chaos-6dcf0445efa74997b7e64ac6332d72ec-152578511d514fda","Leo's Guidance","0.31","0.31","","","","","legacy_only","magic","Magic: The Gathering","audited legacy RPC label; Scryfall reference present","2026-09-19 21:58:57.216461+00","2026-09-19 21:58:57.216461+00"
"chaos-6dcf0445efa74997b7e64ac6332d72ec-16c087a3be254f28","Oakhollow Village","0.77","0.77","","","","","legacy_only","magic","Magic: The Gathering","audited legacy RPC label; Scryfall reference present","2026-09-19 21:58:57.216461+00","2026-09-19 21:58:57.216461+00"
"chaos-6dcf0445efa74997b7e64ac6332d72ec-19880b91799f4f45","Brilliance Unleashed","0.10","0.10","","","","","legacy_only","magic","Magic: The Gathering","audited legacy RPC label; Scryfall reference present","2026-09-19 21:58:57.216461+00","2026-09-19 21:58:57.216461+00"
"chaos-6dcf0445efa74997b7e64ac6332d72ec-23744d959f034d02","Consumed by Greed","0.26","0.26","","","","","legacy_only","magic","Magic: The Gathering","audited legacy RPC label; Scryfall reference present","2026-09-19 21:58:57.216461+00","2026-09-19 21:58:57.216461+00"
"chaos-6dcf0445efa74997b7e64ac6332d72ec-2e8d44312eeb4a61","Harsh Annotation","0.26","0.26","","","","","legacy_only","magic","Magic: The Gathering","audited legacy RPC label; Scryfall reference present","2026-09-19 21:58:57.216461+00","2026-09-19 21:58:57.216461+00"
"chaos-6dcf0445efa74997b7e64ac6332d72ec-30818715cec04443","Henchbots","0.22","0.22","","","","","legacy_only","magic","Magic: The Gathering","audited legacy RPC label; Scryfall reference present","2026-09-19 21:58:57.216461+00","2026-09-19 21:58:57.216461+00"
"chaos-6dcf0445efa74997b7e64ac6332d72ec-36b45e78928b4194","Jennika's Technique","0.28","0.28","","","","","legacy_only","magic","Magic: The Gathering","audited legacy RPC label; Scryfall reference present","2026-09-19 21:58:57.216461+00","2026-09-19 21:58:57.216461+00"
"chaos-6dcf0445efa74997b7e64ac6332d72ec-37c7837dfb6e45c6","Koya, Death from Above","0.15","0.15","","","","","legacy_only","magic","Magic: The Gathering","audited legacy RPC label; Scryfall reference present","2026-09-19 21:58:57.216461+00","2026-09-19 21:58:57.216461+00"
"chaos-6dcf0445efa74997b7e64ac6332d72ec-3c1ca755960648ce","Lord Dregg, Insect Invader","0.25","0.25","","","","","legacy_only","magic","Magic: The Gathering","audited legacy RPC label; Scryfall reference present","2026-09-19 21:58:57.216461+00","2026-09-19 21:58:57.216461+00"
"chaos-6dcf0445efa74997b7e64ac6332d72ec-3d8b0108a5d841fa","Quintessential Katana","0.42","0.42","","","","","legacy_only","magic","Magic: The Gathering","audited legacy RPC label; Scryfall reference present","2026-09-19 21:58:57.216461+00","2026-09-19 21:58:57.216461+00"
"chaos-6dcf0445efa74997b7e64ac6332d72ec-44a328a20c544795","Bonecache Overseer","0.25","0.25","","","","","legacy_only","magic","Magic: The Gathering","audited legacy RPC label; Scryfall reference present","2026-09-19 21:58:57.216461+00","2026-09-19 21:58:57.216461+00"
"chaos-6dcf0445efa74997b7e64ac6332d72ec-45bed50625f74246","Vinereap Mentor","0.32","0.32","","","","","legacy_only","magic","Magic: The Gathering","audited legacy RPC label; Scryfall reference present","2026-09-19 21:58:57.216461+00","2026-09-19 21:58:57.216461+00"
"chaos-6dcf0445efa74997b7e64ac6332d72ec-45ce40cf11014d55","New Generation's Technique","0.24","0.24","","","","","legacy_only","magic","Magic: The Gathering","audited legacy RPC label; Scryfall reference present","2026-09-19 21:58:57.216461+00","2026-09-19 21:58:57.216461+00"
"chaos-6dcf0445efa74997b7e64ac6332d72ec-481b321fc7784d25","Venus, Torn Between Worlds","0.29","0.29","","","","","legacy_only","magic","Magic: The Gathering","audited legacy RPC label; Scryfall reference present","2026-09-19 21:58:57.216461+00","2026-09-19 21:58:57.216461+00"
"chaos-6dcf0445efa74997b7e64ac6332d72ec-4b739057309c40ca","Hoarder's Overflow","0.14","0.14","","","","","legacy_only","magic","Magic: The Gathering","audited legacy RPC label; Scryfall reference present","2026-09-19 21:58:57.216461+00","2026-09-19 21:58:57.216461+00"
"chaos-6dcf0445efa74997b7e64ac6332d72ec-4bea690c20c545f6","Moonstone Harbinger","0.28","0.28","","","","","legacy_only","magic","Magic: The Gathering","audited legacy RPC label; Scryfall reference present","2026-09-19 21:58:57.216461+00","2026-09-19 21:58:57.216461+00"
"chaos-6dcf0445efa74997b7e64ac6332d72ec-5160687f2fa6471a","Baxter Stockman","0.14","0.14","","","","","legacy_only","magic","Magic: The Gathering","audited legacy RPC label; Scryfall reference present","2026-09-19 21:58:57.216461+00","2026-09-19 21:58:57.216461+00"
"chaos-6dcf0445efa74997b7e64ac6332d72ec-51f8dca9f37c4f5a","April, Reporter of the Weird","0.29","0.29","","","","","legacy_only","magic","Magic: The Gathering","audited legacy RPC label; Scryfall reference present","2026-09-19 21:58:57.216461+00","2026-09-19 21:58:57.216461+00"
"chaos-6dcf0445efa74997b7e64ac6332d72ec-53a96ef11583495b","Shriek, Treblemaker","0.17","0.17","","","","","legacy_only","magic","Magic: The Gathering","audited legacy RPC label; Scryfall reference present","2026-09-19 21:58:57.216461+00","2026-09-19 21:58:57.216461+00"
"chaos-6dcf0445efa74997b7e64ac6332d72ec-5bab987533684d3c","The Neutrinos","0.22","0.22","","","","","legacy_only","magic","Magic: The Gathering","audited legacy RPC label; Scryfall reference present","2026-09-19 21:58:57.216461+00","2026-09-19 21:58:57.216461+00"
"chaos-6dcf0445efa74997b7e64ac6332d72ec-5c8a2d7bb17e4363","Pizza Face, Gastromancer","0.20","0.20","","","","","legacy_only","magic","Magic: The Gathering","audited legacy RPC label; Scryfall reference present","2026-09-19 21:58:57.216461+00","2026-09-19 21:58:57.216461+00"
"chaos-6dcf0445efa74997b7e64ac6332d72ec-64cd15297aa049a6","Lessons from Life","0.29","0.29","","","","","legacy_only","magic","Magic: The Gathering","audited legacy RPC label; Scryfall reference present","2026-09-19 21:58:57.216461+00","2026-09-19 21:58:57.216461+00"
"chaos-6dcf0445efa74997b7e64ac6332d72ec-66b9e48e8cf3423d","Wall Crawl","0.27","0.27","","","","","legacy_only","magic","Magic: The Gathering","audited legacy RPC label; Scryfall reference present","2026-09-19 21:58:57.216461+00","2026-09-19 21:58:57.216461+00"
"chaos-6dcf0445efa74997b7e64ac6332d72ec-694d2160b0ed401c","Aunt May","0.30","0.30","","","","","legacy_only","magic","Magic: The Gathering","audited legacy RPC label; Scryfall reference present","2026-09-19 21:58:57.216461+00","2026-09-19 21:58:57.216461+00"
"chaos-6dcf0445efa74997b7e64ac6332d72ec-6be99bdd42c94568","Skateboard","0.34","0.34","","","","","legacy_only","magic","Magic: The Gathering","audited legacy RPC label; Scryfall reference present","2026-09-19 21:58:57.216461+00","2026-09-19 21:58:57.216461+00"
"chaos-6dcf0445efa74997b7e64ac6332d72ec-70c9ec550a634e94","Featherbrained Filcher","0.22","0.22","","","","","legacy_only","magic","Magic: The Gathering","audited legacy RPC label; Scryfall reference present","2026-09-19 21:58:57.216461+00","2026-09-19 21:58:57.216461+00"
"chaos-6dcf0445efa74997b7e64ac6332d72ec-72f0bf92311e44e4","Pawpatch Formation","0.40","0.40","","","","","legacy_only","magic","Magic: The Gathering","audited legacy RPC label; Scryfall reference present","2026-09-19 21:58:57.216461+00","2026-09-19 21:58:57.216461+00"
"chaos-6dcf0445efa74997b7e64ac6332d72ec-73d89cc57a954aa9","Mona Lisa, Science Geek","0.29","0.29","","","","","legacy_only","magic","Magic: The Gathering","audited legacy RPC label; Scryfall reference present","2026-09-19 21:58:57.216461+00","2026-09-19 21:58:57.216461+00"
"chaos-6dcf0445efa74997b7e64ac6332d72ec-75cc9db328d24da2","Builder's Talent","0.18","0.18","","","","","legacy_only","magic","Magic: The Gathering","audited legacy RPC label; Scryfall reference present","2026-09-19 21:58:57.216461+00","2026-09-19 21:58:57.216461+00"
"chaos-6dcf0445efa74997b7e64ac6332d72ec-7dac9d729a19447f","Spider-Mobile","0.22","0.22","","","","","legacy_only","magic","Magic: The Gathering","audited legacy RPC label; Scryfall reference present","2026-09-19 21:58:57.216461+00","2026-09-19 21:58:57.216461+00"
"chaos-6dcf0445efa74997b7e64ac6332d72ec-7fae1ab0f1654789","Spicy Oatmeal Pizza","0.13","0.13","","","","","legacy_only","magic","Magic: The Gathering","audited legacy RPC label; Scryfall reference present","2026-09-19 21:58:57.216461+00","2026-09-19 21:58:57.216461+00"
"chaos-6dcf0445efa74997b7e64ac6332d72ec-805ccec28da9408e","Michelangelo, Mutant BFF","0.28","0.28","","","","","legacy_only","magic","Magic: The Gathering","audited legacy RPC label; Scryfall reference present","2026-09-19 21:58:57.216461+00","2026-09-19 21:58:57.216461+00"
"chaos-6dcf0445efa74997b7e64ac6332d72ec-86c60408093b4a9d","Shrike Force","0.31","0.31","","","","","legacy_only","magic","Magic: The Gathering","audited legacy RPC label; Scryfall reference present","2026-09-19 21:58:57.216461+00","2026-09-19 21:58:57.216461+00"
"chaos-6dcf0445efa74997b7e64ac6332d72ec-95d0c329eb874bcf","The Spot's Portal","0.23","0.23","","","","","legacy_only","magic","Magic: The Gathering","audited legacy RPC label; Scryfall reference present","2026-09-19 21:58:57.216461+00","2026-09-19 21:58:57.216461+00"
"chaos-6dcf0445efa74997b7e64ac6332d72ec-9d9268fc34514469","Leonardo, Leader in Blue","0.17","0.17","","","","","legacy_only","magic","Magic: The Gathering","audited legacy RPC label; Scryfall reference present","2026-09-19 21:58:57.216461+00","2026-09-19 21:58:57.216461+00"
"chaos-6dcf0445efa74997b7e64ac6332d72ec-9f4d157620aa460d","Saved by the Shell","0.28","0.28","","","","","legacy_only","magic","Magic: The Gathering","audited legacy RPC label; Scryfall reference present","2026-09-19 21:58:57.216461+00","2026-09-19 21:58:57.216461+00"
"chaos-6dcf0445efa74997b7e64ac6332d72ec-a63f7a9def7449eb","Lita, Little Orphan Amphibian","0.23","0.23","","","","","legacy_only","magic","Magic: The Gathering","audited legacy RPC label; Scryfall reference present","2026-09-19 21:58:57.216461+00","2026-09-19 21:58:57.216461+00"
"chaos-6dcf0445efa74997b7e64ac6332d72ec-abd35c80ed9144ea","Spellgyre","0.21","0.21","","","","","legacy_only","magic","Magic: The Gathering","audited legacy RPC label; Scryfall reference present","2026-09-19 21:58:57.216461+00","2026-09-19 21:58:57.216461+00"
"chaos-6dcf0445efa74997b7e64ac6332d72ec-b2904a75e8804f0f","Paramecia Coloniex","0.26","0.26","","","","","legacy_only","magic","Magic: The Gathering","audited legacy RPC label; Scryfall reference present","2026-09-19 21:58:57.216461+00","2026-09-19 21:58:57.216461+00"
"chaos-6dcf0445efa74997b7e64ac6332d72ec-b387deceb8f94fee","Courier of Comestibles","0.54","0.54","","","","","legacy_only","magic","Magic: The Gathering","audited legacy RPC label; Scryfall reference present","2026-09-19 21:58:57.216461+00","2026-09-19 21:58:57.216461+00"
"chaos-6dcf0445efa74997b7e64ac6332d72ec-b6da1531effc4e81","Scorpion, Seething Striker","0.25","0.25","","","","","legacy_only","magic","Magic: The Gathering","audited legacy RPC label; Scryfall reference present","2026-09-19 21:58:57.216461+00","2026-09-19 21:58:57.216461+00"
"chaos-6dcf0445efa74997b7e64ac6332d72ec-b70ae2337d244f1c","Dream Beavers","0.28","0.28","","","","","legacy_only","magic","Magic: The Gathering","audited legacy RPC label; Scryfall reference present","2026-09-19 21:58:57.216461+00","2026-09-19 21:58:57.216461+00"
"chaos-6dcf0445efa74997b7e64ac6332d72ec-c135142fffcd413b","Splinter, Hamato Yoshi","0.28","0.28","","","","","legacy_only","magic","Magic: The Gathering","audited legacy RPC label; Scryfall reference present","2026-09-19 21:58:57.216461+00","2026-09-19 21:58:57.216461+00"
"chaos-6dcf0445efa74997b7e64ac6332d72ec-c952637483294fdb","The Last Ronin's Technique","0.33","0.33","","","","","legacy_only","magic","Magic: The Gathering","audited legacy RPC label; Scryfall reference present","2026-09-19 21:58:57.216461+00","2026-09-19 21:58:57.216461+00"
"chaos-6dcf0445efa74997b7e64ac6332d72ec-ca7eb916e0344b43","Jennika's Technique","0.34","0.34","","","","","legacy_only","magic","Magic: The Gathering","audited legacy RPC label; Scryfall reference present","2026-09-19 21:58:57.216461+00","2026-09-19 21:58:57.216461+00"
"chaos-6dcf0445efa74997b7e64ac6332d72ec-cd817092e8ef462c","April, Reporter of the Weird","0.16","0.16","","","","","legacy_only","magic","Magic: The Gathering","audited legacy RPC label; Scryfall reference present","2026-09-19 21:58:57.216461+00","2026-09-19 21:58:57.216461+00"
"chaos-6dcf0445efa74997b7e64ac6332d72ec-d097cbcacba341ab","Ray Fillet, Man Ray","0.17","0.17","","","","","legacy_only","magic","Magic: The Gathering","audited legacy RPC label; Scryfall reference present","2026-09-19 21:58:57.216461+00","2026-09-19 21:58:57.216461+00"
"chaos-6dcf0445efa74997b7e64ac6332d72ec-dab469571bbc45d6","Living Brain, Mechanical Marvel","0.19","0.19","","","","","legacy_only","magic","Magic: The Gathering","audited legacy RPC label; Scryfall reference present","2026-09-19 21:58:57.216461+00","2026-09-19 21:58:57.216461+00"
"chaos-6dcf0445efa74997b7e64ac6332d72ec-dabf5fae37844e69","Dimensional Exile","0.60","0.60","","","","","legacy_only","magic","Magic: The Gathering","audited legacy RPC label; Scryfall reference present","2026-09-19 21:58:57.216461+00","2026-09-19 21:58:57.216461+00"
"chaos-6dcf0445efa74997b7e64ac6332d72ec-dda52edc31a84373","Scarlet Spider, Kaine","0.26","0.26","","","","","legacy_only","magic","Magic: The Gathering","audited legacy RPC label; Scryfall reference present","2026-09-19 21:58:57.216461+00","2026-09-19 21:58:57.216461+00"
"chaos-6dcf0445efa74997b7e64ac6332d72ec-ddf5e422e0494cee","Wingnut, Bat on the Belfry","0.34","0.34","","","","","legacy_only","magic","Magic: The Gathering","audited legacy RPC label; Scryfall reference present","2026-09-19 21:58:57.216461+00","2026-09-19 21:58:57.216461+00"
"chaos-6dcf0445efa74997b7e64ac6332d72ec-e3232b8113f545b6","Ooze Spill","0.63","0.63","","","","","legacy_only","magic","Magic: The Gathering","audited legacy RPC label; Scryfall reference present","2026-09-19 21:58:57.216461+00","2026-09-19 21:58:57.216461+00"
"chaos-6dcf0445efa74997b7e64ac6332d72ec-e9367724be164ed7","The Last Ronin's Technique","0.26","0.26","","","","","legacy_only","magic","Magic: The Gathering","audited legacy RPC label; Scryfall reference present","2026-09-19 21:58:57.216461+00","2026-09-19 21:58:57.216461+00"
"chaos-6dcf0445efa74997b7e64ac6332d72ec-e9addefb2e4d46e0","Karai's Technique","0.21","0.21","","","","","legacy_only","magic","Magic: The Gathering","audited legacy RPC label; Scryfall reference present","2026-09-19 21:58:57.216461+00","2026-09-19 21:58:57.216461+00"
"chaos-6dcf0445efa74997b7e64ac6332d72ec-ee3dd10145f04640","Rapturous Moment","0.29","0.29","","","","","legacy_only","magic","Magic: The Gathering","audited legacy RPC label; Scryfall reference present","2026-09-19 21:58:57.216461+00","2026-09-19 21:58:57.216461+00"
"chaos-6dcf0445efa74997b7e64ac6332d72ec-ee47ed7a185f4575","Old Hob, Alleycat Blues","0.12","0.12","","","","","legacy_only","magic","Magic: The Gathering","audited legacy RPC label; Scryfall reference present","2026-09-19 21:58:57.216461+00","2026-09-19 21:58:57.216461+00"
"chaos-6dcf0445efa74997b7e64ac6332d72ec-efbecb50dbbc45b6","Definitely Not a Turtle","0.32","0.32","","","","","legacy_only","magic","Magic: The Gathering","audited legacy RPC label; Scryfall reference present","2026-09-19 21:58:57.216461+00","2026-09-19 21:58:57.216461+00"
"chaos-6dcf0445efa74997b7e64ac6332d72ec-f70c48adcfa54422","General Traag, Heart of Stone","0.14","0.14","","","","","legacy_only","magic","Magic: The Gathering","audited legacy RPC label; Scryfall reference present","2026-09-19 21:58:57.216461+00","2026-09-19 21:58:57.216461+00"
"chaos-6dcf0445efa74997b7e64ac6332d72ec-f929fbb04c234a93","Death in the Family","0.17","0.17","","","","","legacy_only","magic","Magic: The Gathering","audited legacy RPC label; Scryfall reference present","2026-09-19 21:58:57.216461+00","2026-09-19 21:58:57.216461+00"
"chaos-6dcf0445efa74997b7e64ac6332d72ec-f9b949abdfb74439","Wooden Cane","0.24","0.24","","","","","legacy_only","magic","Magic: The Gathering","audited legacy RPC label; Scryfall reference present","2026-09-19 21:58:57.216461+00","2026-09-19 21:58:57.216461+00"
"chaos-6dcf0445efa74997b7e64ac6332d72ec-fab273ee558c4d8b","End of the Hunt","0.23","0.23","","","","","legacy_only","magic","Magic: The Gathering","audited legacy RPC label; Scryfall reference present","2026-09-19 21:58:57.216461+00","2026-09-19 21:58:57.216461+00"
"chaos-6dcf0445efa74997b7e64ac6332d72ec-fc912324677e4285","Bespoke Bō","0.46","0.46","","","","","legacy_only","magic","Magic: The Gathering","audited legacy RPC label; Scryfall reference present","2026-09-19 21:58:57.216461+00","2026-09-19 21:58:57.216461+00"
"chaos-6dcf0445efa74997b7e64ac6332d72ec-ff0cd803cfe3402b","Michelangelo, Mutant BFF","0.39","0.39","","","","","legacy_only","magic","Magic: The Gathering","audited legacy RPC label; Scryfall reference present","2026-09-19 21:58:57.216461+00","2026-09-19 21:58:57.216461+00"
"chaos-763122bb3c934b7aa5bcbd8876940e71-02d5eb70dce74a67","Great Ugly-Looking Goblin // Clap! Snap!","0.16","0.16","","","","","legacy_only","magic","Magic: The Gathering","audited legacy RPC label; Scryfall reference present","2026-09-19 22:10:09.92814+00","2026-09-19 22:10:09.92814+00"
"chaos-763122bb3c934b7aa5bcbd8876940e71-034ebc2ad2db4940","Dwarven Mauler","0.50","0.50","","","","","legacy_only","magic","Magic: The Gathering","audited legacy RPC label; Scryfall reference present","2026-09-19 22:10:09.92814+00","2026-09-19 22:10:09.92814+00"
"chaos-763122bb3c934b7aa5bcbd8876940e71-07ce038b6c1a413c","Bard the Bowman","0.21","0.21","","","","","legacy_only","magic","Magic: The Gathering","audited legacy RPC label; Scryfall reference present","2026-09-19 22:10:09.92814+00","2026-09-19 22:10:09.92814+00"
"chaos-763122bb3c934b7aa5bcbd8876940e71-0838e33229204ad6","Harvestrite Host","0.24","0.24","","","","","legacy_only","magic","Magic: The Gathering","audited legacy RPC label; Scryfall reference present","2026-09-19 22:10:09.92814+00","2026-09-19 22:10:09.92814+00"
"chaos-763122bb3c934b7aa5bcbd8876940e71-147845f97a7f4d8a","Curious Forager","0.31","0.31","","","","","legacy_only","magic","Magic: The Gathering","audited legacy RPC label; Scryfall reference present","2026-09-19 22:10:09.92814+00","2026-09-19 22:10:09.92814+00"
"chaos-763122bb3c934b7aa5bcbd8876940e71-14baf279b1e842b3","Karai, Future of the Foot","0.56","0.56","","","","","legacy_only","magic","Magic: The Gathering","audited legacy RPC label; Scryfall reference present","2026-09-19 22:10:09.92814+00","2026-09-19 22:10:09.92814+00"
"chaos-763122bb3c934b7aa5bcbd8876940e71-152da924416f47dd","Plumecreed Mentor","0.52","0.52","","","","","legacy_only","magic","Magic: The Gathering","audited legacy RPC label; Scryfall reference present","2026-09-19 22:10:09.92814+00","2026-09-19 22:10:09.92814+00"
"chaos-763122bb3c934b7aa5bcbd8876940e71-17dbf6720c874419","Courier of Comestibles","0.18","0.18","","","","","legacy_only","magic","Magic: The Gathering","audited legacy RPC label; Scryfall reference present","2026-09-19 22:10:09.92814+00","2026-09-19 22:10:09.92814+00"
"chaos-763122bb3c934b7aa5bcbd8876940e71-1a80a871e2d14fc1","Mighty Mutanimals","0.25","0.25","","","","","legacy_only","magic","Magic: The Gathering","audited legacy RPC label; Scryfall reference present","2026-09-19 22:10:09.92814+00","2026-09-19 22:10:09.92814+00"
"chaos-763122bb3c934b7aa5bcbd8876940e71-1cddd71dbe824c13","Hazel's Nocturne","0.22","0.22","","","","","legacy_only","magic","Magic: The Gathering","audited legacy RPC label; Scryfall reference present","2026-09-19 22:10:09.92814+00","2026-09-19 22:10:09.92814+00"
"chaos-763122bb3c934b7aa5bcbd8876940e71-23102fff5c6c49d6","Feather of Flight","0.33","0.33","","","","","legacy_only","magic","Magic: The Gathering","audited legacy RPC label; Scryfall reference present","2026-09-19 22:10:09.92814+00","2026-09-19 22:10:09.92814+00"
"chaos-763122bb3c934b7aa5bcbd8876940e71-3183e11c964e4ce1","Moonstone Harbinger","0.28","0.28","","","","","legacy_only","magic","Magic: The Gathering","audited legacy RPC label; Scryfall reference present","2026-09-19 22:10:09.92814+00","2026-09-19 22:10:09.92814+00"
"chaos-763122bb3c934b7aa5bcbd8876940e71-31c897c8b22a4d39","Brambleguard Captain","0.25","0.25","","","","","legacy_only","magic","Magic: The Gathering","audited legacy RPC label; Scryfall reference present","2026-09-19 22:10:09.92814+00","2026-09-19 22:10:09.92814+00"
"chaos-763122bb3c934b7aa5bcbd8876940e71-3461120509784402","Nasty Little Rabbit","0.50","0.50","","","","","legacy_only","magic","Magic: The Gathering","audited legacy RPC label; Scryfall reference present","2026-09-19 22:10:09.92814+00","2026-09-19 22:10:09.92814+00"
"chaos-763122bb3c934b7aa5bcbd8876940e71-35798bc17c354f0f","Venus, Torn Between Worlds","0.29","0.29","","","","","legacy_only","magic","Magic: The Gathering","audited legacy RPC label; Scryfall reference present","2026-09-19 22:10:09.92814+00","2026-09-19 22:10:09.92814+00"
"chaos-763122bb3c934b7aa5bcbd8876940e71-37819c2578aa4ce4","Dimensional Exile","0.40","0.40","","","","","legacy_only","magic","Magic: The Gathering","audited legacy RPC label; Scryfall reference present","2026-09-19 22:10:09.92814+00","2026-09-19 22:10:09.92814+00"
"chaos-763122bb3c934b7aa5bcbd8876940e71-3f18f72d18a545ca","Metalhead","0.23","0.23","","","","","legacy_only","magic","Magic: The Gathering","audited legacy RPC label; Scryfall reference present","2026-09-19 22:10:09.92814+00","2026-09-19 22:10:09.92814+00"
"chaos-763122bb3c934b7aa5bcbd8876940e71-4173f433bfac40f2","Fell","0.35","0.35","","","","","legacy_only","magic","Magic: The Gathering","audited legacy RPC label; Scryfall reference present","2026-09-19 22:10:09.92814+00","2026-09-19 22:10:09.92814+00"
"chaos-763122bb3c934b7aa5bcbd8876940e71-45231ef4443544bf","Donatello, Way with Machines","0.22","0.22","","","","","legacy_only","magic","Magic: The Gathering","audited legacy RPC label; Scryfall reference present","2026-09-19 22:10:09.92814+00","2026-09-19 22:10:09.92814+00"
"chaos-763122bb3c934b7aa5bcbd8876940e71-473609b0bdb14c1a","Flowerfoot Swordmaster","0.23","0.23","","","","","legacy_only","magic","Magic: The Gathering","audited legacy RPC label; Scryfall reference present","2026-09-19 22:10:09.92814+00","2026-09-19 22:10:09.92814+00"
"chaos-763122bb3c934b7aa5bcbd8876940e71-48ea1d3b5cde4f4f","Blacksmith's Talent","0.33","0.33","","","","","legacy_only","magic","Magic: The Gathering","audited legacy RPC label; Scryfall reference present","2026-09-19 22:10:09.92814+00","2026-09-19 22:10:09.92814+00"
"chaos-763122bb3c934b7aa5bcbd8876940e71-490f806944494676","Go Ninja Go","0.75","0.75","","","","","legacy_only","magic","Magic: The Gathering","audited legacy RPC label; Scryfall reference present","2026-09-19 22:10:09.92814+00","2026-09-19 22:10:09.92814+00"
"chaos-763122bb3c934b7aa5bcbd8876940e71-49db4f3eeea54dcc","Karai's Technique","0.36","0.36","","","","","legacy_only","magic","Magic: The Gathering","audited legacy RPC label; Scryfall reference present","2026-09-19 22:10:09.92814+00","2026-09-19 22:10:09.92814+00"
"chaos-763122bb3c934b7aa5bcbd8876940e71-4bdfa2be3e104fa7","Turtle Blimp","0.14","0.14","","","","","legacy_only","magic","Magic: The Gathering","audited legacy RPC label; Scryfall reference present","2026-09-19 22:10:09.92814+00","2026-09-19 22:10:09.92814+00"
"chaos-763122bb3c934b7aa5bcbd8876940e71-4cb64f664af147b9","Wandertale Mentor","0.25","0.25","","","","","legacy_only","magic","Magic: The Gathering","audited legacy RPC label; Scryfall reference present","2026-09-19 22:10:09.92814+00","2026-09-19 22:10:09.92814+00"
"chaos-763122bb3c934b7aa5bcbd8876940e71-53de48d15a85451b","Overprotect","1.71","1.71","","","","","legacy_only","magic","Magic: The Gathering","audited legacy RPC label; Scryfall reference present","2026-09-19 22:10:09.92814+00","2026-09-19 22:10:09.92814+00"
"chaos-763122bb3c934b7aa5bcbd8876940e71-57aeee220d534eac","April, Reporter of the Weird","0.29","0.29","","","","","legacy_only","magic","Magic: The Gathering","audited legacy RPC label; Scryfall reference present","2026-09-19 22:10:09.92814+00","2026-09-19 22:10:09.92814+00"
"chaos-763122bb3c934b7aa5bcbd8876940e71-58604444b0394a75","Thranduil's Decree","0.18","0.18","","","","","legacy_only","magic","Magic: The Gathering","audited legacy RPC label; Scryfall reference present","2026-09-19 22:10:09.92814+00","2026-09-19 22:10:09.92814+00"
"chaos-763122bb3c934b7aa5bcbd8876940e71-59b4ed11d82142c8","Mouse Trapper","0.25","0.25","","","","","legacy_only","magic","Magic: The Gathering","audited legacy RPC label; Scryfall reference present","2026-09-19 22:10:09.92814+00","2026-09-19 22:10:09.92814+00"
"chaos-763122bb3c934b7aa5bcbd8876940e71-610666bb2e864a55","Heirloom Epic","0.21","0.21","","","","","legacy_only","magic","Magic: The Gathering","audited legacy RPC label; Scryfall reference present","2026-09-19 22:10:09.92814+00","2026-09-19 22:10:09.92814+00"
"chaos-763122bb3c934b7aa5bcbd8876940e71-61b9acff4dce4ac9","Hard-Won Jitte","0.26","0.26","","","","","legacy_only","magic","Magic: The Gathering","audited legacy RPC label; Scryfall reference present","2026-09-19 22:10:09.92814+00","2026-09-19 22:10:09.92814+00"
"chaos-763122bb3c934b7aa5bcbd8876940e71-626f4ee953bc4a62","Tidecaller Mentor","1.00","1.00","","","","","legacy_only","magic","Magic: The Gathering","audited legacy RPC label; Scryfall reference present","2026-09-19 22:10:09.92814+00","2026-09-19 22:10:09.92814+00"
"chaos-763122bb3c934b7aa5bcbd8876940e71-657bc82bd30d43d5","Bandit's Talent","0.38","0.38","","","","","legacy_only","magic","Magic: The Gathering","audited legacy RPC label; Scryfall reference present","2026-09-19 22:10:09.92814+00","2026-09-19 22:10:09.92814+00"
"chaos-763122bb3c934b7aa5bcbd8876940e71-65bc8b7f515141ac","Dewdrop Cure","0.25","0.25","","","","","legacy_only","magic","Magic: The Gathering","audited legacy RPC label; Scryfall reference present","2026-09-19 22:10:09.92814+00","2026-09-19 22:10:09.92814+00"
"chaos-763122bb3c934b7aa5bcbd8876940e71-67c86f8ee7094c24","Everything Pizza","0.20","0.20","","","","","legacy_only","magic","Magic: The Gathering","audited legacy RPC label; Scryfall reference present","2026-09-19 22:10:09.92814+00","2026-09-19 22:10:09.92814+00"
"chaos-763122bb3c934b7aa5bcbd8876940e71-686c6453818441ae","Quintessential Katana","0.21","0.21","","","","","legacy_only","magic","Magic: The Gathering","audited legacy RPC label; Scryfall reference present","2026-09-19 22:10:09.92814+00","2026-09-19 22:10:09.92814+00"
"chaos-763122bb3c934b7aa5bcbd8876940e71-695bc0da835d4dbc","Baxter Stockman","0.14","0.14","","","","","legacy_only","magic","Magic: The Gathering","audited legacy RPC label; Scryfall reference present","2026-09-19 22:10:09.92814+00","2026-09-19 22:10:09.92814+00"
"chaos-763122bb3c934b7aa5bcbd8876940e71-6a4d95713056415e","Sound the Trumpets","0.14","0.14","","","","","legacy_only","magic","Magic: The Gathering","audited legacy RPC label; Scryfall reference present","2026-09-19 22:10:09.92814+00","2026-09-19 22:10:09.92814+00"
"chaos-763122bb3c934b7aa5bcbd8876940e71-6a745d2932fe4381","Pizza Face, Gastromancer","0.20","0.20","","","","","legacy_only","magic","Magic: The Gathering","audited legacy RPC label; Scryfall reference present","2026-09-19 22:10:09.92814+00","2026-09-19 22:10:09.92814+00"
"chaos-763122bb3c934b7aa5bcbd8876940e71-74c6f8aa7f944669","Wick's Patrol","0.16","0.16","","","","","legacy_only","magic","Magic: The Gathering","audited legacy RPC label; Scryfall reference present","2026-09-19 22:10:09.92814+00","2026-09-19 22:10:09.92814+00"
"chaos-763122bb3c934b7aa5bcbd8876940e71-759c02267f564a07","Heartfire Hero","0.33","0.33","","","","","legacy_only","magic","Magic: The Gathering","audited legacy RPC label; Scryfall reference present","2026-09-19 22:10:09.92814+00","2026-09-19 22:10:09.92814+00"
"chaos-763122bb3c934b7aa5bcbd8876940e71-7abcf498cf824bb3","Lessons from Life","0.29","0.29","","","","","legacy_only","magic","Magic: The Gathering","audited legacy RPC label; Scryfall reference present","2026-09-19 22:10:09.92814+00","2026-09-19 22:10:09.92814+00"
"chaos-763122bb3c934b7aa5bcbd8876940e71-7e232b71cd984179","Old Hob, Alleycat Blues","0.12","0.12","","","","","legacy_only","magic","Magic: The Gathering","audited legacy RPC label; Scryfall reference present","2026-09-19 22:10:09.92814+00","2026-09-19 22:10:09.92814+00"
"chaos-763122bb3c934b7aa5bcbd8876940e71-7fe9ca3b699b4451","Donatello's Technique","0.29","0.29","","","","","legacy_only","magic","Magic: The Gathering","audited legacy RPC label; Scryfall reference present","2026-09-19 22:10:09.92814+00","2026-09-19 22:10:09.92814+00"
"chaos-763122bb3c934b7aa5bcbd8876940e71-8c0d94502b844c3a","Large Bear","0.23","0.23","","","","","legacy_only","magic","Magic: The Gathering","audited legacy RPC label; Scryfall reference present","2026-09-19 22:10:09.92814+00","2026-09-19 22:10:09.92814+00"
"chaos-763122bb3c934b7aa5bcbd8876940e71-8f1544cbd2204dde","Genghis Frog","0.29","0.29","","","","","legacy_only","magic","Magic: The Gathering","audited legacy RPC label; Scryfall reference present","2026-09-19 22:10:09.92814+00","2026-09-19 22:10:09.92814+00"
"chaos-763122bb3c934b7aa5bcbd8876940e71-8f290de7cd274888","Fugitive Droid","0.25","0.25","","","","","legacy_only","magic","Magic: The Gathering","audited legacy RPC label; Scryfall reference present","2026-09-19 22:10:09.92814+00","2026-09-19 22:10:09.92814+00"
"chaos-763122bb3c934b7aa5bcbd8876940e71-918eab95618b4ad2","Quaketusk Boar","0.16","0.16","","","","","legacy_only","magic","Magic: The Gathering","audited legacy RPC label; Scryfall reference present","2026-09-19 22:10:09.92814+00","2026-09-19 22:10:09.92814+00"
"chaos-763122bb3c934b7aa5bcbd8876940e71-967f406ea44343e7","Dream Beavers","0.28","0.28","","","","","legacy_only","magic","Magic: The Gathering","audited legacy RPC label; Scryfall reference present","2026-09-19 22:10:09.92814+00","2026-09-19 22:10:09.92814+00"
"chaos-763122bb3c934b7aa5bcbd8876940e71-9a73fee3943d4785","Beorn's Hospitality","0.27","0.27","","","","","legacy_only","magic","Magic: The Gathering","audited legacy RPC label; Scryfall reference present","2026-09-19 22:10:09.92814+00","2026-09-19 22:10:09.92814+00"
"chaos-763122bb3c934b7aa5bcbd8876940e71-9b5c2840191a4a1b","Turtle Lair","0.19","0.19","","","","","legacy_only","magic","Magic: The Gathering","audited legacy RPC label; Scryfall reference present","2026-09-19 22:10:09.92814+00","2026-09-19 22:10:09.92814+00"
"chaos-763122bb3c934b7aa5bcbd8876940e71-9d61f34b7a4a4ea3","Eddymurk Crab","1.05","1.05","","","","","legacy_only","magic","Magic: The Gathering","audited legacy RPC label; Scryfall reference present","2026-09-19 22:10:09.92814+00","2026-09-19 22:10:09.92814+00"
"chaos-763122bb3c934b7aa5bcbd8876940e71-9e08f0a88bb94235","Bifur, Melodic Rider","0.20","0.20","","","","","legacy_only","magic","Magic: The Gathering","audited legacy RPC label; Scryfall reference present","2026-09-19 22:10:09.92814+00","2026-09-19 22:10:09.92814+00"
"chaos-763122bb3c934b7aa5bcbd8876940e71-9e2c2902e736450f","Burrowguard Mentor","0.27","0.27","","","","","legacy_only","magic","Magic: The Gathering","audited legacy RPC label; Scryfall reference present","2026-09-19 22:10:09.92814+00","2026-09-19 22:10:09.92814+00"
"chaos-763122bb3c934b7aa5bcbd8876940e71-a3c27ba930084b7a","Shredder's Technique","0.24","0.24","","","","","legacy_only","magic","Magic: The Gathering","audited legacy RPC label; Scryfall reference present","2026-09-19 22:10:09.92814+00","2026-09-19 22:10:09.92814+00"
"chaos-763122bb3c934b7aa5bcbd8876940e71-b153b4eaa8064294","Ravenhill Flock","0.21","0.21","","","","","legacy_only","magic","Magic: The Gathering","audited legacy RPC label; Scryfall reference present","2026-09-19 22:10:09.92814+00","2026-09-19 22:10:09.92814+00"
"chaos-763122bb3c934b7aa5bcbd8876940e71-b573056c9d66431c","Master's Councillors","0.14","0.14","","","","","legacy_only","magic","Magic: The Gathering","audited legacy RPC label; Scryfall reference present","2026-09-19 22:10:09.92814+00","2026-09-19 22:10:09.92814+00"
"chaos-763122bb3c934b7aa5bcbd8876940e71-b6a50c98d21548e4","Calamitous Tide","0.12","0.12","","","","","legacy_only","magic","Magic: The Gathering","audited legacy RPC label; Scryfall reference present","2026-09-19 22:10:09.92814+00","2026-09-19 22:10:09.92814+00"
"chaos-763122bb3c934b7aa5bcbd8876940e71-c09f3b2774324b16","Wear Down","0.27","0.27","","","","","legacy_only","magic","Magic: The Gathering","audited legacy RPC label; Scryfall reference present","2026-09-19 22:10:09.92814+00","2026-09-19 22:10:09.92814+00"
"chaos-763122bb3c934b7aa5bcbd8876940e71-c131859342d34ba6","Thrór's Map","0.28","0.28","","","","","legacy_only","magic","Magic: The Gathering","audited legacy RPC label; Scryfall reference present","2026-09-19 22:10:09.92814+00","2026-09-19 22:10:09.92814+00"
"chaos-763122bb3c934b7aa5bcbd8876940e71-c1d9e4d62b1c4930","Wingnut, Bat on the Belfry","0.34","0.34","","","","","legacy_only","magic","Magic: The Gathering","audited legacy RPC label; Scryfall reference present","2026-09-19 22:10:09.92814+00","2026-09-19 22:10:09.92814+00"
"chaos-763122bb3c934b7aa5bcbd8876940e71-c88a5862a53f4152","Burn, Burn, Tree and Fern","0.15","0.15","","","","","legacy_only","magic","Magic: The Gathering","audited legacy RPC label; Scryfall reference present","2026-09-19 22:10:09.92814+00","2026-09-19 22:10:09.92814+00"
"chaos-763122bb3c934b7aa5bcbd8876940e71-cd4b9ff353fd45cc","Paramecia Coloniex","0.26","0.26","","","","","legacy_only","magic","Magic: The Gathering","audited legacy RPC label; Scryfall reference present","2026-09-19 22:10:09.92814+00","2026-09-19 22:10:09.92814+00"
"chaos-763122bb3c934b7aa5bcbd8876940e71-d2d5572e3485442d","Jennika's Technique","0.28","0.28","","","","","legacy_only","magic","Magic: The Gathering","audited legacy RPC label; Scryfall reference present","2026-09-19 22:10:09.92814+00","2026-09-19 22:10:09.92814+00"
"chaos-763122bb3c934b7aa5bcbd8876940e71-d76ca186bbfe4ae7","Glóin the Mighty // Easy Pickings","0.21","0.21","","","","","legacy_only","magic","Magic: The Gathering","audited legacy RPC label; Scryfall reference present","2026-09-19 22:10:09.92814+00","2026-09-19 22:10:09.92814+00"
"chaos-763122bb3c934b7aa5bcbd8876940e71-db6f5b86ac404304","Bespoke Bō","0.23","0.23","","","","","legacy_only","magic","Magic: The Gathering","audited legacy RPC label; Scryfall reference present","2026-09-19 22:10:09.92814+00","2026-09-19 22:10:09.92814+00"
"chaos-763122bb3c934b7aa5bcbd8876940e71-dc61dcd63c334d52","Huskburster Swarm","0.27","0.27","","","","","legacy_only","magic","Magic: The Gathering","audited legacy RPC label; Scryfall reference present","2026-09-19 22:10:09.92814+00","2026-09-19 22:10:09.92814+00"
"chaos-763122bb3c934b7aa5bcbd8876940e71-e51fe84459044ad9","Fireglass Mentor","0.29","0.29","","","","","legacy_only","magic","Magic: The Gathering","audited legacy RPC label; Scryfall reference present","2026-09-19 22:10:09.92814+00","2026-09-19 22:10:09.92814+00"
"chaos-763122bb3c934b7aa5bcbd8876940e71-e64ed07a91de4608","Sugar Coat","0.19","0.19","","","","","legacy_only","magic","Magic: The Gathering","audited legacy RPC label; Scryfall reference present","2026-09-19 22:10:09.92814+00","2026-09-19 22:10:09.92814+00"
"chaos-763122bb3c934b7aa5bcbd8876940e71-e980451fa84340a7","Mona Lisa, Science Geek","0.58","0.58","","","","","legacy_only","magic","Magic: The Gathering","audited legacy RPC label; Scryfall reference present","2026-09-19 22:10:09.92814+00","2026-09-19 22:10:09.92814+00"
"chaos-763122bb3c934b7aa5bcbd8876940e71-f3ba6d6da4694fe6","Shredder's Armor","0.18","0.18","","","","","legacy_only","magic","Magic: The Gathering","audited legacy RPC label; Scryfall reference present","2026-09-19 22:10:09.92814+00","2026-09-19 22:10:09.92814+00"
"chaos-763122bb3c934b7aa5bcbd8876940e71-f4403529348c497e","Hivespine Wolverine","0.21","0.21","","","","","legacy_only","magic","Magic: The Gathering","audited legacy RPC label; Scryfall reference present","2026-09-19 22:10:09.92814+00","2026-09-19 22:10:09.92814+00"
"chaos-763122bb3c934b7aa5bcbd8876940e71-f7f3bb41837f491f","Spellgyre","0.21","0.21","","","","","legacy_only","magic","Magic: The Gathering","audited legacy RPC label; Scryfall reference present","2026-09-19 22:10:09.92814+00","2026-09-19 22:10:09.92814+00"
"chaos-763122bb3c934b7aa5bcbd8876940e71-f8e26bae42154910","West Wind Avatar","0.44","0.44","","","","","legacy_only","magic","Magic: The Gathering","audited legacy RPC label; Scryfall reference present","2026-09-19 22:10:09.92814+00","2026-09-19 22:10:09.92814+00"
"chaos-763122bb3c934b7aa5bcbd8876940e71-fc60fc78c5a44185","Michelangelo, Mutant BFF","0.28","0.28","","","","","legacy_only","magic","Magic: The Gathering","audited legacy RPC label; Scryfall reference present","2026-09-19 22:10:09.92814+00","2026-09-19 22:10:09.92814+00"
"chaos-9a7789f92e894cb1ab1de43872aa478a-027d133725b648b2","Armaggon, Future Shark","0.41","0.41","","","","","legacy_only","magic","Magic: The Gathering","audited legacy RPC label; Scryfall reference present","2026-09-16 18:09:42.669094+00","2026-09-16 18:09:42.669094+00"
"chaos-9a7789f92e894cb1ab1de43872aa478a-0cb91cb350bf4468","Vicious Rivalry","0.31","0.31","","","","","legacy_only","magic","Magic: The Gathering","audited legacy RPC label; Scryfall reference present","2026-09-16 18:09:42.669094+00","2026-09-16 18:09:42.669094+00"
"chaos-9a7789f92e894cb1ab1de43872aa478a-1b644e28b13b475a","Turtle Van","0.34","0.34","","","","","legacy_only","magic","Magic: The Gathering","audited legacy RPC label; Scryfall reference present","2026-09-16 18:09:42.669094+00","2026-09-16 18:09:42.669094+00"
"chaos-9a7789f92e894cb1ab1de43872aa478a-1d8e5939b7194b35","Avengers Disassembled","1.03","1.03","","","","","legacy_only","magic","Magic: The Gathering","audited legacy RPC label; Scryfall reference present","2026-09-16 18:09:42.669094+00","2026-09-16 18:09:42.669094+00"
"chaos-9a7789f92e894cb1ab1de43872aa478a-21e1d930a1a8493c","Dina's Guidance","1.08","1.08","","","","","legacy_only","magic","Magic: The Gathering","audited legacy RPC label; Scryfall reference present","2026-09-16 18:09:42.669094+00","2026-09-16 18:09:42.669094+00"
"chaos-9a7789f92e894cb1ab1de43872aa478a-24dfa62812cb4945","Slash, Reptile Rampager","0.96","0.96","","","","","legacy_only","magic","Magic: The Gathering","audited legacy RPC label; Scryfall reference present","2026-09-16 18:09:42.669094+00","2026-09-16 18:09:42.669094+00"
"chaos-9a7789f92e894cb1ab1de43872aa478a-25152b3a71a74308","Grub's Command","0.61","0.61","","","","","legacy_only","magic","Magic: The Gathering","audited legacy RPC label; Scryfall reference present","2026-09-16 18:09:42.669094+00","2026-09-16 18:09:42.669094+00"
"chaos-9a7789f92e894cb1ab1de43872aa478a-2568b77719c9426f","Magmablood Archaic","0.41","0.41","","","","","legacy_only","magic","Magic: The Gathering","audited legacy RPC label; Scryfall reference present","2026-09-16 18:09:42.669094+00","2026-09-16 18:09:42.669094+00"
"chaos-9a7789f92e894cb1ab1de43872aa478a-269cc239e91f4954","Mikey & Mona, Mutant Sitters","0.25","0.25","","","","","legacy_only","magic","Magic: The Gathering","audited legacy RPC label; Scryfall reference present","2026-09-16 18:09:42.669094+00","2026-09-16 18:09:42.669094+00"
"chaos-9a7789f92e894cb1ab1de43872aa478a-276c884d91264e58","The Mighty Thor, Jane Foster","0.38","0.38","","","","","legacy_only","magic","Magic: The Gathering","audited legacy RPC label; Scryfall reference present","2026-09-16 18:09:42.669094+00","2026-09-16 18:09:42.669094+00"
"chaos-9a7789f92e894cb1ab1de43872aa478a-41a592c3373a4fbd","Shark Shredder, Killer Clone","0.48","0.48","","","","","legacy_only","magic","Magic: The Gathering","audited legacy RPC label; Scryfall reference present","2026-09-16 18:09:42.669094+00","2026-09-16 18:09:42.669094+00"
"chaos-9a7789f92e894cb1ab1de43872aa478a-41e59ebaee044659","Traumatic Critique","1.04","1.04","","","","","legacy_only","magic","Magic: The Gathering","audited legacy RPC label; Scryfall reference present","2026-09-16 18:09:42.669094+00","2026-09-16 18:09:42.669094+00"
"chaos-9a7789f92e894cb1ab1de43872aa478a-45a6d323902a4a3e","Don & Raph, Hard Science","0.58","0.58","","","","","legacy_only","magic","Magic: The Gathering","audited legacy RPC label; Scryfall reference present","2026-09-16 18:09:42.669094+00","2026-09-16 18:09:42.669094+00"
"chaos-9a7789f92e894cb1ab1de43872aa478a-46beadce10054f4d","Agent Bishop, Man in Black","0.34","0.34","","","","","legacy_only","magic","Magic: The Gathering","audited legacy RPC label; Scryfall reference present","2026-09-16 18:09:42.669094+00","2026-09-16 18:09:42.669094+00"
"chaos-9a7789f92e894cb1ab1de43872aa478a-489203f9e83b4ec6","Leonardo's Technique","0.33","0.33","","","","","legacy_only","magic","Magic: The Gathering","audited legacy RPC label; Scryfall reference present","2026-09-16 18:09:42.669094+00","2026-09-16 18:09:42.669094+00"
"chaos-9a7789f92e894cb1ab1de43872aa478a-5565e96b256c4d16","Momo, Friendly Flier","0.46","0.46","","","","","legacy_only","magic","Magic: The Gathering","audited legacy RPC label; Scryfall reference present","2026-09-16 18:09:42.669094+00","2026-09-16 18:09:42.669094+00"
"chaos-9a7789f92e894cb1ab1de43872aa478a-56d7eb8e9de44879","Madame Null, Power Broker","0.35","0.35","","","","","legacy_only","magic","Magic: The Gathering","audited legacy RPC label; Scryfall reference present","2026-09-16 18:09:42.669094+00","2026-09-16 18:09:42.669094+00"
"chaos-9a7789f92e894cb1ab1de43872aa478a-5b999f7ebefe40b0","Vastlands Scavenger // Bind to Life","0.47","0.47","","","","","legacy_only","magic","Magic: The Gathering","audited legacy RPC label; Scryfall reference present","2026-09-16 18:09:42.669094+00","2026-09-16 18:09:42.669094+00"
"chaos-9a7789f92e894cb1ab1de43872aa478a-5c1b26a5863a40fb","Rat King, Verminister","0.95","0.95","","","","","legacy_only","magic","Magic: The Gathering","audited legacy RPC label; Scryfall reference present","2026-09-16 18:09:42.669094+00","2026-09-16 18:09:42.669094+00"
"chaos-9a7789f92e894cb1ab1de43872aa478a-5d2fd9250c3b4446","Champion of the Clachan","0.19","0.19","","","","","legacy_only","magic","Magic: The Gathering","audited legacy RPC label; Scryfall reference present","2026-09-16 18:09:42.669094+00","2026-09-16 18:09:42.669094+00"
"chaos-9a7789f92e894cb1ab1de43872aa478a-6107073ac66e4e26","Moment of Reckoning","0.56","0.56","","","","","legacy_only","magic","Magic: The Gathering","audited legacy RPC label; Scryfall reference present","2026-09-16 18:09:42.669094+00","2026-09-16 18:09:42.669094+00"
"chaos-9a7789f92e894cb1ab1de43872aa478a-628e0f39c92f4ebb","Krang & Shredder","0.39","0.39","","","","","legacy_only","magic","Magic: The Gathering","audited legacy RPC label; Scryfall reference present","2026-09-16 18:09:42.669094+00","2026-09-16 18:09:42.669094+00"
"chaos-9a7789f92e894cb1ab1de43872aa478a-63dfdc6dd5c24732","Does Machines","0.92","0.92","","","","","legacy_only","magic","Magic: The Gathering","audited legacy RPC label; Scryfall reference present","2026-09-16 18:09:42.669094+00","2026-09-16 18:09:42.669094+00"
"chaos-9a7789f92e894cb1ab1de43872aa478a-6451aa466ef2403b","Kitsune, Dragon's Daughter","0.29","0.29","","","","","legacy_only","magic","Magic: The Gathering","audited legacy RPC label; Scryfall reference present","2026-09-16 18:09:42.669094+00","2026-09-16 18:09:42.669094+00"
"chaos-9a7789f92e894cb1ab1de43872aa478a-66ccfe5d250a4a5c","Ares, God of War","0.33","0.33","","","","","legacy_only","magic","Magic: The Gathering","audited legacy RPC label; Scryfall reference present","2026-09-16 18:09:42.669094+00","2026-09-16 18:09:42.669094+00"
"chaos-9a7789f92e894cb1ab1de43872aa478a-7173c76fde3847af","Slumbering Trudge","0.57","0.57","","","","","legacy_only","magic","Magic: The Gathering","audited legacy RPC label; Scryfall reference present","2026-09-16 18:09:42.669094+00","2026-09-16 18:09:42.669094+00"
"chaos-9a7789f92e894cb1ab1de43872aa478a-730acc6b00e847ef","Heroic Feast","0.33","0.33","","","","","legacy_only","magic","Magic: The Gathering","audited legacy RPC label; Scryfall reference present","2026-09-16 18:09:42.669094+00","2026-09-16 18:09:42.669094+00"
"chaos-9a7789f92e894cb1ab1de43872aa478a-7385db7729484eac","Dragonskull Summit","0.72","0.72","","","","","legacy_only","magic","Magic: The Gathering","audited legacy RPC label; Scryfall reference present","2026-09-16 18:09:42.669094+00","2026-09-16 18:09:42.669094+00"
"chaos-9a7789f92e894cb1ab1de43872aa478a-76083b37b15b4097","Donatello, Gadget Master","1.53","1.53","","","","","legacy_only","magic","Magic: The Gathering","audited legacy RPC label; Scryfall reference present","2026-09-16 18:09:42.669094+00","2026-09-16 18:09:42.669094+00"
"chaos-9a7789f92e894cb1ab1de43872aa478a-782124c613bb4594","Raphael, Tag Team Tough","3.91","3.91","","","","","legacy_only","magic","Magic: The Gathering","audited legacy RPC label; Scryfall reference present","2026-09-16 18:09:42.669094+00","2026-09-16 18:09:42.669094+00"
"chaos-9a7789f92e894cb1ab1de43872aa478a-787bbe7e7dc643cf","Casey & Raph, Hotheads","0.29","0.29","","","","","legacy_only","magic","Magic: The Gathering","audited legacy RPC label; Scryfall reference present","2026-09-16 18:09:42.669094+00","2026-09-16 18:09:42.669094+00"
"chaos-9a7789f92e894cb1ab1de43872aa478a-7b419f73775f4533","Sally Pride, Lioness Leader","0.37","0.37","","","","","legacy_only","magic","Magic: The Gathering","audited legacy RPC label; Scryfall reference present","2026-09-16 18:09:42.669094+00","2026-09-16 18:09:42.669094+00"
"chaos-9a7789f92e894cb1ab1de43872aa478a-7c55bac5dc14498e","Great Hall of the Biblioplex","0.83","0.83","","","","","legacy_only","magic","Magic: The Gathering","audited legacy RPC label; Scryfall reference present","2026-09-16 18:09:42.669094+00","2026-09-16 18:09:42.669094+00"
"chaos-9a7789f92e894cb1ab1de43872aa478a-83a6e3499a8349c8","Emeritus of Conflict // Lightning Bolt","1.46","1.46","","","","","legacy_only","magic","Magic: The Gathering","audited legacy RPC label; Scryfall reference present","2026-09-16 18:09:42.669094+00","2026-09-16 18:09:42.669094+00"
"chaos-9a7789f92e894cb1ab1de43872aa478a-8533d75e75ff4d03","Taster of Wares","0.27","0.27","","","","","legacy_only","magic","Magic: The Gathering","audited legacy RPC label; Scryfall reference present","2026-09-16 18:09:42.669094+00","2026-09-16 18:09:42.669094+00"
"chaos-9a7789f92e894cb1ab1de43872aa478a-87c1c5a3f5724204","Mikey & Leo, Chaos & Order","1.37","1.37","","","","","legacy_only","magic","Magic: The Gathering","audited legacy RPC label; Scryfall reference present","2026-09-16 18:09:42.669094+00","2026-09-16 18:09:42.669094+00"
"chaos-9a7789f92e894cb1ab1de43872aa478a-8de2aa8324644438","Turtles Forever","0.38","0.38","","","","","legacy_only","magic","Magic: The Gathering","audited legacy RPC label; Scryfall reference present","2026-09-16 18:09:42.669094+00","2026-09-16 18:09:42.669094+00"
"chaos-9a7789f92e894cb1ab1de43872aa478a-955518ddd0e84060","Lluwen, Imperfect Naturalist","0.29","0.29","","","","","legacy_only","magic","Magic: The Gathering","audited legacy RPC label; Scryfall reference present","2026-09-16 18:09:42.669094+00","2026-09-16 18:09:42.669094+00"
"chaos-9a7789f92e894cb1ab1de43872aa478a-98e5e2eaeeac4ebb","Kinscaer Sentry","0.53","0.53","","","","","legacy_only","magic","Magic: The Gathering","audited legacy RPC label; Scryfall reference present","2026-09-16 18:09:42.669094+00","2026-09-16 18:09:42.669094+00"
"chaos-9a7789f92e894cb1ab1de43872aa478a-996d579500824c29","The Ruinous Wrecking Crew","0.25","0.25","","","","","legacy_only","magic","Magic: The Gathering","audited legacy RPC label; Scryfall reference present","2026-09-16 18:09:42.669094+00","2026-09-16 18:09:42.669094+00"
"chaos-9a7789f92e894cb1ab1de43872aa478a-a64f07490888438c","Scuzzback Scrounger","1.39","1.39","","","","","legacy_only","magic","Magic: The Gathering","audited legacy RPC label; Scryfall reference present","2026-09-16 18:09:42.669094+00","2026-09-16 18:09:42.669094+00"
"chaos-9a7789f92e894cb1ab1de43872aa478a-ac5bb9cf20c54131","The Astonishing Ant-Man","0.39","0.39","","","","","legacy_only","magic","Magic: The Gathering","audited legacy RPC label; Scryfall reference present","2026-09-16 18:09:42.669094+00","2026-09-16 18:09:42.669094+00"
"chaos-9a7789f92e894cb1ab1de43872aa478a-af6dd88b0c32488b","Michelangelo, On the Scene","0.54","0.54","","","","","legacy_only","magic","Magic: The Gathering","audited legacy RPC label; Scryfall reference present","2026-09-16 18:09:42.669094+00","2026-09-16 18:09:42.669094+00"
"chaos-9a7789f92e894cb1ab1de43872aa478a-aff4665bd7c4402f","April O'Neil, Hacktivist","1.04","1.04","","","","","legacy_only","magic","Magic: The Gathering","audited legacy RPC label; Scryfall reference present","2026-09-16 18:09:42.669094+00","2026-09-16 18:09:42.669094+00"
"chaos-9a7789f92e894cb1ab1de43872aa478a-b097f0c063d64f8f","Chrome Dome","2.64","2.64","","","","","legacy_only","magic","Magic: The Gathering","audited legacy RPC label; Scryfall reference present","2026-09-16 18:09:42.669094+00","2026-09-16 18:09:42.669094+00"
"chaos-9a7789f92e894cb1ab1de43872aa478a-b6d3f6be43be4b81","Catharsis","0.58","0.58","","","","","legacy_only","magic","Magic: The Gathering","audited legacy RPC label; Scryfall reference present","2026-09-16 18:09:42.669094+00","2026-09-16 18:09:42.669094+00"
"chaos-9a7789f92e894cb1ab1de43872aa478a-c0b215969c304553","Cool but Rude","7.93","7.93","","","","","legacy_only","magic","Magic: The Gathering","audited legacy RPC label; Scryfall reference present","2026-09-16 18:09:42.669094+00","2026-09-16 18:09:42.669094+00"
"chaos-9a7789f92e894cb1ab1de43872aa478a-c45a8c51ac75436b","Leader's Talent","0.68","0.68","","","","","legacy_only","magic","Magic: The Gathering","audited legacy RPC label; Scryfall reference present","2026-09-16 18:09:42.669094+00","2026-09-16 18:09:42.669094+00"
"chaos-9a7789f92e894cb1ab1de43872aa478a-c5a361e0e40d4a0e","Mona Lisa, Ever Adaptable","4.08","4.08","","","","","legacy_only","magic","Magic: The Gathering","audited legacy RPC label; Scryfall reference present","2026-09-16 18:09:42.669094+00","2026-09-16 18:09:42.669094+00"
"chaos-9a7789f92e894cb1ab1de43872aa478a-ce736b512d7b4b56","Taskmaster, Mercenary Mimic","0.88","0.88","","","","","legacy_only","magic","Magic: The Gathering","audited legacy RPC label; Scryfall reference present","2026-09-16 18:09:42.669094+00","2026-09-16 18:09:42.669094+00"
"chaos-9a7789f92e894cb1ab1de43872aa478a-d8f873eed58c4913","Meek Attack","0.64","0.64","","","","","legacy_only","magic","Magic: The Gathering","audited legacy RPC label; Scryfall reference present","2026-09-16 18:09:42.669094+00","2026-09-16 18:09:42.669094+00"
"chaos-9a7789f92e894cb1ab1de43872aa478a-e34eacde37a1452e","Turncoat Kunoichi","0.30","0.30","","","","","legacy_only","magic","Magic: The Gathering","audited legacy RPC label; Scryfall reference present","2026-09-16 18:09:42.669094+00","2026-09-16 18:09:42.669094+00"
"chaos-9a7789f92e894cb1ab1de43872aa478a-e8577a3dfb3940f7","Renet, Temporal Apprentice","0.29","0.29","","","","","legacy_only","magic","Magic: The Gathering","audited legacy RPC label; Scryfall reference present","2026-09-16 18:09:42.669094+00","2026-09-16 18:09:42.669094+00"
"chaos-9a7789f92e894cb1ab1de43872aa478a-ef557441039c489d","Casey Jones, Asphalt Hooligan","0.31","0.31","","","","","legacy_only","magic","Magic: The Gathering","audited legacy RPC label; Scryfall reference present","2026-09-16 18:09:42.669094+00","2026-09-16 18:09:42.669094+00"
"chaos-9a7789f92e894cb1ab1de43872aa478a-f001c984b6e641b8","Worlds Within Worlds","0.18","0.18","","","","","legacy_only","magic","Magic: The Gathering","audited legacy RPC label; Scryfall reference present","2026-09-16 18:09:42.669094+00","2026-09-16 18:09:42.669094+00"
"chaos-9a7789f92e894cb1ab1de43872aa478a-f004ef9ae1f54ede","What Must Be Done","0.33","0.33","","","","","legacy_only","magic","Magic: The Gathering","audited legacy RPC label; Scryfall reference present","2026-09-16 18:09:42.669094+00","2026-09-16 18:09:42.669094+00"
"chaos-9a7789f92e894cb1ab1de43872aa478a-f6019c45db4144aa","End-Blaze Epiphany","0.23","0.23","","","","","legacy_only","magic","Magic: The Gathering","audited legacy RPC label; Scryfall reference present","2026-09-16 18:09:42.669094+00","2026-09-16 18:09:42.669094+00"
"chaos-9a7789f92e894cb1ab1de43872aa478a-faa6b9b3d8054f2e","Transdimensional Bovine","0.66","0.66","","","","","legacy_only","magic","Magic: The Gathering","audited legacy RPC label; Scryfall reference present","2026-09-16 18:09:42.669094+00","2026-09-16 18:09:42.669094+00"
"chaos-9a7789f92e894cb1ab1de43872aa478a-fdb0cffa1cbc4d54","Splatter Technique","0.28","0.28","","","","","legacy_only","magic","Magic: The Gathering","audited legacy RPC label; Scryfall reference present","2026-09-16 18:09:42.669094+00","2026-09-16 18:09:42.669094+00"
"chaos-a01bd11e984745f798194e647605f3ec-02dea00c86944914","Status // Statue","0.25","0.25","","","","","legacy_only","magic","Magic: The Gathering","audited legacy RPC label; Scryfall reference present","2026-09-08 16:22:06.39879+00","2026-09-08 16:22:06.39879+00"
"chaos-a01bd11e984745f798194e647605f3ec-05b0347037f54880","Sonorous Howlbonder","0.23","0.23","","","","","legacy_only","magic","Magic: The Gathering","audited legacy RPC label; Scryfall reference present","2026-09-08 16:22:06.39879+00","2026-09-08 16:22:06.39879+00"
"chaos-a01bd11e984745f798194e647605f3ec-09317ce204924da6","Horizon Chimera","0.19","0.19","","","","","legacy_only","magic","Magic: The Gathering","audited legacy RPC label; Scryfall reference present","2026-09-08 16:22:06.39879+00","2026-09-08 16:22:06.39879+00"
"chaos-a01bd11e984745f798194e647605f3ec-0ac3502226554509","Wand of Vertebrae","0.13","0.13","","","","","legacy_only","magic","Magic: The Gathering","audited legacy RPC label; Scryfall reference present","2026-09-08 16:22:06.39879+00","2026-09-08 16:22:06.39879+00"
"chaos-a01bd11e984745f798194e647605f3ec-0bfbce58b01e40cd","Hulking Metamorph","0.18","0.18","","","","","legacy_only","magic","Magic: The Gathering","audited legacy RPC label; Scryfall reference present","2026-09-08 16:22:06.39879+00","2026-09-08 16:22:06.39879+00"
"chaos-a01bd11e984745f798194e647605f3ec-0e737b9414bc4ca7","Meteor Golem","0.50","0.50","","","","","legacy_only","magic","Magic: The Gathering","audited legacy RPC label; Scryfall reference present","2026-09-08 16:22:06.39879+00","2026-09-08 16:22:06.39879+00"
"chaos-a01bd11e984745f798194e647605f3ec-1249156840114215","Unlicensed Disintegration","0.19","0.19","","","","","legacy_only","magic","Magic: The Gathering","audited legacy RPC label; Scryfall reference present","2026-09-08 16:22:06.39879+00","2026-09-08 16:22:06.39879+00"
"chaos-a01bd11e984745f798194e647605f3ec-1896ff51dfb44a43","Glaive of the Guildpact","0.22","0.22","","","","","legacy_only","magic","Magic: The Gathering","audited legacy RPC label; Scryfall reference present","2026-09-08 16:22:06.39879+00","2026-09-08 16:22:06.39879+00"
"chaos-a01bd11e984745f798194e647605f3ec-2132356ebdb94d1f","Tenth District Legionnaire","0.20","0.20","","","","","legacy_only","magic","Magic: The Gathering","audited legacy RPC label; Scryfall reference present","2026-09-08 16:22:06.39879+00","2026-09-08 16:22:06.39879+00"
"chaos-a01bd11e984745f798194e647605f3ec-23ca7d2a6f044488","Everflowing Chalice","0.38","0.38","","","","","legacy_only","magic","Magic: The Gathering","audited legacy RPC label; Scryfall reference present","2026-09-08 16:22:06.39879+00","2026-09-08 16:22:06.39879+00"
"chaos-a01bd11e984745f798194e647605f3ec-2990940ef2c242cb","Dimir Spybug","0.42","0.42","","","","","legacy_only","magic","Magic: The Gathering","audited legacy RPC label; Scryfall reference present","2026-09-08 16:22:06.39879+00","2026-09-08 16:22:06.39879+00"
"chaos-a01bd11e984745f798194e647605f3ec-2bd9b227ec104a59","Raff, Weatherlight Stalwart","0.10","0.10","","","","","legacy_only","magic","Magic: The Gathering","audited legacy RPC label; Scryfall reference present","2026-09-08 16:22:06.39879+00","2026-09-08 16:22:06.39879+00"
"chaos-a01bd11e984745f798194e647605f3ec-30e5071ab72f4468","Nimbus Swimmer","0.21","0.21","","","","","legacy_only","magic","Magic: The Gathering","audited legacy RPC label; Scryfall reference present","2026-09-08 16:22:06.39879+00","2026-09-08 16:22:06.39879+00"
"chaos-a01bd11e984745f798194e647605f3ec-3b580e74012d40ba","Vitu-Ghazi Guildmage","0.25","0.25","","","","","legacy_only","magic","Magic: The Gathering","audited legacy RPC label; Scryfall reference present","2026-09-08 16:22:06.39879+00","2026-09-08 16:22:06.39879+00"
"chaos-a01bd11e984745f798194e647605f3ec-3bf0e898849a4f65","Replicating Ring","1.38","1.38","","","","","legacy_only","magic","Magic: The Gathering","audited legacy RPC label; Scryfall reference present","2026-09-08 16:22:06.39879+00","2026-09-08 16:22:06.39879+00"
"chaos-a01bd11e984745f798194e647605f3ec-3e2d5066e7c4432c","Kardur's Vicious Return","0.24","0.24","","","","","legacy_only","magic","Magic: The Gathering","audited legacy RPC label; Scryfall reference present","2026-09-08 16:22:06.39879+00","2026-09-08 16:22:06.39879+00"
"chaos-a01bd11e984745f798194e647605f3ec-44f58ffc503b4065","Mahadi, Emporium Master","1.45","1.45","","","","","legacy_only","magic","Magic: The Gathering","audited legacy RPC label; Scryfall reference present","2026-09-08 16:22:06.39879+00","2026-09-08 16:22:06.39879+00"
"chaos-a01bd11e984745f798194e647605f3ec-475a1d5d3a264d57","Junkyard Genius","0.08","0.08","","","","","legacy_only","magic","Magic: The Gathering","audited legacy RPC label; Scryfall reference present","2026-09-08 16:22:06.39879+00","2026-09-08 16:22:06.39879+00"
"chaos-a01bd11e984745f798194e647605f3ec-49826272147a4431","Elaborate Firecannon","0.05","0.05","","","","","legacy_only","magic","Magic: The Gathering","audited legacy RPC label; Scryfall reference present","2026-09-08 16:22:06.39879+00","2026-09-08 16:22:06.39879+00"
"chaos-a01bd11e984745f798194e647605f3ec-4b60609e68714847","Savai Thundermane","0.13","0.13","","","","","legacy_only","magic","Magic: The Gathering","audited legacy RPC label; Scryfall reference present","2026-09-08 16:22:06.39879+00","2026-09-08 16:22:06.39879+00"
"chaos-a01bd11e984745f798194e647605f3ec-4cabbb2f008d43a5","Totentanz, Swarm Piper","0.28","0.28","","","","","legacy_only","magic","Magic: The Gathering","audited legacy RPC label; Scryfall reference present","2026-09-08 16:22:06.39879+00","2026-09-08 16:22:06.39879+00"
"chaos-a01bd11e984745f798194e647605f3ec-50d3d8ca9ae84f95","Invasion of the Giants","0.25","0.25","","","","","legacy_only","magic","Magic: The Gathering","audited legacy RPC label; Scryfall reference present","2026-09-08 16:22:06.39879+00","2026-09-08 16:22:06.39879+00"
"chaos-a01bd11e984745f798194e647605f3ec-5121acf5d13e4c45","Invert // Invent","0.13","0.13","","","","","legacy_only","magic","Magic: The Gathering","audited legacy RPC label; Scryfall reference present","2026-09-08 16:22:06.39879+00","2026-09-08 16:22:06.39879+00"
"chaos-a01bd11e984745f798194e647605f3ec-5193aa43f33c4897","Centaur Healer","0.11","0.11","","","","","legacy_only","magic","Magic: The Gathering","audited legacy RPC label; Scryfall reference present","2026-09-08 16:22:06.39879+00","2026-09-08 16:22:06.39879+00"
"chaos-a01bd11e984745f798194e647605f3ec-55d2e9ab54454357","Swarm Guildmage","0.13","0.13","","","","","legacy_only","magic","Magic: The Gathering","audited legacy RPC label; Scryfall reference present","2026-09-08 16:22:06.39879+00","2026-09-08 16:22:06.39879+00"
"chaos-a01bd11e984745f798194e647605f3ec-5a77cfe665c44110","High Alert","0.37","0.37","","","","","legacy_only","magic","Magic: The Gathering","audited legacy RPC label; Scryfall reference present","2026-09-08 16:22:06.39879+00","2026-09-08 16:22:06.39879+00"
"chaos-a01bd11e984745f798194e647605f3ec-5e1ef2c8d02f47e9","Justice Strike","0.18","0.18","","","","","legacy_only","magic","Magic: The Gathering","audited legacy RPC label; Scryfall reference present","2026-09-08 16:22:06.39879+00","2026-09-08 16:22:06.39879+00"
"chaos-a01bd11e984745f798194e647605f3ec-63450265b2bd4ed1","Mask of the Jadecrafter","0.07","0.07","","","","","legacy_only","magic","Magic: The Gathering","audited legacy RPC label; Scryfall reference present","2026-09-08 16:22:06.39879+00","2026-09-08 16:22:06.39879+00"
"chaos-a01bd11e984745f798194e647605f3ec-64237f8425cf47f4","Forerunner of Slaughter","0.23","0.23","","","","","legacy_only","magic","Magic: The Gathering","audited legacy RPC label; Scryfall reference present","2026-09-08 16:22:06.39879+00","2026-09-08 16:22:06.39879+00"
"chaos-a01bd11e984745f798194e647605f3ec-660aee1716ce42f4","Adeliz, the Cinder Wind","0.23","0.23","","","","","legacy_only","magic","Magic: The Gathering","audited legacy RPC label; Scryfall reference present","2026-09-08 16:22:06.39879+00","2026-09-08 16:22:06.39879+00"
"chaos-a01bd11e984745f798194e647605f3ec-6651894574f64667","Dire Tactics","0.57","0.57","","","","","legacy_only","magic","Magic: The Gathering","audited legacy RPC label; Scryfall reference present","2026-09-08 16:22:06.39879+00","2026-09-08 16:22:06.39879+00"
"chaos-a01bd11e984745f798194e647605f3ec-66fb9988a6bc41dc","Rix Maadi Guildmage","0.14","0.14","","","","","legacy_only","magic","Magic: The Gathering","audited legacy RPC label; Scryfall reference present","2026-09-08 16:22:06.39879+00","2026-09-08 16:22:06.39879+00"
"chaos-a01bd11e984745f798194e647605f3ec-678af6f56bb04ae9","Shanna, Sisay's Legacy","0.48","0.48","","","","","legacy_only","magic","Magic: The Gathering","audited legacy RPC label; Scryfall reference present","2026-09-08 16:22:06.39879+00","2026-09-08 16:22:06.39879+00"
"chaos-a01bd11e984745f798194e647605f3ec-6896d4858f82408e","Baloth Null","0.05","0.05","","","","","legacy_only","magic","Magic: The Gathering","audited legacy RPC label; Scryfall reference present","2026-09-08 16:22:06.39879+00","2026-09-08 16:22:06.39879+00"
"chaos-a01bd11e984745f798194e647605f3ec-6b27ccbfbb774af3","Lorescale Coatl","0.15","0.15","","","","","legacy_only","magic","Magic: The Gathering","audited legacy RPC label; Scryfall reference present","2026-09-08 16:22:06.39879+00","2026-09-08 16:22:06.39879+00"
"chaos-a01bd11e984745f798194e647605f3ec-6c62b589c8c54cbe","Good-Fortune Unicorn","0.21","0.21","","","","","legacy_only","magic","Magic: The Gathering","audited legacy RPC label; Scryfall reference present","2026-09-08 16:22:06.39879+00","2026-09-08 16:22:06.39879+00"
"chaos-a01bd11e984745f798194e647605f3ec-7069d51eac3e4404","Abzan Charm","0.39","0.39","","","","","legacy_only","magic","Magic: The Gathering","audited legacy RPC label; Scryfall reference present","2026-09-08 16:22:06.39879+00","2026-09-08 16:22:06.39879+00"
"chaos-a01bd11e984745f798194e647605f3ec-70702b1c07d64280","Carnival // Carnage","0.21","0.21","","","","","legacy_only","magic","Magic: The Gathering","audited legacy RPC label; Scryfall reference present","2026-09-08 16:22:06.39879+00","2026-09-08 16:22:06.39879+00"
"chaos-a01bd11e984745f798194e647605f3ec-74f8ba6231ff4a0b","Disinformation Campaign","0.21","0.21","","","","","legacy_only","magic","Magic: The Gathering","audited legacy RPC label; Scryfall reference present","2026-09-08 16:22:06.39879+00","2026-09-08 16:22:06.39879+00"
"chaos-a01bd11e984745f798194e647605f3ec-76f73a4b0057403c","Trumpeting Gnarr","0.23","0.23","","","","","legacy_only","magic","Magic: The Gathering","audited legacy RPC label; Scryfall reference present","2026-09-08 16:22:06.39879+00","2026-09-08 16:22:06.39879+00"
"chaos-a01bd11e984745f798194e647605f3ec-773def2179de49fa","Heartwarming Redemption","0.26","0.26","","","","","legacy_only","magic","Magic: The Gathering","audited legacy RPC label; Scryfall reference present","2026-09-08 16:22:06.39879+00","2026-09-08 16:22:06.39879+00"
"chaos-a01bd11e984745f798194e647605f3ec-8063febde9734810","Spellheart Chimera","0.31","0.31","","","","","legacy_only","magic","Magic: The Gathering","audited legacy RPC label; Scryfall reference present","2026-09-08 16:22:06.39879+00","2026-09-08 16:22:06.39879+00"
"chaos-a01bd11e984745f798194e647605f3ec-8466257f793e47c4","Teferi's Sentinel","0.30","0.30","","","","","legacy_only","magic","Magic: The Gathering","audited legacy RPC label; Scryfall reference present","2026-09-08 16:22:06.39879+00","2026-09-08 16:22:06.39879+00"
"chaos-a01bd11e984745f798194e647605f3ec-93e2dc89074d4cf2","Rakdos Guildmage","0.04","0.04","","","","","legacy_only","magic","Magic: The Gathering","audited legacy RPC label; Scryfall reference present","2026-09-08 16:22:06.39879+00","2026-09-08 16:22:06.39879+00"
"chaos-a01bd11e984745f798194e647605f3ec-95748c31bbb74c35","Conclave Guildmage","0.19","0.19","","","","","legacy_only","magic","Magic: The Gathering","audited legacy RPC label; Scryfall reference present","2026-09-08 16:22:06.39879+00","2026-09-08 16:22:06.39879+00"
"chaos-a01bd11e984745f798194e647605f3ec-9bd3ead126e24fa4","Transmogrant Altar","0.16","0.16","","","","","legacy_only","magic","Magic: The Gathering","audited legacy RPC label; Scryfall reference present","2026-09-08 16:22:06.39879+00","2026-09-08 16:22:06.39879+00"
"chaos-a01bd11e984745f798194e647605f3ec-9d3dd7be056c4acb","Thought Erasure","0.26","0.26","","","","","legacy_only","magic","Magic: The Gathering","audited legacy RPC label; Scryfall reference present","2026-09-08 16:22:06.39879+00","2026-09-08 16:22:06.39879+00"
"chaos-a01bd11e984745f798194e647605f3ec-9dceb1b7e49244f9","Silent Dart","0.04","0.04","","","","","legacy_only","magic","Magic: The Gathering","audited legacy RPC label; Scryfall reference present","2026-09-08 16:22:06.39879+00","2026-09-08 16:22:06.39879+00"
"chaos-a01bd11e984745f798194e647605f3ec-9fde30e2b48d49ba","Heavyweight Demolisher","0.09","0.09","","","","","legacy_only","magic","Magic: The Gathering","audited legacy RPC label; Scryfall reference present","2026-09-08 16:22:06.39879+00","2026-09-08 16:22:06.39879+00"
"chaos-a01bd11e984745f798194e647605f3ec-9fe94755b6514765","Worldsoul Colossus","0.08","0.08","","","","","legacy_only","magic","Magic: The Gathering","audited legacy RPC label; Scryfall reference present","2026-09-08 16:22:06.39879+00","2026-09-08 16:22:06.39879+00"
"chaos-a01bd11e984745f798194e647605f3ec-a1fc948a83f04865","Howling Golem","0.29","0.29","","","","","legacy_only","magic","Magic: The Gathering","audited legacy RPC label; Scryfall reference present","2026-09-08 16:22:06.39879+00","2026-09-08 16:22:06.39879+00"
"chaos-a01bd11e984745f798194e647605f3ec-a53aceeae8ad4df4","Dragonloft Idol","0.19","0.19","","","","","legacy_only","magic","Magic: The Gathering","audited legacy RPC label; Scryfall reference present","2026-09-08 16:22:06.39879+00","2026-09-08 16:22:06.39879+00"
"chaos-a01bd11e984745f798194e647605f3ec-a790e62cd7844589","Mortify","0.32","0.32","","","","","legacy_only","magic","Magic: The Gathering","audited legacy RPC label; Scryfall reference present","2026-09-08 16:22:06.39879+00","2026-09-08 16:22:06.39879+00"
"chaos-a01bd11e984745f798194e647605f3ec-a8a09c2b3b044884","Su-Chi Cave Guard","0.12","0.12","","","","","legacy_only","magic","Magic: The Gathering","audited legacy RPC label; Scryfall reference present","2026-09-08 16:22:06.39879+00","2026-09-08 16:22:06.39879+00"
"chaos-a01bd11e984745f798194e647605f3ec-b47ca7730e404a06","Farm // Market","0.10","0.10","","","","","legacy_only","magic","Magic: The Gathering","audited legacy RPC label; Scryfall reference present","2026-09-08 16:22:06.39879+00","2026-09-08 16:22:06.39879+00"
"chaos-a01bd11e984745f798194e647605f3ec-c3c94a2b7935448c","Treacherous Terrain","0.13","0.13","","","","","legacy_only","magic","Magic: The Gathering","audited legacy RPC label; Scryfall reference present","2026-09-08 16:22:06.39879+00","2026-09-08 16:22:06.39879+00"
"chaos-a01bd11e984745f798194e647605f3ec-c9b4053071194af4","Fall of the Impostor","0.26","0.26","","","","","legacy_only","magic","Magic: The Gathering","audited legacy RPC label; Scryfall reference present","2026-09-08 16:22:06.39879+00","2026-09-08 16:22:06.39879+00"
"chaos-a01bd11e984745f798194e647605f3ec-cda12cc850844514","Knight of the Last Breath","0.06","0.06","","","","","legacy_only","magic","Magic: The Gathering","audited legacy RPC label; Scryfall reference present","2026-09-08 16:22:06.39879+00","2026-09-08 16:22:06.39879+00"
"chaos-a01bd11e984745f798194e647605f3ec-d5cc785ff53f4eed","Legion Guildmage","0.15","0.15","","","","","legacy_only","magic","Magic: The Gathering","audited legacy RPC label; Scryfall reference present","2026-09-08 16:22:06.39879+00","2026-09-08 16:22:06.39879+00"
"chaos-a01bd11e984745f798194e647605f3ec-d9764e1d20da47b4","Evangel of Synthesis","0.07","0.07","","","","","legacy_only","magic","Magic: The Gathering","audited legacy RPC label; Scryfall reference present","2026-09-08 16:22:06.39879+00","2026-09-08 16:22:06.39879+00"
"chaos-a01bd11e984745f798194e647605f3ec-dbda0a86a0e44dc5","Bloodied Ghost","0.29","0.29","","","","","legacy_only","magic","Magic: The Gathering","audited legacy RPC label; Scryfall reference present","2026-09-08 16:22:06.39879+00","2026-09-08 16:22:06.39879+00"
"chaos-a01bd11e984745f798194e647605f3ec-e04d692798fe4f4f","Glowspore Shaman","0.33","0.33","","","","","legacy_only","magic","Magic: The Gathering","audited legacy RPC label; Scryfall reference present","2026-09-08 16:22:06.39879+00","2026-09-08 16:22:06.39879+00"
"chaos-a01bd11e984745f798194e647605f3ec-e1b92fe26a6340d3","Macabre Mockery","0.12","0.12","","","","","legacy_only","magic","Magic: The Gathering","audited legacy RPC label; Scryfall reference present","2026-09-08 16:22:06.39879+00","2026-09-08 16:22:06.39879+00"
"chaos-a01bd11e984745f798194e647605f3ec-e6e81e3c3bf24bc9","Sunder Shaman","0.23","0.23","","","","","legacy_only","magic","Magic: The Gathering","audited legacy RPC label; Scryfall reference present","2026-09-08 16:22:06.39879+00","2026-09-08 16:22:06.39879+00"
"chaos-a01bd11e984745f798194e647605f3ec-e7b7508606b9420a","Crackling Drake","0.19","0.19","","","","","legacy_only","magic","Magic: The Gathering","audited legacy RPC label; Scryfall reference present","2026-09-08 16:22:06.39879+00","2026-09-08 16:22:06.39879+00"
"chaos-a01bd11e984745f798194e647605f3ec-ecb82461fce74e91","Amaranthine Wall","0.52","0.52","","","","","legacy_only","magic","Magic: The Gathering","audited legacy RPC label; Scryfall reference present","2026-09-08 16:22:06.39879+00","2026-09-08 16:22:06.39879+00"
"chaos-a01bd11e984745f798194e647605f3ec-edca6abaa75e4c9e","Appeal // Authority","0.30","0.30","","","","","legacy_only","magic","Magic: The Gathering","audited legacy RPC label; Scryfall reference present","2026-09-08 16:22:06.39879+00","2026-09-08 16:22:06.39879+00"
"chaos-a01bd11e984745f798194e647605f3ec-ee8d957d1c224549","Grove Rumbler","0.15","0.15","","","","","legacy_only","magic","Magic: The Gathering","audited legacy RPC label; Scryfall reference present","2026-09-08 16:22:06.39879+00","2026-09-08 16:22:06.39879+00"
"chaos-a01bd11e984745f798194e647605f3ec-f3dad6c97203426e","Juggernaut","0.48","0.48","","","","","legacy_only","magic","Magic: The Gathering","audited legacy RPC label; Scryfall reference present","2026-09-08 16:22:06.39879+00","2026-09-08 16:22:06.39879+00"
"chaos-a01bd11e984745f798194e647605f3ec-f430fa72cb024448","Koll, the Forgemaster","0.21","0.21","","","","","legacy_only","magic","Magic: The Gathering","audited legacy RPC label; Scryfall reference present","2026-09-08 16:22:06.39879+00","2026-09-08 16:22:06.39879+00"
"chaos-a1202a1cc52c44efbd0e0556b8d93ed1-03240edf9a4042a6","Mind Stone","0.33","0.33","","","","","legacy_only","magic","Magic: The Gathering","audited legacy RPC label; Scryfall reference present","2026-09-12 17:33:20.580291+00","2026-09-12 17:33:20.580291+00"
"chaos-a1202a1cc52c44efbd0e0556b8d93ed1-048be9c057874740","Queen Allenal of Ruadach","0.33","0.33","","","","","legacy_only","magic","Magic: The Gathering","audited legacy RPC label; Scryfall reference present","2026-09-12 17:33:20.580291+00","2026-09-12 17:33:20.580291+00"
"chaos-a1202a1cc52c44efbd0e0556b8d93ed1-0908d0a9b51e47ae","Suspicious Bookcase","0.19","0.19","","","","","legacy_only","magic","Magic: The Gathering","audited legacy RPC label; Scryfall reference present","2026-09-12 17:33:20.580291+00","2026-09-12 17:33:20.580291+00"
"chaos-a1202a1cc52c44efbd0e0556b8d93ed1-0c6dc797c9da45d6","Runed Servitor","0.14","0.14","","","","","legacy_only","magic","Magic: The Gathering","audited legacy RPC label; Scryfall reference present","2026-09-12 17:33:20.580291+00","2026-09-12 17:33:20.580291+00"
"chaos-a1202a1cc52c44efbd0e0556b8d93ed1-0c7aa543f87b4d73","Worn Powerstone","0.40","0.40","","","","","legacy_only","magic","Magic: The Gathering","audited legacy RPC label; Scryfall reference present","2026-09-12 17:33:20.580291+00","2026-09-12 17:33:20.580291+00"
"chaos-a1202a1cc52c44efbd0e0556b8d93ed1-1470a001d5344435","Arwen Undómiel","0.26","0.26","","","","","legacy_only","magic","Magic: The Gathering","audited legacy RPC label; Scryfall reference present","2026-09-12 17:33:20.580291+00","2026-09-12 17:33:20.580291+00"
"chaos-a1202a1cc52c44efbd0e0556b8d93ed1-1ea8ed0ab3134729","Thrakkus the Butcher","0.74","0.74","","","","","legacy_only","magic","Magic: The Gathering","audited legacy RPC label; Scryfall reference present","2026-09-12 17:33:20.580291+00","2026-09-12 17:33:20.580291+00"
"chaos-a1202a1cc52c44efbd0e0556b8d93ed1-245e589bbc2c4ee9","Mr. Orfeo, the Boulder","0.21","0.21","","","","","legacy_only","magic","Magic: The Gathering","audited legacy RPC label; Scryfall reference present","2026-09-12 17:33:20.580291+00","2026-09-12 17:33:20.580291+00"
"chaos-a1202a1cc52c44efbd0e0556b8d93ed1-24d4844adbd0423d","Wandering Mind","0.25","0.25","","","","","legacy_only","magic","Magic: The Gathering","audited legacy RPC label; Scryfall reference present","2026-09-12 17:33:20.580291+00","2026-09-12 17:33:20.580291+00"
"chaos-a1202a1cc52c44efbd0e0556b8d93ed1-2595ad16f6d945f9","Hardened Tactician","0.25","0.25","","","","","legacy_only","magic","Magic: The Gathering","audited legacy RPC label; Scryfall reference present","2026-09-12 17:33:20.580291+00","2026-09-12 17:33:20.580291+00"
"chaos-a1202a1cc52c44efbd0e0556b8d93ed1-26ef32414227430d","Black Waltz No. 3","0.25","0.25","","","","","legacy_only","magic","Magic: The Gathering","audited legacy RPC label; Scryfall reference present","2026-09-12 17:33:20.580291+00","2026-09-12 17:33:20.580291+00"
"chaos-a1202a1cc52c44efbd0e0556b8d93ed1-2dfa494167fe4512","Troyan, Gutsy Explorer","0.20","0.20","","","","","legacy_only","magic","Magic: The Gathering","audited legacy RPC label; Scryfall reference present","2026-09-12 17:33:20.580291+00","2026-09-12 17:33:20.580291+00"
"chaos-a1202a1cc52c44efbd0e0556b8d93ed1-31e5117c558e4d8c","Tidus, Blitzball Star","0.22","0.22","","","","","legacy_only","magic","Magic: The Gathering","audited legacy RPC label; Scryfall reference present","2026-09-12 17:33:20.580291+00","2026-09-12 17:33:20.580291+00"
"chaos-a1202a1cc52c44efbd0e0556b8d93ed1-33aeda4698344ce6","Psychic Drain","0.27","0.27","","","","","legacy_only","magic","Magic: The Gathering","audited legacy RPC label; Scryfall reference present","2026-09-12 17:33:20.580291+00","2026-09-12 17:33:20.580291+00"
"chaos-a1202a1cc52c44efbd0e0556b8d93ed1-353591d278cd4e69","Sorcerer's Broom","0.14","0.14","","","","","legacy_only","magic","Magic: The Gathering","audited legacy RPC label; Scryfall reference present","2026-09-12 17:33:20.580291+00","2026-09-12 17:33:20.580291+00"
"chaos-a1202a1cc52c44efbd0e0556b8d93ed1-3580c917ece34fe1","Obsessive Stitcher","0.37","0.37","","","","","legacy_only","magic","Magic: The Gathering","audited legacy RPC label; Scryfall reference present","2026-09-12 17:33:20.580291+00","2026-09-12 17:33:20.580291+00"
"chaos-a1202a1cc52c44efbd0e0556b8d93ed1-37a1a367b4cf4c3b","Marshal of the Lost","0.44","0.44","","","","","legacy_only","magic","Magic: The Gathering","audited legacy RPC label; Scryfall reference present","2026-09-12 17:33:20.580291+00","2026-09-12 17:33:20.580291+00"
"chaos-a1202a1cc52c44efbd0e0556b8d93ed1-3d35af9e06854d78","Witches' Eye","0.12","0.12","","","","","legacy_only","magic","Magic: The Gathering","audited legacy RPC label; Scryfall reference present","2026-09-12 17:33:20.580291+00","2026-09-12 17:33:20.580291+00"
"chaos-a1202a1cc52c44efbd0e0556b8d93ed1-3d9311dbf2d34e2f","Azorius Charm","0.28","0.28","","","","","legacy_only","magic","Magic: The Gathering","audited legacy RPC label; Scryfall reference present","2026-09-12 17:33:20.580291+00","2026-09-12 17:33:20.580291+00"
"chaos-a1202a1cc52c44efbd0e0556b8d93ed1-3ebc9e9874954ceb","Heirloom Blade","0.29","0.29","","","","","legacy_only","magic","Magic: The Gathering","audited legacy RPC label; Scryfall reference present","2026-09-12 17:33:20.580291+00","2026-09-12 17:33:20.580291+00"
"chaos-a1202a1cc52c44efbd0e0556b8d93ed1-42fd0956a29e42d0","Giott, King of the Dwarves","0.22","0.22","","","","","legacy_only","magic","Magic: The Gathering","audited legacy RPC label; Scryfall reference present","2026-09-12 17:33:20.580291+00","2026-09-12 17:33:20.580291+00"
"chaos-a1202a1cc52c44efbd0e0556b8d93ed1-4557b10f37ec46c6","Defibrillating Current","0.36","0.36","","","","","legacy_only","magic","Magic: The Gathering","audited legacy RPC label; Scryfall reference present","2026-09-12 17:33:20.580291+00","2026-09-12 17:33:20.580291+00"
"chaos-a1202a1cc52c44efbd0e0556b8d93ed1-479f2e8723784acb","Azorius Keyrune","0.24","0.24","","","","","legacy_only","magic","Magic: The Gathering","audited legacy RPC label; Scryfall reference present","2026-09-12 17:33:20.580291+00","2026-09-12 17:33:20.580291+00"
"chaos-a1202a1cc52c44efbd0e0556b8d93ed1-4a27200fdcee4ed5","Lie in Wait","0.24","0.24","","","","","legacy_only","magic","Magic: The Gathering","audited legacy RPC label; Scryfall reference present","2026-09-12 17:33:20.580291+00","2026-09-12 17:33:20.580291+00"
"chaos-a1202a1cc52c44efbd0e0556b8d93ed1-4c0cf9503b274ab1","Deserter's Quarters","0.14","0.14","","","","","legacy_only","magic","Magic: The Gathering","audited legacy RPC label; Scryfall reference present","2026-09-12 17:33:20.580291+00","2026-09-12 17:33:20.580291+00"
"chaos-a1202a1cc52c44efbd0e0556b8d93ed1-55a6dadbe1034f7e","Mind Funeral","1.17","1.17","","","","","legacy_only","magic","Magic: The Gathering","audited legacy RPC label; Scryfall reference present","2026-09-12 17:33:20.580291+00","2026-09-12 17:33:20.580291+00"
"chaos-a1202a1cc52c44efbd0e0556b8d93ed1-5a009984b2d44cbd","Judoon Enforcers","0.28","0.28","","","","","legacy_only","magic","Magic: The Gathering","audited legacy RPC label; Scryfall reference present","2026-09-12 17:33:20.580291+00","2026-09-12 17:33:20.580291+00"
"chaos-a1202a1cc52c44efbd0e0556b8d93ed1-5a07346cf8344d23","Riverwheel Sweep","0.19","0.19","","","","","legacy_only","magic","Magic: The Gathering","audited legacy RPC label; Scryfall reference present","2026-09-12 17:33:20.580291+00","2026-09-12 17:33:20.580291+00"
"chaos-a1202a1cc52c44efbd0e0556b8d93ed1-5b5e86a280bf48de","Reyav, Master Smith","0.64","0.64","","","","","legacy_only","magic","Magic: The Gathering","audited legacy RPC label; Scryfall reference present","2026-09-12 17:33:20.580291+00","2026-09-12 17:33:20.580291+00"
"chaos-a1202a1cc52c44efbd0e0556b8d93ed1-62a87551a5084144","Glacial Dragonhunt","0.58","0.58","","","","","legacy_only","magic","Magic: The Gathering","audited legacy RPC label; Scryfall reference present","2026-09-12 17:33:20.580291+00","2026-09-12 17:33:20.580291+00"
"chaos-a1202a1cc52c44efbd0e0556b8d93ed1-65faae952b374056","Bride's Gown","0.28","0.28","","","","","legacy_only","magic","Magic: The Gathering","audited legacy RPC label; Scryfall reference present","2026-09-12 17:33:20.580291+00","2026-09-12 17:33:20.580291+00"
"chaos-a1202a1cc52c44efbd0e0556b8d93ed1-6e5c426988c34a59","Good-Fortune Unicorn","0.22","0.22","","","","","legacy_only","magic","Magic: The Gathering","audited legacy RPC label; Scryfall reference present","2026-09-12 17:33:20.580291+00","2026-09-12 17:33:20.580291+00"
"chaos-a1202a1cc52c44efbd0e0556b8d93ed1-6f35d979dde94a63","Ribskiff","0.22","0.22","","","","","legacy_only","magic","Magic: The Gathering","audited legacy RPC label; Scryfall reference present","2026-09-12 17:33:20.580291+00","2026-09-12 17:33:20.580291+00"
"chaos-a1202a1cc52c44efbd0e0556b8d93ed1-75ba1330fb6b4996","Unstable Obelisk","0.17","0.17","","","","","legacy_only","magic","Magic: The Gathering","audited legacy RPC label; Scryfall reference present","2026-09-12 17:33:20.580291+00","2026-09-12 17:33:20.580291+00"
"chaos-a1202a1cc52c44efbd0e0556b8d93ed1-761d16cb59914ebb","Harvest Hand // Scrounged Scythe","0.17","0.17","","","","","legacy_only","magic","Magic: The Gathering","audited legacy RPC label; Scryfall reference present","2026-09-12 17:33:20.580291+00","2026-09-12 17:33:20.580291+00"
"chaos-a1202a1cc52c44efbd0e0556b8d93ed1-7653d2fdb9ce46b1","Rona, Sheoldred's Faithful","0.11","0.11","","","","","legacy_only","magic","Magic: The Gathering","audited legacy RPC label; Scryfall reference present","2026-09-12 17:33:20.580291+00","2026-09-12 17:33:20.580291+00"
"chaos-a1202a1cc52c44efbd0e0556b8d93ed1-76721e5a9e034caf","Fabrication Module","0.24","0.24","","","","","legacy_only","magic","Magic: The Gathering","audited legacy RPC label; Scryfall reference present","2026-09-12 17:33:20.580291+00","2026-09-12 17:33:20.580291+00"
"chaos-a1202a1cc52c44efbd0e0556b8d93ed1-78c98c154d524ca6","Mirror-Shield Hoplite","0.14","0.14","","","","","legacy_only","magic","Magic: The Gathering","audited legacy RPC label; Scryfall reference present","2026-09-12 17:33:20.580291+00","2026-09-12 17:33:20.580291+00"
"chaos-a1202a1cc52c44efbd0e0556b8d93ed1-7b893686266f44d2","Garland, Knight of Cornelia // Chaos, the Endless","0.16","0.16","","","","","legacy_only","magic","Magic: The Gathering","audited legacy RPC label; Scryfall reference present","2026-09-12 17:33:20.580291+00","2026-09-12 17:33:20.580291+00"
"chaos-a1202a1cc52c44efbd0e0556b8d93ed1-7dbffb2209ef4b9f","Invasion of Xerex // Vertex Paladin","0.20","0.20","","","","","legacy_only","magic","Magic: The Gathering","audited legacy RPC label; Scryfall reference present","2026-09-12 17:33:20.580291+00","2026-09-12 17:33:20.580291+00"
"chaos-a1202a1cc52c44efbd0e0556b8d93ed1-8261cb454ea2406f","Bomat Bazaar Barge","0.23","0.23","","","","","legacy_only","magic","Magic: The Gathering","audited legacy RPC label; Scryfall reference present","2026-09-12 17:33:20.580291+00","2026-09-12 17:33:20.580291+00"
"chaos-a1202a1cc52c44efbd0e0556b8d93ed1-82e59e1075e64ccb","Chief of the Foundry","0.24","0.24","","","","","legacy_only","magic","Magic: The Gathering","audited legacy RPC label; Scryfall reference present","2026-09-12 17:33:20.580291+00","2026-09-12 17:33:20.580291+00"
"chaos-a1202a1cc52c44efbd0e0556b8d93ed1-82fbdc6c6c8545e4","Jolene, Plundering Pugilist","0.28","0.28","","","","","legacy_only","magic","Magic: The Gathering","audited legacy RPC label; Scryfall reference present","2026-09-12 17:33:20.580291+00","2026-09-12 17:33:20.580291+00"
"chaos-a1202a1cc52c44efbd0e0556b8d93ed1-96fa1e0e13f24658","Minthara, Merciless Soul","0.30","0.30","","","","","legacy_only","magic","Magic: The Gathering","audited legacy RPC label; Scryfall reference present","2026-09-12 17:33:20.580291+00","2026-09-12 17:33:20.580291+00"
"chaos-a1202a1cc52c44efbd0e0556b8d93ed1-9dab34b58b454741","Warden of the Chained","0.16","0.16","","","","","legacy_only","magic","Magic: The Gathering","audited legacy RPC label; Scryfall reference present","2026-09-12 17:33:20.580291+00","2026-09-12 17:33:20.580291+00"
"chaos-a1202a1cc52c44efbd0e0556b8d93ed1-a184a6672ab74550","Markov Waltzer","0.04","0.04","","","","","legacy_only","magic","Magic: The Gathering","audited legacy RPC label; Scryfall reference present","2026-09-12 17:33:20.580291+00","2026-09-12 17:33:20.580291+00"
"chaos-a1202a1cc52c44efbd0e0556b8d93ed1-a4ff24fd3f25427a","Invasion of Amonkhet // Lazotep Convert","0.36","0.36","","","","","legacy_only","magic","Magic: The Gathering","audited legacy RPC label; Scryfall reference present","2026-09-12 17:33:20.580291+00","2026-09-12 17:33:20.580291+00"
"chaos-a1202a1cc52c44efbd0e0556b8d93ed1-a5d57d4ffbc94fbb","Rampaging Geoderm","0.21","0.21","","","","","legacy_only","magic","Magic: The Gathering","audited legacy RPC label; Scryfall reference present","2026-09-12 17:33:20.580291+00","2026-09-12 17:33:20.580291+00"
"chaos-a1202a1cc52c44efbd0e0556b8d93ed1-a6155e541b264e19","Etched Oracle","0.22","0.22","","","","","legacy_only","magic","Magic: The Gathering","audited legacy RPC label; Scryfall reference present","2026-09-12 17:33:20.580291+00","2026-09-12 17:33:20.580291+00"
"chaos-a1202a1cc52c44efbd0e0556b8d93ed1-a6b398f5a98b4a9d","Angel's Feather","0.31","0.31","","","","","legacy_only","magic","Magic: The Gathering","audited legacy RPC label; Scryfall reference present","2026-09-12 17:33:20.580291+00","2026-09-12 17:33:20.580291+00"
"chaos-a1202a1cc52c44efbd0e0556b8d93ed1-a9f4505a07d6483f","Jeskai Monument","0.13","0.13","","","","","legacy_only","magic","Magic: The Gathering","audited legacy RPC label; Scryfall reference present","2026-09-12 17:33:20.580291+00","2026-09-12 17:33:20.580291+00"
"chaos-a1202a1cc52c44efbd0e0556b8d93ed1-b6813f3b5f6445e8","Invasion of New Capenna // Holy Frazzle-Cannon","0.23","0.23","","","","","legacy_only","magic","Magic: The Gathering","audited legacy RPC label; Scryfall reference present","2026-09-12 17:33:20.580291+00","2026-09-12 17:33:20.580291+00"
"chaos-a1202a1cc52c44efbd0e0556b8d93ed1-bbea3e9463314a84","Simic Keyrune","0.24","0.24","","","","","legacy_only","magic","Magic: The Gathering","audited legacy RPC label; Scryfall reference present","2026-09-12 17:33:20.580291+00","2026-09-12 17:33:20.580291+00"
"chaos-a1202a1cc52c44efbd0e0556b8d93ed1-c0be87f068744a2a","Everflowing Chalice","0.42","0.42","","","","","legacy_only","magic","Magic: The Gathering","audited legacy RPC label; Scryfall reference present","2026-09-12 17:33:20.580291+00","2026-09-12 17:33:20.580291+00"
"chaos-a1202a1cc52c44efbd0e0556b8d93ed1-c601866d1f904fce","Rakshasa's Bargain","0.25","0.25","","","","","legacy_only","magic","Magic: The Gathering","audited legacy RPC label; Scryfall reference present","2026-09-12 17:33:20.580291+00","2026-09-12 17:33:20.580291+00"
"chaos-a1202a1cc52c44efbd0e0556b8d93ed1-cbda0727c17f412a","Staff of the Sun Magus","0.23","0.23","","","","","legacy_only","magic","Magic: The Gathering","audited legacy RPC label; Scryfall reference present","2026-09-12 17:33:20.580291+00","2026-09-12 17:33:20.580291+00"
"chaos-a1202a1cc52c44efbd0e0556b8d93ed1-cc722ef7817641a0","Crook of Condemnation","0.12","0.12","","","","","legacy_only","magic","Magic: The Gathering","audited legacy RPC label; Scryfall reference present","2026-09-12 17:33:20.580291+00","2026-09-12 17:33:20.580291+00"
"chaos-a1202a1cc52c44efbd0e0556b8d93ed1-d566de4213c04aff","Bituminous Blast","0.24","0.24","","","","","legacy_only","magic","Magic: The Gathering","audited legacy RPC label; Scryfall reference present","2026-09-12 17:33:20.580291+00","2026-09-12 17:33:20.580291+00"
"chaos-a1202a1cc52c44efbd0e0556b8d93ed1-d86ccbe45a814c02","Rona, Sheoldred's Faithful","0.23","0.23","","","","","legacy_only","magic","Magic: The Gathering","audited legacy RPC label; Scryfall reference present","2026-09-12 17:33:20.580291+00","2026-09-12 17:33:20.580291+00"
"chaos-a1202a1cc52c44efbd0e0556b8d93ed1-dc1d53f3c0fd429d","Azorius Signet","0.39","0.39","","","","","legacy_only","magic","Magic: The Gathering","audited legacy RPC label; Scryfall reference present","2026-09-12 17:33:20.580291+00","2026-09-12 17:33:20.580291+00"
"chaos-a1202a1cc52c44efbd0e0556b8d93ed1-ddde228a230a430e","Runaway Carriage","0.07","0.07","","","","","legacy_only","magic","Magic: The Gathering","audited legacy RPC label; Scryfall reference present","2026-09-12 17:33:20.580291+00","2026-09-12 17:33:20.580291+00"
"chaos-a1202a1cc52c44efbd0e0556b8d93ed1-ddf21f9f798a45bf","Rufus Shinra","0.18","0.18","","","","","legacy_only","magic","Magic: The Gathering","audited legacy RPC label; Scryfall reference present","2026-09-12 17:33:20.580291+00","2026-09-12 17:33:20.580291+00"
"chaos-a1202a1cc52c44efbd0e0556b8d93ed1-e07bea2a85a24eca","Biomechan Engineer","0.15","0.15","","","","","legacy_only","magic","Magic: The Gathering","audited legacy RPC label; Scryfall reference present","2026-09-12 17:33:20.580291+00","2026-09-12 17:33:20.580291+00"
"chaos-a1202a1cc52c44efbd0e0556b8d93ed1-e332f12425554bb8","Mardu Monument","0.16","0.16","","","","","legacy_only","magic","Magic: The Gathering","audited legacy RPC label; Scryfall reference present","2026-09-12 17:33:20.580291+00","2026-09-12 17:33:20.580291+00"
"chaos-a1202a1cc52c44efbd0e0556b8d93ed1-e7b9f860a46744fc","Slab Hammer","0.08","0.08","","","","","legacy_only","magic","Magic: The Gathering","audited legacy RPC label; Scryfall reference present","2026-09-12 17:33:20.580291+00","2026-09-12 17:33:20.580291+00"
"chaos-a1202a1cc52c44efbd0e0556b8d93ed1-e8338a68bdc64fe2","Botanical Brawler","0.32","0.32","","","","","legacy_only","magic","Magic: The Gathering","audited legacy RPC label; Scryfall reference present","2026-09-12 17:33:20.580291+00","2026-09-12 17:33:20.580291+00"
"chaos-a1202a1cc52c44efbd0e0556b8d93ed1-e8fe77d22b334c22","Izzet Guildmage","0.23","0.23","","","","","legacy_only","magic","Magic: The Gathering","audited legacy RPC label; Scryfall reference present","2026-09-12 17:33:20.580291+00","2026-09-12 17:33:20.580291+00"
"chaos-a1202a1cc52c44efbd0e0556b8d93ed1-eaa86491ed0b4703","Gladiolus Amicitia","0.29","0.29","","","","","legacy_only","magic","Magic: The Gathering","audited legacy RPC label; Scryfall reference present","2026-09-12 17:33:20.580291+00","2026-09-12 17:33:20.580291+00"
"chaos-a1202a1cc52c44efbd0e0556b8d93ed1-ebe00104fd4f44b4","Lesser Masticore","0.74","0.74","","","","","legacy_only","magic","Magic: The Gathering","audited legacy RPC label; Scryfall reference present","2026-09-12 17:33:20.580291+00","2026-09-12 17:33:20.580291+00"
"chaos-a1202a1cc52c44efbd0e0556b8d93ed1-ed80b6a2e3324fdc","Caparocti Sunborn","0.15","0.15","","","","","legacy_only","magic","Magic: The Gathering","audited legacy RPC label; Scryfall reference present","2026-09-12 17:33:20.580291+00","2026-09-12 17:33:20.580291+00"
"chaos-a1202a1cc52c44efbd0e0556b8d93ed1-eec3b0ba28d34e7f","Invasion of Lorwyn // Winnowing Forces","0.12","0.12","","","","","legacy_only","magic","Magic: The Gathering","audited legacy RPC label; Scryfall reference present","2026-09-12 17:33:20.580291+00","2026-09-12 17:33:20.580291+00"
"chaos-a1202a1cc52c44efbd0e0556b8d93ed1-f58f4ef032e9467d","Sharae of Numbing Depths","0.25","0.25","","","","","legacy_only","magic","Magic: The Gathering","audited legacy RPC label; Scryfall reference present","2026-09-12 17:33:20.580291+00","2026-09-12 17:33:20.580291+00"
"chaos-a1202a1cc52c44efbd0e0556b8d93ed1-f99359eeeeba4d99","Haunted Cloak","0.36","0.36","","","","","legacy_only","magic","Magic: The Gathering","audited legacy RPC label; Scryfall reference present","2026-09-12 17:33:20.580291+00","2026-09-12 17:33:20.580291+00"
"chaos-b4337ee151174a3584e7c90a92695267-034a982e677a4ec8","Invert // Invent","0.13","0.13","","","","","legacy_only","magic","Magic: The Gathering","audited legacy RPC label; Scryfall reference present","2026-09-09 22:02:57.419906+00","2026-09-09 22:02:57.419906+00"
"chaos-b4337ee151174a3584e7c90a92695267-09b63a16b17e4805","Conclave Guildmage","0.19","0.19","","","","","legacy_only","magic","Magic: The Gathering","audited legacy RPC label; Scryfall reference present","2026-09-09 22:02:57.419906+00","2026-09-09 22:02:57.419906+00"
"chaos-b4337ee151174a3584e7c90a92695267-09b8ed7ff7ae4977","Binding the Old Gods","0.37","0.37","","","","","legacy_only","magic","Magic: The Gathering","audited legacy RPC label; Scryfall reference present","2026-09-09 22:02:57.419906+00","2026-09-09 22:02:57.419906+00"
"chaos-b4337ee151174a3584e7c90a92695267-0db3b2e3d11a406d","Evangel of Synthesis","0.07","0.07","","","","","legacy_only","magic","Magic: The Gathering","audited legacy RPC label; Scryfall reference present","2026-09-09 22:02:57.419906+00","2026-09-09 22:02:57.419906+00"
"chaos-b4337ee151174a3584e7c90a92695267-0db6db8e7ed74199","Herald of Kozilek","0.37","0.37","","","","","legacy_only","magic","Magic: The Gathering","audited legacy RPC label; Scryfall reference present","2026-09-09 22:02:57.419906+00","2026-09-09 22:02:57.419906+00"
"chaos-b4337ee151174a3584e7c90a92695267-12d11554f74742c6","Fatal Grudge","0.24","0.24","","","","","legacy_only","magic","Magic: The Gathering","audited legacy RPC label; Scryfall reference present","2026-09-09 22:02:57.419906+00","2026-09-09 22:02:57.419906+00"
"chaos-b4337ee151174a3584e7c90a92695267-12dae30c51c54a85","Treasure Keeper","0.14","0.14","","","","","legacy_only","magic","Magic: The Gathering","audited legacy RPC label; Scryfall reference present","2026-09-09 22:02:57.419906+00","2026-09-09 22:02:57.419906+00"
"chaos-b4337ee151174a3584e7c90a92695267-16b5331d994849f4","Skyfisher Spider","0.24","0.24","","","","","legacy_only","magic","Magic: The Gathering","audited legacy RPC label; Scryfall reference present","2026-09-09 22:02:57.419906+00","2026-09-09 22:02:57.419906+00"
"chaos-b4337ee151174a3584e7c90a92695267-178f1b5533cd45b6","Arc Spitter","0.22","0.22","","","","","legacy_only","magic","Magic: The Gathering","audited legacy RPC label; Scryfall reference present","2026-09-09 22:02:57.419906+00","2026-09-09 22:02:57.419906+00"
"chaos-b4337ee151174a3584e7c90a92695267-1aafe6ff4e0e484a","Angrath's Rampage","0.26","0.26","","","","","legacy_only","magic","Magic: The Gathering","audited legacy RPC label; Scryfall reference present","2026-09-09 22:02:57.419906+00","2026-09-09 22:02:57.419906+00"
"chaos-b4337ee151174a3584e7c90a92695267-1cccc76346364b3c","Icy Manipulator","0.21","0.21","","","","","legacy_only","magic","Magic: The Gathering","audited legacy RPC label; Scryfall reference present","2026-09-09 22:02:57.419906+00","2026-09-09 22:02:57.419906+00"
"chaos-b4337ee151174a3584e7c90a92695267-266a32a3595047e1","Incubation // Incongruity","0.36","0.36","","","","","legacy_only","magic","Magic: The Gathering","audited legacy RPC label; Scryfall reference present","2026-09-09 22:02:57.419906+00","2026-09-09 22:02:57.419906+00"
"chaos-b4337ee151174a3584e7c90a92695267-281e7001137141b9","Conclave Mentor","0.40","0.40","","","","","legacy_only","magic","Magic: The Gathering","audited legacy RPC label; Scryfall reference present","2026-09-09 22:02:57.419906+00","2026-09-09 22:02:57.419906+00"
"chaos-b4337ee151174a3584e7c90a92695267-2b3628a96328416b","Heroic Reinforcements","0.19","0.19","","","","","legacy_only","magic","Magic: The Gathering","audited legacy RPC label; Scryfall reference present","2026-09-09 22:02:57.419906+00","2026-09-09 22:02:57.419906+00"
"chaos-b4337ee151174a3584e7c90a92695267-2cbc72e319aa4362","Golgari Findbroker","0.31","0.31","","","","","legacy_only","magic","Magic: The Gathering","audited legacy RPC label; Scryfall reference present","2026-09-09 22:02:57.419906+00","2026-09-09 22:02:57.419906+00"
"chaos-b4337ee151174a3584e7c90a92695267-2e2c8bfc9e55444b","Sedraxis Specter","0.11","0.11","","","","","legacy_only","magic","Magic: The Gathering","audited legacy RPC label; Scryfall reference present","2026-09-09 22:02:57.419906+00","2026-09-09 22:02:57.419906+00"
"chaos-b4337ee151174a3584e7c90a92695267-2f8dcfc020304fc8","General's Enforcer","0.33","0.33","","","","","legacy_only","magic","Magic: The Gathering","audited legacy RPC label; Scryfall reference present","2026-09-09 22:02:57.419906+00","2026-09-09 22:02:57.419906+00"
"chaos-b4337ee151174a3584e7c90a92695267-32657828c3af4084","Mask of the Jadecrafter","0.08","0.08","","","","","legacy_only","magic","Magic: The Gathering","audited legacy RPC label; Scryfall reference present","2026-09-09 22:02:57.419906+00","2026-09-09 22:02:57.419906+00"
"chaos-b4337ee151174a3584e7c90a92695267-376258a5ca5f4479","Discovery // Dispersal","0.28","0.28","","","","","legacy_only","magic","Magic: The Gathering","audited legacy RPC label; Scryfall reference present","2026-09-09 22:02:57.419906+00","2026-09-09 22:02:57.419906+00"
"chaos-b4337ee151174a3584e7c90a92695267-3dacf614b0864581","Thought Erasure","0.25","0.25","","","","","legacy_only","magic","Magic: The Gathering","audited legacy RPC label; Scryfall reference present","2026-09-09 22:02:57.419906+00","2026-09-09 22:02:57.419906+00"
"chaos-b4337ee151174a3584e7c90a92695267-3f40164618af41e7","Ashnod's Harvester","0.19","0.19","","","","","legacy_only","magic","Magic: The Gathering","audited legacy RPC label; Scryfall reference present","2026-09-09 22:02:57.419906+00","2026-09-09 22:02:57.419906+00"
"chaos-b4337ee151174a3584e7c90a92695267-45a40f927dda46f9","Merfolk Skydiver","0.75","0.75","","","","","legacy_only","magic","Magic: The Gathering","audited legacy RPC label; Scryfall reference present","2026-09-09 22:02:57.419906+00","2026-09-09 22:02:57.419906+00"
"chaos-b4337ee151174a3584e7c90a92695267-45abb40f62664142","Gloryscale Viashino","0.24","0.24","","","","","legacy_only","magic","Magic: The Gathering","audited legacy RPC label; Scryfall reference present","2026-09-09 22:02:57.419906+00","2026-09-09 22:02:57.419906+00"
"chaos-b4337ee151174a3584e7c90a92695267-472f27e8169945c1","League Guildmage","0.11","0.11","","","","","legacy_only","magic","Magic: The Gathering","audited legacy RPC label; Scryfall reference present","2026-09-09 22:02:57.419906+00","2026-09-09 22:02:57.419906+00"
"chaos-b4337ee151174a3584e7c90a92695267-50189373cb3a428b","Raff Capashen, Ship's Mage","0.25","0.25","","","","","legacy_only","magic","Magic: The Gathering","audited legacy RPC label; Scryfall reference present","2026-09-09 22:02:57.419906+00","2026-09-09 22:02:57.419906+00"
"chaos-b4337ee151174a3584e7c90a92695267-53038df38d464999","Yotian Tactician","0.15","0.15","","","","","legacy_only","magic","Magic: The Gathering","audited legacy RPC label; Scryfall reference present","2026-09-09 22:02:57.419906+00","2026-09-09 22:02:57.419906+00"
"chaos-b4337ee151174a3584e7c90a92695267-5636209f97c44357","Saheeli, Sublime Artificer","0.23","0.23","","","","","legacy_only","magic","Magic: The Gathering","audited legacy RPC label; Scryfall reference present","2026-09-09 22:02:57.419906+00","2026-09-09 22:02:57.419906+00"
"chaos-b4337ee151174a3584e7c90a92695267-57d8987bcfe84a33","Walking Bulwark","0.27","0.27","","","","","legacy_only","magic","Magic: The Gathering","audited legacy RPC label; Scryfall reference present","2026-09-09 22:02:57.419906+00","2026-09-09 22:02:57.419906+00"
"chaos-b4337ee151174a3584e7c90a92695267-5e030fd2e8d2454c","Crew Captain","0.08","0.08","","","","","legacy_only","magic","Magic: The Gathering","audited legacy RPC label; Scryfall reference present","2026-09-09 22:02:57.419906+00","2026-09-09 22:02:57.419906+00"
"chaos-b4337ee151174a3584e7c90a92695267-5e99416a11b74b25","Nahiri, Storm of Stone","0.50","0.50","","","","","legacy_only","magic","Magic: The Gathering","audited legacy RPC label; Scryfall reference present","2026-09-09 22:02:57.419906+00","2026-09-09 22:02:57.419906+00"
"chaos-b4337ee151174a3584e7c90a92695267-6223723bb4aa41ee","Tide Drifter","0.12","0.12","","","","","legacy_only","magic","Magic: The Gathering","audited legacy RPC label; Scryfall reference present","2026-09-09 22:02:57.419906+00","2026-09-09 22:02:57.419906+00"
"chaos-b4337ee151174a3584e7c90a92695267-6be3a47fedd94227","Despark","0.38","0.38","","","","","legacy_only","magic","Magic: The Gathering","audited legacy RPC label; Scryfall reference present","2026-09-09 22:02:57.419906+00","2026-09-09 22:02:57.419906+00"
"chaos-b4337ee151174a3584e7c90a92695267-74fb42bb7c6c4b9d","Beacon Bolt","0.25","0.25","","","","","legacy_only","magic","Magic: The Gathering","audited legacy RPC label; Scryfall reference present","2026-09-09 22:02:57.419906+00","2026-09-09 22:02:57.419906+00"
"chaos-b4337ee151174a3584e7c90a92695267-76c71a5bc71246a1","Spinning Wheel","0.18","0.18","","","","","legacy_only","magic","Magic: The Gathering","audited legacy RPC label; Scryfall reference present","2026-09-09 22:02:57.419906+00","2026-09-09 22:02:57.419906+00"
"chaos-b4337ee151174a3584e7c90a92695267-7a944219b41e4ad9","Steel Exemplar","0.14","0.14","","","","","legacy_only","magic","Magic: The Gathering","audited legacy RPC label; Scryfall reference present","2026-09-09 22:02:57.419906+00","2026-09-09 22:02:57.419906+00"
"chaos-b4337ee151174a3584e7c90a92695267-7bb992395f264bda","Brazen Upstart","0.10","0.10","","","","","legacy_only","magic","Magic: The Gathering","audited legacy RPC label; Scryfall reference present","2026-09-09 22:02:57.419906+00","2026-09-09 22:02:57.419906+00"
"chaos-b4337ee151174a3584e7c90a92695267-881be344747e4ef4","Sprouting Thrinax","0.30","0.30","","","","","legacy_only","magic","Magic: The Gathering","audited legacy RPC label; Scryfall reference present","2026-09-09 22:02:57.419906+00","2026-09-09 22:02:57.419906+00"
"chaos-b4337ee151174a3584e7c90a92695267-8e7c8781812c4e36","Enchanted Carriage","0.16","0.16","","","","","legacy_only","magic","Magic: The Gathering","audited legacy RPC label; Scryfall reference present","2026-09-09 22:02:57.419906+00","2026-09-09 22:02:57.419906+00"
"chaos-b4337ee151174a3584e7c90a92695267-8f9733cedb1d4cd2","Carnival // Carnage","0.21","0.21","","","","","legacy_only","magic","Magic: The Gathering","audited legacy RPC label; Scryfall reference present","2026-09-09 22:02:57.419906+00","2026-09-09 22:02:57.419906+00"
"chaos-b4337ee151174a3584e7c90a92695267-90bbedab748d4229","Walker of the Wastes","0.56","0.56","","","","","legacy_only","magic","Magic: The Gathering","audited legacy RPC label; Scryfall reference present","2026-09-09 22:02:57.419906+00","2026-09-19 17:55:44.390364+00"
"chaos-b4337ee151174a3584e7c90a92695267-90c11a3d0f0e4836","Hero of the Dunes","0.26","0.26","","","","","legacy_only","magic","Magic: The Gathering","audited legacy RPC label; Scryfall reference present","2026-09-09 22:02:57.419906+00","2026-09-09 22:02:57.419906+00"
"chaos-b4337ee151174a3584e7c90a92695267-96a4f9d54f6c4073","Immobilizer Eldrazi","0.13","0.13","","","","","legacy_only","magic","Magic: The Gathering","audited legacy RPC label; Scryfall reference present","2026-09-09 22:02:57.419906+00","2026-09-09 22:02:57.419906+00"
"chaos-b4337ee151174a3584e7c90a92695267-9f77fe10289c4bec","Ash, Party Crasher","0.16","0.16","","","","","legacy_only","magic","Magic: The Gathering","audited legacy RPC label; Scryfall reference present","2026-09-09 22:02:57.419906+00","2026-09-09 22:02:57.419906+00"
"chaos-b4337ee151174a3584e7c90a92695267-a0bcf2544e674666","Nimble Larcenist","0.17","0.17","","","","","legacy_only","magic","Magic: The Gathering","audited legacy RPC label; Scryfall reference present","2026-09-09 22:02:57.419906+00","2026-09-09 22:02:57.419906+00"
"chaos-b4337ee151174a3584e7c90a92695267-a43215d37d794631","Corpse Appraiser","0.15","0.15","","","","","legacy_only","magic","Magic: The Gathering","audited legacy RPC label; Scryfall reference present","2026-09-09 22:02:57.419906+00","2026-09-09 22:02:57.419906+00"
"chaos-b4337ee151174a3584e7c90a92695267-a45eae3edfb24549","Riveteers Charm","0.17","0.17","","","","","legacy_only","magic","Magic: The Gathering","audited legacy RPC label; Scryfall reference present","2026-09-09 22:02:57.419906+00","2026-09-09 22:02:57.419906+00"
"chaos-b4337ee151174a3584e7c90a92695267-a479c10d555f4655","Diamond Knight","0.54","0.54","","","","","legacy_only","magic","Magic: The Gathering","audited legacy RPC label; Scryfall reference present","2026-09-09 22:02:57.419906+00","2026-09-09 22:02:57.419906+00"
"chaos-b4337ee151174a3584e7c90a92695267-a71a49c5c2bc40cd","Crew Captain","0.08","0.08","","","","","legacy_only","magic","Magic: The Gathering","audited legacy RPC label; Scryfall reference present","2026-09-09 22:02:57.419906+00","2026-09-09 22:02:57.419906+00"
"chaos-b4337ee151174a3584e7c90a92695267-b229c4a08ccf494c","Hero's Heirloom","0.34","0.34","","","","","legacy_only","magic","Magic: The Gathering","audited legacy RPC label; Scryfall reference present","2026-09-09 22:02:57.419906+00","2026-09-09 22:02:57.419906+00"
"chaos-b4337ee151174a3584e7c90a92695267-b7de9f278a234345","Leyline Prowler","0.31","0.31","","","","","legacy_only","magic","Magic: The Gathering","audited legacy RPC label; Scryfall reference present","2026-09-09 22:02:57.419906+00","2026-09-09 22:02:57.419906+00"
"chaos-b4337ee151174a3584e7c90a92695267-b8533241f3ae4818","Inquisitive Puppet","0.08","0.08","","","","","legacy_only","magic","Magic: The Gathering","audited legacy RPC label; Scryfall reference present","2026-09-09 22:02:57.419906+00","2026-09-09 22:02:57.419906+00"
"chaos-b4337ee151174a3584e7c90a92695267-bf39b8ac9302431c","Scab-Clan Giant","0.07","0.07","","","","","legacy_only","magic","Magic: The Gathering","audited legacy RPC label; Scryfall reference present","2026-09-09 22:02:57.419906+00","2026-09-09 22:02:57.419906+00"
"chaos-b4337ee151174a3584e7c90a92695267-c5e012d65987444d","Clockwork Servant","0.06","0.06","","","","","legacy_only","magic","Magic: The Gathering","audited legacy RPC label; Scryfall reference present","2026-09-09 22:02:57.419906+00","2026-09-09 22:02:57.419906+00"
"chaos-b4337ee151174a3584e7c90a92695267-c6034bd021cb4f2f","Nimble Larcenist","0.15","0.15","","","","","legacy_only","magic","Magic: The Gathering","audited legacy RPC label; Scryfall reference present","2026-09-09 22:02:57.419906+00","2026-09-09 22:02:57.419906+00"
"chaos-b4337ee151174a3584e7c90a92695267-c971216a7bfc442a","Jodah's Codex","0.54","0.54","","","","","legacy_only","magic","Magic: The Gathering","audited legacy RPC label; Scryfall reference present","2026-09-09 22:02:57.419906+00","2026-09-09 22:02:57.419906+00"
"chaos-b4337ee151174a3584e7c90a92695267-cac8e53e63aa47cb","Zimone, Quandrix Prodigy","0.18","0.18","","","","","legacy_only","magic","Magic: The Gathering","audited legacy RPC label; Scryfall reference present","2026-09-09 22:02:57.419906+00","2026-09-09 22:02:57.419906+00"
"chaos-b4337ee151174a3584e7c90a92695267-d623ef335a91449d","Corpse Appraiser","0.10","0.10","","","","","legacy_only","magic","Magic: The Gathering","audited legacy RPC label; Scryfall reference present","2026-09-09 22:02:57.419906+00","2026-09-09 22:02:57.419906+00"
"chaos-b4337ee151174a3584e7c90a92695267-e3a3cc20a1754a31","Turn Against","0.13","0.13","","","","","legacy_only","magic","Magic: The Gathering","audited legacy RPC label; Scryfall reference present","2026-09-09 22:02:57.419906+00","2026-09-09 22:02:57.419906+00"
"chaos-b4337ee151174a3584e7c90a92695267-e8823eb388894f1d","Levitating Statue","0.24","0.24","","","","","legacy_only","magic","Magic: The Gathering","audited legacy RPC label; Scryfall reference present","2026-09-09 22:02:57.419906+00","2026-09-09 22:02:57.419906+00"
"chaos-b4337ee151174a3584e7c90a92695267-e8c3bfec277b4012","Fall of the Impostor","0.26","0.26","","","","","legacy_only","magic","Magic: The Gathering","audited legacy RPC label; Scryfall reference present","2026-09-09 22:02:57.419906+00","2026-09-09 22:02:57.419906+00"
"chaos-b4337ee151174a3584e7c90a92695267-ea537016e19240b9","Extract from Darkness","0.56","0.56","","","","","legacy_only","magic","Magic: The Gathering","audited legacy RPC label; Scryfall reference present","2026-09-09 22:02:57.419906+00","2026-09-09 22:02:57.419906+00"
"chaos-b4337ee151174a3584e7c90a92695267-ecb867ad3bcd4683","Obscura Charm","0.23","0.23","","","","","legacy_only","magic","Magic: The Gathering","audited legacy RPC label; Scryfall reference present","2026-09-09 22:02:57.419906+00","2026-09-09 22:02:57.419906+00"
"chaos-b4337ee151174a3584e7c90a92695267-ef01b4749cba4f2d","Yotian Dissident","0.26","0.26","","","","","legacy_only","magic","Magic: The Gathering","audited legacy RPC label; Scryfall reference present","2026-09-09 22:02:57.419906+00","2026-09-09 22:02:57.419906+00"
"chaos-b4337ee151174a3584e7c90a92695267-f5fe24555cc34a7b","Diviner's Lockbox","0.07","0.07","","","","","legacy_only","magic","Magic: The Gathering","audited legacy RPC label; Scryfall reference present","2026-09-09 22:02:57.419906+00","2026-09-09 22:02:57.419906+00"
"chaos-b4337ee151174a3584e7c90a92695267-ff46a0b5bf734d8a","Deathless Behemoth","0.14","0.14","","","","","legacy_only","magic","Magic: The Gathering","audited legacy RPC label; Scryfall reference present","2026-09-09 22:02:57.419906+00","2026-09-09 22:02:57.419906+00"
"chaos-bcbadbff77aa4a0cb34fb6a6faab23bc-0712dd5203304750","Pillory of the Sleepless","0.28","0.28","","","","","legacy_only","magic","Magic: The Gathering","audited legacy RPC label; Scryfall reference present","2026-09-09 22:40:47.474751+00","2026-09-09 22:40:47.474751+00"
"chaos-bcbadbff77aa4a0cb34fb6a6faab23bc-0a92ce54ce37488a","Deepchannel Duelist","0.30","0.30","","","","","legacy_only","magic","Magic: The Gathering","audited legacy RPC label; Scryfall reference present","2026-09-09 22:40:47.474751+00","2026-09-09 22:40:47.474751+00"
"chaos-bcbadbff77aa4a0cb34fb6a6faab23bc-0bb7eb62db974f4d","Darling of the Masses","0.22","0.22","","","","","legacy_only","magic","Magic: The Gathering","audited legacy RPC label; Scryfall reference present","2026-09-09 22:40:47.474751+00","2026-09-09 22:40:47.474751+00"
"chaos-bcbadbff77aa4a0cb34fb6a6faab23bc-0d8f2dee4a894614","Scab-Clan Giant","0.07","0.07","","","","","legacy_only","magic","Magic: The Gathering","audited legacy RPC label; Scryfall reference present","2026-09-09 22:40:47.474751+00","2026-09-09 22:40:47.474751+00"
"chaos-bcbadbff77aa4a0cb34fb6a6faab23bc-1504523fb6a84526","Tormentor's Trident","0.10","0.10","","","","","legacy_only","magic","Magic: The Gathering","audited legacy RPC label; Scryfall reference present","2026-09-09 22:40:47.474751+00","2026-09-09 22:40:47.474751+00"
"chaos-bcbadbff77aa4a0cb34fb6a6faab23bc-175222fda6eb4392","Gwyllion Hedge-Mage","0.32","0.32","","","","","legacy_only","magic","Magic: The Gathering","audited legacy RPC label; Scryfall reference present","2026-09-09 22:40:47.474751+00","2026-09-09 22:40:47.474751+00"
"chaos-bcbadbff77aa4a0cb34fb6a6faab23bc-1acc0c575a4543a3","Ketria Crystal","0.16","0.16","","","","","legacy_only","magic","Magic: The Gathering","audited legacy RPC label; Scryfall reference present","2026-09-09 22:40:47.474751+00","2026-09-09 22:40:47.474751+00"
"chaos-bcbadbff77aa4a0cb34fb6a6faab23bc-1d3eb9ff90474fdf","Indatha Crystal","0.23","0.23","","","","","legacy_only","magic","Magic: The Gathering","audited legacy RPC label; Scryfall reference present","2026-09-09 22:40:47.474751+00","2026-09-09 22:40:47.474751+00"
"chaos-bcbadbff77aa4a0cb34fb6a6faab23bc-22fa8e8758da4aea","Lore Drakkis","0.18","0.18","","","","","legacy_only","magic","Magic: The Gathering","audited legacy RPC label; Scryfall reference present","2026-09-09 22:40:47.474751+00","2026-09-09 22:40:47.474751+00"
"chaos-bcbadbff77aa4a0cb34fb6a6faab23bc-25b39d61bb324356","Join Shields","0.22","0.22","","","","","legacy_only","magic","Magic: The Gathering","audited legacy RPC label; Scryfall reference present","2026-09-09 22:40:47.474751+00","2026-09-09 22:40:47.474751+00"
"chaos-bcbadbff77aa4a0cb34fb6a6faab23bc-27f383be6bd24a51","Barrowin of Clan Undurr","0.34","0.34","","","","","legacy_only","magic","Magic: The Gathering","audited legacy RPC label; Scryfall reference present","2026-09-09 22:40:47.474751+00","2026-09-09 22:40:47.474751+00"
"chaos-bcbadbff77aa4a0cb34fb6a6faab23bc-28d57840c62846a4","Bag of Holding","0.28","0.28","","","","","legacy_only","magic","Magic: The Gathering","audited legacy RPC label; Scryfall reference present","2026-09-09 22:40:47.474751+00","2026-09-09 22:40:47.474751+00"
"chaos-bcbadbff77aa4a0cb34fb6a6faab23bc-2cf8595a412245f8","Thundering Chariot","0.05","0.05","","","","","legacy_only","magic","Magic: The Gathering","audited legacy RPC label; Scryfall reference present","2026-09-09 22:40:47.474751+00","2026-09-09 22:40:47.474751+00"
"chaos-bcbadbff77aa4a0cb34fb6a6faab23bc-36fab970a93f45f6","Targ Nar, Demon-Fang Gnoll","0.25","0.25","","","","","legacy_only","magic","Magic: The Gathering","audited legacy RPC label; Scryfall reference present","2026-09-09 22:40:47.474751+00","2026-09-09 22:40:47.474751+00"
"chaos-bcbadbff77aa4a0cb34fb6a6faab23bc-3b657a47e226423b","Unstable Obelisk","0.17","0.17","","","","","legacy_only","magic","Magic: The Gathering","audited legacy RPC label; Scryfall reference present","2026-09-09 22:40:47.474751+00","2026-09-09 22:40:47.474751+00"
"chaos-bcbadbff77aa4a0cb34fb6a6faab23bc-3bde6bda74c947d6","Aethermage's Touch","0.08","0.08","","","","","legacy_only","magic","Magic: The Gathering","audited legacy RPC label; Scryfall reference present","2026-09-09 22:40:47.474751+00","2026-09-09 22:40:47.474751+00"
"chaos-bcbadbff77aa4a0cb34fb6a6faab23bc-3c3c4e566ff74f0c","Glowspore Shaman","0.32","0.32","","","","","legacy_only","magic","Magic: The Gathering","audited legacy RPC label; Scryfall reference present","2026-09-09 22:40:47.474751+00","2026-09-09 22:40:47.474751+00"
"chaos-bcbadbff77aa4a0cb34fb6a6faab23bc-41f7bc417b97488a","Disciplined Duelist","0.14","0.14","","","","","legacy_only","magic","Magic: The Gathering","audited legacy RPC label; Scryfall reference present","2026-09-09 22:40:47.474751+00","2026-09-09 22:40:47.474751+00"
"chaos-bcbadbff77aa4a0cb34fb6a6faab23bc-43e9d0bacf644096","Said // Done","0.24","0.24","","","","","legacy_only","magic","Magic: The Gathering","audited legacy RPC label; Scryfall reference present","2026-09-09 22:40:47.474751+00","2026-09-09 22:40:47.474751+00"
"chaos-bcbadbff77aa4a0cb34fb6a6faab23bc-4551579676214a52","Savai Thundermane","0.13","0.13","","","","","legacy_only","magic","Magic: The Gathering","audited legacy RPC label; Scryfall reference present","2026-09-09 22:40:47.474751+00","2026-09-09 22:40:47.474751+00"
"chaos-bcbadbff77aa4a0cb34fb6a6faab23bc-47f6e573e5834f06","Millikin","0.29","0.29","","","","","legacy_only","magic","Magic: The Gathering","audited legacy RPC label; Scryfall reference present","2026-09-09 22:40:47.474751+00","2026-09-09 22:40:47.474751+00"
"chaos-bcbadbff77aa4a0cb34fb6a6faab23bc-4b19ce34f9b24ac1","Swarm Guildmage","0.26","0.26","","","","","legacy_only","magic","Magic: The Gathering","audited legacy RPC label; Scryfall reference present","2026-09-09 22:40:47.474751+00","2026-09-09 22:40:47.474751+00"
"chaos-bcbadbff77aa4a0cb34fb6a6faab23bc-4b5a807f49c24214","Double Negative","0.26","0.26","","","","","legacy_only","magic","Magic: The Gathering","audited legacy RPC label; Scryfall reference present","2026-09-09 22:40:47.474751+00","2026-09-09 22:40:47.474751+00"
"chaos-bcbadbff77aa4a0cb34fb6a6faab23bc-4ca1e5bbda0c49fe","Wee Dragonauts","0.21","0.21","","","","","legacy_only","magic","Magic: The Gathering","audited legacy RPC label; Scryfall reference present","2026-09-09 22:40:47.474751+00","2026-09-09 22:40:47.474751+00"
"chaos-bcbadbff77aa4a0cb34fb6a6faab23bc-4cc51e235ea14a99","Fifty Feet of Rope","0.18","0.18","","","","","legacy_only","magic","Magic: The Gathering","audited legacy RPC label; Scryfall reference present","2026-09-09 22:40:47.474751+00","2026-09-09 22:40:47.474751+00"
"chaos-bcbadbff77aa4a0cb34fb6a6faab23bc-4e232757749a4aa6","Icy Manipulator","0.80","0.80","","","","","legacy_only","magic","Magic: The Gathering","audited legacy RPC label; Scryfall reference present","2026-09-09 22:40:47.474751+00","2026-09-09 22:40:47.474751+00"
"chaos-bcbadbff77aa4a0cb34fb6a6faab23bc-54d0ccd5e31e4dea","Angel's Feather","0.31","0.31","","","","","legacy_only","magic","Magic: The Gathering","audited legacy RPC label; Scryfall reference present","2026-09-09 22:40:47.474751+00","2026-09-09 22:40:47.474751+00"
"chaos-bcbadbff77aa4a0cb34fb6a6faab23bc-58db89dba08a41f5","Trelasarra, Moon Dancer","0.34","0.34","","","","","legacy_only","magic","Magic: The Gathering","audited legacy RPC label; Scryfall reference present","2026-09-09 22:40:47.474751+00","2026-09-09 22:40:47.474751+00"
"chaos-bcbadbff77aa4a0cb34fb6a6faab23bc-5c98d57d87f94e5e","Wand of Vertebrae","0.26","0.26","","","","","legacy_only","magic","Magic: The Gathering","audited legacy RPC label; Scryfall reference present","2026-09-09 22:40:47.474751+00","2026-09-09 22:40:47.474751+00"
"chaos-bcbadbff77aa4a0cb34fb6a6faab23bc-60dd010e5e104fc4","Trepanation Blade","0.30","0.30","","","","","legacy_only","magic","Magic: The Gathering","audited legacy RPC label; Scryfall reference present","2026-09-09 22:40:47.474751+00","2026-09-09 22:40:47.474751+00"
"chaos-bcbadbff77aa4a0cb34fb6a6faab23bc-66ee411220b34a58","Regal Leosaur","0.22","0.22","","","","","legacy_only","magic","Magic: The Gathering","audited legacy RPC label; Scryfall reference present","2026-09-09 22:40:47.474751+00","2026-09-09 22:40:47.474751+00"
"chaos-bcbadbff77aa4a0cb34fb6a6faab23bc-6c465f985bb94651","Ronin Warclub","0.37","0.37","","","","","legacy_only","magic","Magic: The Gathering","audited legacy RPC label; Scryfall reference present","2026-09-09 22:40:47.474751+00","2026-09-09 22:40:47.474751+00"
"chaos-bcbadbff77aa4a0cb34fb6a6faab23bc-74d31cb017e34ca4","Rampaging Monument","0.15","0.15","","","","","legacy_only","magic","Magic: The Gathering","audited legacy RPC label; Scryfall reference present","2026-09-09 22:40:47.474751+00","2026-09-09 22:40:47.474751+00"
"chaos-bcbadbff77aa4a0cb34fb6a6faab23bc-7aec8ff12ea64ec3","Crackling Drake","0.52","0.52","","","","","legacy_only","magic","Magic: The Gathering","audited legacy RPC label; Scryfall reference present","2026-09-09 22:40:47.474751+00","2026-09-09 22:40:47.474751+00"
"chaos-bcbadbff77aa4a0cb34fb6a6faab23bc-7cd75940771a43cf","Nucklavee","0.39","0.39","","","","","legacy_only","magic","Magic: The Gathering","audited legacy RPC label; Scryfall reference present","2026-09-09 22:40:47.474751+00","2026-09-09 22:40:47.474751+00"
"chaos-bcbadbff77aa4a0cb34fb6a6faab23bc-7ed2d560c1d84569","Murderer's Axe","0.11","0.11","","","","","legacy_only","magic","Magic: The Gathering","audited legacy RPC label; Scryfall reference present","2026-09-09 22:40:47.474751+00","2026-09-09 22:40:47.474751+00"
"chaos-bcbadbff77aa4a0cb34fb6a6faab23bc-7f5b60118db34bcf","Dragon's Claw","0.29","0.29","","","","","legacy_only","magic","Magic: The Gathering","audited legacy RPC label; Scryfall reference present","2026-09-09 22:40:47.474751+00","2026-09-09 22:40:47.474751+00"
"chaos-bcbadbff77aa4a0cb34fb6a6faab23bc-82da2f0772e0404a","Asari Captain","0.22","0.22","","","","","legacy_only","magic","Magic: The Gathering","audited legacy RPC label; Scryfall reference present","2026-09-09 22:40:47.474751+00","2026-09-09 22:40:47.474751+00"
"chaos-bcbadbff77aa4a0cb34fb6a6faab23bc-8442946f596a444b","Runaway Carriage","0.07","0.07","","","","","legacy_only","magic","Magic: The Gathering","audited legacy RPC label; Scryfall reference present","2026-09-09 22:40:47.474751+00","2026-09-09 22:40:47.474751+00"
"chaos-bcbadbff77aa4a0cb34fb6a6faab23bc-8638c40967124d42","Witness of the Ages","0.04","0.04","","","","","legacy_only","magic","Magic: The Gathering","audited legacy RPC label; Scryfall reference present","2026-09-09 22:40:47.474751+00","2026-09-09 22:40:47.474751+00"
"chaos-bcbadbff77aa4a0cb34fb6a6faab23bc-8854526c34a14e4a","Amaranthine Wall","0.52","0.52","","","","","legacy_only","magic","Magic: The Gathering","audited legacy RPC label; Scryfall reference present","2026-09-09 22:40:47.474751+00","2026-09-09 22:40:47.474751+00"
"chaos-bcbadbff77aa4a0cb34fb6a6faab23bc-8badb3228b3448d6","Molderhulk","0.23","0.23","","","","","legacy_only","magic","Magic: The Gathering","audited legacy RPC label; Scryfall reference present","2026-09-09 22:40:47.474751+00","2026-09-09 22:40:47.474751+00"
"chaos-bcbadbff77aa4a0cb34fb6a6faab23bc-99388167eacb4481","Shield of the Realm","0.14","0.14","","","","","legacy_only","magic","Magic: The Gathering","audited legacy RPC label; Scryfall reference present","2026-09-09 22:40:47.474751+00","2026-09-09 22:40:47.474751+00"
"chaos-bcbadbff77aa4a0cb34fb6a6faab23bc-9beb134b18254905","Nightveil Predator","0.44","0.44","","","","","legacy_only","magic","Magic: The Gathering","audited legacy RPC label; Scryfall reference present","2026-09-09 22:40:47.474751+00","2026-09-09 22:40:47.474751+00"
"chaos-bcbadbff77aa4a0cb34fb6a6faab23bc-9f13bc262ee84c73","Arvad the Cursed","0.64","0.64","","","","","legacy_only","magic","Magic: The Gathering","audited legacy RPC label; Scryfall reference present","2026-09-09 22:40:47.474751+00","2026-09-09 22:40:47.474751+00"
"chaos-bcbadbff77aa4a0cb34fb6a6faab23bc-a3b2489214994876","Haunted Cloak","0.36","0.36","","","","","legacy_only","magic","Magic: The Gathering","audited legacy RPC label; Scryfall reference present","2026-09-09 22:40:47.474751+00","2026-09-09 22:40:47.474751+00"
"chaos-bcbadbff77aa4a0cb34fb6a6faab23bc-a815fa075ff14e1b","Darksteel Ingot","0.33","0.33","","","","","legacy_only","magic","Magic: The Gathering","audited legacy RPC label; Scryfall reference present","2026-09-09 22:40:47.474751+00","2026-09-09 22:40:47.474751+00"
"chaos-bcbadbff77aa4a0cb34fb6a6faab23bc-a9d8e11d274b4af7","Howling Golem","0.58","0.58","","","","","legacy_only","magic","Magic: The Gathering","audited legacy RPC label; Scryfall reference present","2026-09-09 22:40:47.474751+00","2026-09-09 22:40:47.474751+00"
"chaos-bcbadbff77aa4a0cb34fb6a6faab23bc-ad713629e09b422c","House Guildmage","0.10","0.10","","","","","legacy_only","magic","Magic: The Gathering","audited legacy RPC label; Scryfall reference present","2026-09-09 22:40:47.474751+00","2026-09-09 22:40:47.474751+00"
"chaos-bcbadbff77aa4a0cb34fb6a6faab23bc-ae7ad11a426d4de2","Alert Heedbonder","0.36","0.36","","","","","legacy_only","magic","Magic: The Gathering","audited legacy RPC label; Scryfall reference present","2026-09-09 22:40:47.474751+00","2026-09-09 22:40:47.474751+00"
"chaos-bcbadbff77aa4a0cb34fb6a6faab23bc-afc3b76dd18c49d5","Conclave Guildmage","0.19","0.19","","","","","legacy_only","magic","Magic: The Gathering","audited legacy RPC label; Scryfall reference present","2026-09-09 22:40:47.474751+00","2026-09-09 22:40:47.474751+00"
"chaos-bcbadbff77aa4a0cb34fb6a6faab23bc-afdf3576546c4229","Ledev Champion","0.22","0.22","","","","","legacy_only","magic","Magic: The Gathering","audited legacy RPC label; Scryfall reference present","2026-09-09 22:40:47.474751+00","2026-09-09 22:40:47.474751+00"
"chaos-bcbadbff77aa4a0cb34fb6a6faab23bc-b02d40b4d7924755","League Guildmage","0.11","0.11","","","","","legacy_only","magic","Magic: The Gathering","audited legacy RPC label; Scryfall reference present","2026-09-09 22:40:47.474751+00","2026-09-09 22:40:47.474751+00"
"chaos-bcbadbff77aa4a0cb34fb6a6faab23bc-b2be20f1d0104523","Prophetic Titan","0.16","0.16","","","","","legacy_only","magic","Magic: The Gathering","audited legacy RPC label; Scryfall reference present","2026-09-09 22:40:47.474751+00","2026-09-09 22:40:47.474751+00"
"chaos-bcbadbff77aa4a0cb34fb6a6faab23bc-b698644163d4478c","Behemoth Sledge","0.25","0.25","","","","","legacy_only","magic","Magic: The Gathering","audited legacy RPC label; Scryfall reference present","2026-09-09 22:40:47.474751+00","2026-09-09 22:40:47.474751+00"
"chaos-bcbadbff77aa4a0cb34fb6a6faab23bc-b86cc7a8dacc4f61","Eclipsed Kithkin","0.26","0.26","","","","","legacy_only","magic","Magic: The Gathering","audited legacy RPC label; Scryfall reference present","2026-09-09 22:40:47.474751+00","2026-09-09 22:40:47.474751+00"
"chaos-bcbadbff77aa4a0cb34fb6a6faab23bc-bbd6c2d0e83145d9","Trelasarra, Moon Dancer","0.24","0.24","","","","","legacy_only","magic","Magic: The Gathering","audited legacy RPC label; Scryfall reference present","2026-09-09 22:40:47.474751+00","2026-09-09 22:40:47.474751+00"
"chaos-bcbadbff77aa4a0cb34fb6a6faab23bc-bfd80fc5c4794674","Assault Suit","0.22","0.22","","","","","legacy_only","magic","Magic: The Gathering","audited legacy RPC label; Scryfall reference present","2026-09-09 22:40:47.474751+00","2026-09-09 22:40:47.474751+00"
"chaos-bcbadbff77aa4a0cb34fb6a6faab23bc-c0a0906b894f417c","Bag of Holding","0.64","0.64","","","","","legacy_only","magic","Magic: The Gathering","audited legacy RPC label; Scryfall reference present","2026-09-09 22:40:47.474751+00","2026-09-09 22:40:47.474751+00"
"chaos-bcbadbff77aa4a0cb34fb6a6faab23bc-c3bbc3f363fc4fa6","Jeskai Charm","0.30","0.30","","","","","legacy_only","magic","Magic: The Gathering","audited legacy RPC label; Scryfall reference present","2026-09-09 22:40:47.474751+00","2026-09-09 22:40:47.474751+00"
"chaos-bcbadbff77aa4a0cb34fb6a6faab23bc-c59cfb6a0826488b","Dragon's Claw","0.32","0.32","","","","","legacy_only","magic","Magic: The Gathering","audited legacy RPC label; Scryfall reference present","2026-09-09 22:40:47.474751+00","2026-09-09 22:40:47.474751+00"
"chaos-bcbadbff77aa4a0cb34fb6a6faab23bc-c69d21d52b354aa1","Iron Golem","0.19","0.19","","","","","legacy_only","magic","Magic: The Gathering","audited legacy RPC label; Scryfall reference present","2026-09-09 22:40:47.474751+00","2026-09-09 22:40:47.474751+00"
"chaos-bcbadbff77aa4a0cb34fb6a6faab23bc-ce7da721f56142c9","Ochran Assassin","0.24","0.24","","","","","legacy_only","magic","Magic: The Gathering","audited legacy RPC label; Scryfall reference present","2026-09-09 22:40:47.474751+00","2026-09-09 22:40:47.474751+00"
"chaos-bcbadbff77aa4a0cb34fb6a6faab23bc-d23f0982c3f440f5","Gretchen Titchwillow","0.26","0.26","","","","","legacy_only","magic","Magic: The Gathering","audited legacy RPC label; Scryfall reference present","2026-09-09 22:40:47.474751+00","2026-09-09 22:40:47.474751+00"
"chaos-bcbadbff77aa4a0cb34fb6a6faab23bc-d3fb80b2393341bd","Skull Prophet","0.78","0.78","","","","","legacy_only","magic","Magic: The Gathering","audited legacy RPC label; Scryfall reference present","2026-09-09 22:40:47.474751+00","2026-09-09 22:40:47.474751+00"
"chaos-bcbadbff77aa4a0cb34fb6a6faab23bc-d80bce1c266741f7","Ochran Assassin","0.32","0.32","","","","","legacy_only","magic","Magic: The Gathering","audited legacy RPC label; Scryfall reference present","2026-09-09 22:40:47.474751+00","2026-09-09 22:40:47.474751+00"
"chaos-bcbadbff77aa4a0cb34fb6a6faab23bc-d8f23d6b54e642a1","Dungeon Map","0.23","0.23","","","","","legacy_only","magic","Magic: The Gathering","audited legacy RPC label; Scryfall reference present","2026-09-09 22:40:47.474751+00","2026-09-09 22:40:47.474751+00"
"chaos-bcbadbff77aa4a0cb34fb6a6faab23bc-ddbd8e8b27044704","Juggernaut","0.32","0.32","","","","","legacy_only","magic","Magic: The Gathering","audited legacy RPC label; Scryfall reference present","2026-09-09 22:40:47.474751+00","2026-09-09 22:40:47.474751+00"
"chaos-bcbadbff77aa4a0cb34fb6a6faab23bc-dfe5de14a1ed4dc0","Kalain, Reclusive Painter","0.30","0.30","","","","","legacy_only","magic","Magic: The Gathering","audited legacy RPC label; Scryfall reference present","2026-09-09 22:40:47.474751+00","2026-09-09 22:40:47.474751+00"
"chaos-bcbadbff77aa4a0cb34fb6a6faab23bc-e0e2a4eaece64a32","Heavy Arbalest","0.17","0.17","","","","","legacy_only","magic","Magic: The Gathering","audited legacy RPC label; Scryfall reference present","2026-09-09 22:40:47.474751+00","2026-09-09 22:40:47.474751+00"
"chaos-bcbadbff77aa4a0cb34fb6a6faab23bc-e435a7f2da9c419f","Shessra, Death's Whisper","0.19","0.19","","","","","legacy_only","magic","Magic: The Gathering","audited legacy RPC label; Scryfall reference present","2026-09-09 22:40:47.474751+00","2026-09-09 22:40:47.474751+00"
"chaos-bcbadbff77aa4a0cb34fb6a6faab23bc-e84ef33397fd41e3","Quicksilver Dagger","0.25","0.25","","","","","legacy_only","magic","Magic: The Gathering","audited legacy RPC label; Scryfall reference present","2026-09-09 22:40:47.474751+00","2026-09-09 22:40:47.474751+00"
"chaos-bcbadbff77aa4a0cb34fb6a6faab23bc-f0feb308ecde4335","Restoration Gearsmith","0.08","0.08","","","","","legacy_only","magic","Magic: The Gathering","audited legacy RPC label; Scryfall reference present","2026-09-09 22:40:47.474751+00","2026-09-09 22:40:47.474751+00"
"chaos-bcbadbff77aa4a0cb34fb6a6faab23bc-fe55838e7e1844a3","Glaive of the Guildpact","0.22","0.22","","","","","legacy_only","magic","Magic: The Gathering","audited legacy RPC label; Scryfall reference present","2026-09-09 22:40:47.474751+00","2026-09-09 22:40:47.474751+00"
"chaos-bcbadbff77aa4a0cb34fb6a6faab23bc-fe9e9de4f80e4bfd","Underworld Coinsmith","0.34","0.34","","","","","legacy_only","magic","Magic: The Gathering","audited legacy RPC label; Scryfall reference present","2026-09-09 22:40:47.474751+00","2026-09-09 22:40:47.474751+00"
"chaos-c60a727e2c9640d4be78e8819f46c042-03f2c639451f4e98","Mind Stone","0.32","0.32","","","","","legacy_only","magic","Magic: The Gathering","audited legacy RPC label; Scryfall reference present","2026-09-12 17:47:59.298883+00","2026-09-12 17:47:59.298883+00"
"chaos-c60a727e2c9640d4be78e8819f46c042-105538a2deeb495a","Dimir Spybug","0.21","0.21","","","","","legacy_only","magic","Magic: The Gathering","audited legacy RPC label; Scryfall reference present","2026-09-12 17:47:59.298883+00","2026-09-12 17:47:59.298883+00"
"chaos-c60a727e2c9640d4be78e8819f46c042-11299aceaab049d5","Scuttlemutt","0.28","0.28","","","","","legacy_only","magic","Magic: The Gathering","audited legacy RPC label; Scryfall reference present","2026-09-12 17:47:59.298883+00","2026-09-12 17:47:59.298883+00"
"chaos-c60a727e2c9640d4be78e8819f46c042-11cca770dafd4baf","Cori Mountain Stalwart","0.32","0.32","","","","","legacy_only","magic","Magic: The Gathering","audited legacy RPC label; Scryfall reference present","2026-09-12 17:47:59.298883+00","2026-09-12 17:47:59.298883+00"
"chaos-c60a727e2c9640d4be78e8819f46c042-18cfa9f28f13441e","Civic Saber","0.24","0.24","","","","","legacy_only","magic","Magic: The Gathering","audited legacy RPC label; Scryfall reference present","2026-09-12 17:47:59.298883+00","2026-09-12 17:47:59.298883+00"
"chaos-c60a727e2c9640d4be78e8819f46c042-211553fceef246e4","Garna, the Bloodflame","0.25","0.25","","","","","legacy_only","magic","Magic: The Gathering","audited legacy RPC label; Scryfall reference present","2026-09-12 17:47:59.298883+00","2026-09-12 17:47:59.298883+00"
"chaos-c60a727e2c9640d4be78e8819f46c042-2bde8ffda9f045b6","Worn Powerstone","0.58","0.58","","","","","legacy_only","magic","Magic: The Gathering","audited legacy RPC label; Scryfall reference present","2026-09-12 17:47:59.298883+00","2026-09-12 17:47:59.298883+00"
"chaos-c60a727e2c9640d4be78e8819f46c042-394122723caf4279","Gleaming Geardrake","0.68","0.68","","","","","legacy_only","magic","Magic: The Gathering","audited legacy RPC label; Scryfall reference present","2026-09-12 17:47:59.298883+00","2026-09-12 17:47:59.298883+00"
"chaos-c60a727e2c9640d4be78e8819f46c042-3ac24378a39b4f2a","Kin-Tree Severance","0.13","0.13","","","","","legacy_only","magic","Magic: The Gathering","audited legacy RPC label; Scryfall reference present","2026-09-12 17:47:59.298883+00","2026-09-12 17:47:59.298883+00"
"chaos-c60a727e2c9640d4be78e8819f46c042-47bfcdf3409945fb","Riverwheel Sweep","0.38","0.38","","","","","legacy_only","magic","Magic: The Gathering","audited legacy RPC label; Scryfall reference present","2026-09-12 17:47:59.298883+00","2026-09-12 17:47:59.298883+00"
"chaos-c60a727e2c9640d4be78e8819f46c042-4c5d4af1daa046ca","Voidwing Hybrid","0.26","0.26","","","","","legacy_only","magic","Magic: The Gathering","audited legacy RPC label; Scryfall reference present","2026-09-12 17:47:59.298883+00","2026-09-12 17:47:59.298883+00"
"chaos-c60a727e2c9640d4be78e8819f46c042-4d592331df5f4de7","Effortless Master","0.06","0.06","","","","","legacy_only","magic","Magic: The Gathering","audited legacy RPC label; Scryfall reference present","2026-09-12 17:47:59.298883+00","2026-09-12 17:47:59.298883+00"
"chaos-c60a727e2c9640d4be78e8819f46c042-4f44301ca86f4035","Migratory Route","0.21","0.21","","","","","legacy_only","magic","Magic: The Gathering","audited legacy RPC label; Scryfall reference present","2026-09-12 17:47:59.298883+00","2026-09-12 17:47:59.298883+00"
"chaos-c60a727e2c9640d4be78e8819f46c042-505a81bc7fec4aae","Dauntless Scrapbot","0.31","0.31","","","","","legacy_only","magic","Magic: The Gathering","audited legacy RPC label; Scryfall reference present","2026-09-12 17:47:59.298883+00","2026-09-12 17:47:59.298883+00"
"chaos-c60a727e2c9640d4be78e8819f46c042-551341a5ee764e80","Blazing Hellhound","0.08","0.08","","","","","legacy_only","magic","Magic: The Gathering","audited legacy RPC label; Scryfall reference present","2026-09-12 17:47:59.298883+00","2026-09-12 17:47:59.298883+00"
"chaos-c60a727e2c9640d4be78e8819f46c042-5759d97b98de471d","Haunted Cloak","0.36","0.36","","","","","legacy_only","magic","Magic: The Gathering","audited legacy RPC label; Scryfall reference present","2026-09-12 17:47:59.298883+00","2026-09-12 17:47:59.298883+00"
"chaos-c60a727e2c9640d4be78e8819f46c042-577e78793e74468b","Birthing Hulk","0.11","0.11","","","","","legacy_only","magic","Magic: The Gathering","audited legacy RPC label; Scryfall reference present","2026-09-12 17:47:59.298883+00","2026-09-12 17:47:59.298883+00"
"chaos-c60a727e2c9640d4be78e8819f46c042-5b4275231a274810","Moldervine Reclamation","0.43","0.43","","","","","legacy_only","magic","Magic: The Gathering","audited legacy RPC label; Scryfall reference present","2026-09-12 17:47:59.298883+00","2026-09-12 17:47:59.298883+00"
"chaos-c60a727e2c9640d4be78e8819f46c042-5ec1b2231604471a","Rulik Mons, Warren Chief","0.20","0.20","","","","","legacy_only","magic","Magic: The Gathering","audited legacy RPC label; Scryfall reference present","2026-09-12 17:47:59.298883+00","2026-09-12 17:47:59.298883+00"
"chaos-c60a727e2c9640d4be78e8819f46c042-5f7b1e1891744f01","Haliya, Ascendant Cadet","0.23","0.23","","","","","legacy_only","magic","Magic: The Gathering","audited legacy RPC label; Scryfall reference present","2026-09-12 17:47:59.298883+00","2026-09-12 17:47:59.298883+00"
"chaos-c60a727e2c9640d4be78e8819f46c042-61a1f2bc94d64876","Mortality Spear","0.47","0.47","","","","","legacy_only","magic","Magic: The Gathering","audited legacy RPC label; Scryfall reference present","2026-09-12 17:47:59.298883+00","2026-09-12 17:47:59.298883+00"
"chaos-c60a727e2c9640d4be78e8819f46c042-6dac780d1a414502","Meteor Golem","0.23","0.23","","","","","legacy_only","magic","Magic: The Gathering","audited legacy RPC label; Scryfall reference present","2026-09-12 17:47:59.298883+00","2026-09-12 17:47:59.298883+00"
"chaos-c60a727e2c9640d4be78e8819f46c042-702ee9ac8ac64100","Cryptolith Fragment // Aurora of Emrakul","0.32","0.32","","","","","legacy_only","magic","Magic: The Gathering","audited legacy RPC label; Scryfall reference present","2026-09-12 17:47:59.298883+00","2026-09-12 17:47:59.298883+00"
"chaos-c60a727e2c9640d4be78e8819f46c042-703901a4a4874152","Truth or Consequences","0.26","0.26","","","","","legacy_only","magic","Magic: The Gathering","audited legacy RPC label; Scryfall reference present","2026-09-12 17:47:59.298883+00","2026-09-12 17:47:59.298883+00"
"chaos-c60a727e2c9640d4be78e8819f46c042-75a7ef12c759442b","Kheru Goldkeeper","0.28","0.28","","","","","legacy_only","magic","Magic: The Gathering","audited legacy RPC label; Scryfall reference present","2026-09-12 17:47:59.298883+00","2026-09-12 17:47:59.298883+00"
"chaos-c60a727e2c9640d4be78e8819f46c042-7c5aeb69eb324bd3","Drooling Groodion","0.03","0.03","","","","","legacy_only","magic","Magic: The Gathering","audited legacy RPC label; Scryfall reference present","2026-09-12 17:47:59.298883+00","2026-09-12 17:47:59.298883+00"
"chaos-c60a727e2c9640d4be78e8819f46c042-8188436b22ba423c","Jeskai Shrinekeeper","0.30","0.30","","","","","legacy_only","magic","Magic: The Gathering","audited legacy RPC label; Scryfall reference present","2026-09-12 17:47:59.298883+00","2026-09-12 17:47:59.298883+00"
"chaos-c60a727e2c9640d4be78e8819f46c042-859c500199d94e4b","Jeskai Brushmaster","0.20","0.20","","","","","legacy_only","magic","Magic: The Gathering","audited legacy RPC label; Scryfall reference present","2026-09-12 17:47:59.298883+00","2026-09-12 17:47:59.298883+00"
"chaos-c60a727e2c9640d4be78e8819f46c042-9601b946eb154b3b","Invasion of Ergamon // Truga Cliffcharger","0.20","0.20","","","","","legacy_only","magic","Magic: The Gathering","audited legacy RPC label; Scryfall reference present","2026-09-12 17:47:59.298883+00","2026-09-12 17:47:59.298883+00"
"chaos-c60a727e2c9640d4be78e8819f46c042-9a058d09320e4d8c","Temur Monument","0.13","0.13","","","","","legacy_only","magic","Magic: The Gathering","audited legacy RPC label; Scryfall reference present","2026-09-12 17:47:59.298883+00","2026-09-12 17:47:59.298883+00"
"chaos-c60a727e2c9640d4be78e8819f46c042-9c6f1bbf5bad4595","Burnished Hart","0.29","0.29","","","","","legacy_only","magic","Magic: The Gathering","audited legacy RPC label; Scryfall reference present","2026-09-12 17:47:59.298883+00","2026-09-12 17:47:59.298883+00"
"chaos-c60a727e2c9640d4be78e8819f46c042-a41b758376014767","Worn Powerstone","0.50","0.50","","","","","legacy_only","magic","Magic: The Gathering","audited legacy RPC label; Scryfall reference present","2026-09-12 17:47:59.298883+00","2026-09-12 17:47:59.298883+00"
"chaos-c60a727e2c9640d4be78e8819f46c042-b21969c5b0df4e26","Hero's Blade","0.18","0.18","","","","","legacy_only","magic","Magic: The Gathering","audited legacy RPC label; Scryfall reference present","2026-09-12 17:47:59.298883+00","2026-09-12 17:47:59.298883+00"
"chaos-c60a727e2c9640d4be78e8819f46c042-b43687467a1b48cf","Ephara's Enlightenment","0.10","0.10","","","","","legacy_only","magic","Magic: The Gathering","audited legacy RPC label; Scryfall reference present","2026-09-12 17:47:59.298883+00","2026-09-12 17:47:59.298883+00"
"chaos-c60a727e2c9640d4be78e8819f46c042-b4e3e7e0863e4560","Mindmelter","0.08","0.08","","","","","legacy_only","magic","Magic: The Gathering","audited legacy RPC label; Scryfall reference present","2026-09-12 17:47:59.298883+00","2026-09-12 17:47:59.298883+00"
"chaos-c60a727e2c9640d4be78e8819f46c042-b50abc4aa81d422f","Prismatic Lens","0.74","0.74","","","","","legacy_only","magic","Magic: The Gathering","audited legacy RPC label; Scryfall reference present","2026-09-12 17:47:59.298883+00","2026-09-12 17:47:59.298883+00"
"chaos-c60a727e2c9640d4be78e8819f46c042-b89ca2af77444308","Burnished Hart","0.24","0.24","","","","","legacy_only","magic","Magic: The Gathering","audited legacy RPC label; Scryfall reference present","2026-09-12 17:47:59.298883+00","2026-09-12 17:47:59.298883+00"
"chaos-c60a727e2c9640d4be78e8819f46c042-bbb409fa7e9549a2","Filigree Familiar","0.10","0.10","","","","","legacy_only","magic","Magic: The Gathering","audited legacy RPC label; Scryfall reference present","2026-09-12 17:47:59.298883+00","2026-09-12 17:47:59.298883+00"
"chaos-c60a727e2c9640d4be78e8819f46c042-c1a7130fdb8247c5","Primaris Chaplain","0.34","0.34","","","","","legacy_only","magic","Magic: The Gathering","audited legacy RPC label; Scryfall reference present","2026-09-12 17:47:59.298883+00","2026-09-12 17:47:59.298883+00"
"chaos-c60a727e2c9640d4be78e8819f46c042-c20178fb5c0941bc","Unstable Obelisk","0.27","0.27","","","","","legacy_only","magic","Magic: The Gathering","audited legacy RPC label; Scryfall reference present","2026-09-12 17:47:59.298883+00","2026-09-12 17:47:59.298883+00"
"chaos-c60a727e2c9640d4be78e8819f46c042-cdd9371f7e764f14","Dina, Soul Steeper","0.21","0.21","","","","","legacy_only","magic","Magic: The Gathering","audited legacy RPC label; Scryfall reference present","2026-09-12 17:47:59.298883+00","2026-09-12 17:47:59.298883+00"
"chaos-c60a727e2c9640d4be78e8819f46c042-d069d6e966e94566","Flamecast Wheel","0.04","0.04","","","","","legacy_only","magic","Magic: The Gathering","audited legacy RPC label; Scryfall reference present","2026-09-12 17:47:59.298883+00","2026-09-12 17:47:59.298883+00"
"chaos-c60a727e2c9640d4be78e8819f46c042-d0c88a424c7244c5","Bull Cerodon","0.14","0.14","","","","","legacy_only","magic","Magic: The Gathering","audited legacy RPC label; Scryfall reference present","2026-09-12 17:47:59.298883+00","2026-09-12 17:47:59.298883+00"
"chaos-c60a727e2c9640d4be78e8819f46c042-d2097781426d44d0","Karakyk Guardian","0.14","0.14","","","","","legacy_only","magic","Magic: The Gathering","audited legacy RPC label; Scryfall reference present","2026-09-12 17:47:59.298883+00","2026-09-12 17:47:59.298883+00"
"chaos-c60a727e2c9640d4be78e8819f46c042-d3205ae6908c4537","Aegar, the Freezing Flame","0.00","0.00","","","","","legacy_only","magic","Magic: The Gathering","audited legacy RPC label; Scryfall reference present","2026-09-12 17:47:59.298883+00","2026-09-12 17:47:59.298883+00"
"chaos-c60a727e2c9640d4be78e8819f46c042-d6b499999dfb4c74","Kalain, Reclusive Painter","0.30","0.30","","","","","legacy_only","magic","Magic: The Gathering","audited legacy RPC label; Scryfall reference present","2026-09-12 17:47:59.298883+00","2026-09-12 17:47:59.298883+00"
"chaos-c60a727e2c9640d4be78e8819f46c042-d8ba29f256d848b6","Abzan Monument","0.38","0.38","","","","","legacy_only","magic","Magic: The Gathering","audited legacy RPC label; Scryfall reference present","2026-09-12 17:47:59.298883+00","2026-09-12 17:47:59.298883+00"
"chaos-c60a727e2c9640d4be78e8819f46c042-d90e1eb7a5584c28","Heap Doll","0.34","0.34","","","","","legacy_only","magic","Magic: The Gathering","audited legacy RPC label; Scryfall reference present","2026-09-12 17:47:59.298883+00","2026-09-12 17:47:59.298883+00"
"chaos-c60a727e2c9640d4be78e8819f46c042-dad55072b88b4350","Putrefy","0.27","0.27","","","","","legacy_only","magic","Magic: The Gathering","audited legacy RPC label; Scryfall reference present","2026-09-12 17:47:59.298883+00","2026-09-12 17:47:59.298883+00"
"chaos-c60a727e2c9640d4be78e8819f46c042-daf44cf6aeb8495c","Oust","0.28","0.28","","","","","legacy_only","magic","Magic: The Gathering","audited legacy RPC label; Scryfall reference present","2026-09-12 17:47:59.298883+00","2026-09-12 17:47:59.298883+00"
"chaos-c60a727e2c9640d4be78e8819f46c042-dc28658147934459","General's Enforcer","0.36","0.36","","","","","legacy_only","magic","Magic: The Gathering","audited legacy RPC label; Scryfall reference present","2026-09-12 17:47:59.298883+00","2026-09-12 17:47:59.298883+00"
"chaos-c60a727e2c9640d4be78e8819f46c042-ddfb842d4d0c497f","Skeleton Key","0.25","0.25","","","","","legacy_only","magic","Magic: The Gathering","audited legacy RPC label; Scryfall reference present","2026-09-12 17:47:59.298883+00","2026-09-12 17:47:59.298883+00"
"chaos-c60a727e2c9640d4be78e8819f46c042-e1a912e954884766","Underworld Coinsmith","0.29","0.29","","","","","legacy_only","magic","Magic: The Gathering","audited legacy RPC label; Scryfall reference present","2026-09-12 17:47:59.298883+00","2026-09-12 17:47:59.298883+00"
"chaos-c60a727e2c9640d4be78e8819f46c042-e5715dccafd049cc","Cliffhaven Vampire","0.78","0.78","","","","","legacy_only","magic","Magic: The Gathering","audited legacy RPC label; Scryfall reference present","2026-09-12 17:47:59.298883+00","2026-09-12 17:47:59.298883+00"
"chaos-c60a727e2c9640d4be78e8819f46c042-e96aefe25add4ee3","Fountain of Renewal","0.67","0.67","","","","","legacy_only","magic","Magic: The Gathering","audited legacy RPC label; Scryfall reference present","2026-09-12 17:47:59.298883+00","2026-09-12 17:47:59.298883+00"
"chaos-c60a727e2c9640d4be78e8819f46c042-ea66a8958a3c498c","Cosmic Rebirth","0.35","0.35","","","","","legacy_only","magic","Magic: The Gathering","audited legacy RPC label; Scryfall reference present","2026-09-12 17:47:59.298883+00","2026-09-12 17:47:59.298883+00"
"chaos-c60a727e2c9640d4be78e8819f46c042-eb6a957ada01436b","Sorcerer's Wand","0.12","0.12","","","","","legacy_only","magic","Magic: The Gathering","audited legacy RPC label; Scryfall reference present","2026-09-12 17:47:59.298883+00","2026-09-12 17:47:59.298883+00"
"chaos-c60a727e2c9640d4be78e8819f46c042-eda29384202041c0","Mammoth Bellow","0.19","0.19","","","","","legacy_only","magic","Magic: The Gathering","audited legacy RPC label; Scryfall reference present","2026-09-12 17:47:59.298883+00","2026-09-12 17:47:59.298883+00"
"chaos-c60a727e2c9640d4be78e8819f46c042-ee072188ae154069","Elaborate Firecannon","0.05","0.05","","","","","legacy_only","magic","Magic: The Gathering","audited legacy RPC label; Scryfall reference present","2026-09-12 17:47:59.298883+00","2026-09-12 17:47:59.298883+00"
"chaos-c60a727e2c9640d4be78e8819f46c042-f6115c5716b64237","Marshal of the Lost","0.44","0.44","","","","","legacy_only","magic","Magic: The Gathering","audited legacy RPC label; Scryfall reference present","2026-09-12 17:47:59.298883+00","2026-09-12 17:47:59.298883+00"
"chaos-c60a727e2c9640d4be78e8819f46c042-f895fd2b43284a44","Tainted Observer","0.27","0.27","","","","","legacy_only","magic","Magic: The Gathering","audited legacy RPC label; Scryfall reference present","2026-09-12 17:47:59.298883+00","2026-09-12 17:47:59.298883+00"
"chaos-c60a727e2c9640d4be78e8819f46c042-f9e636bfa41a4d83","Armament Dragon","0.31","0.31","","","","","legacy_only","magic","Magic: The Gathering","audited legacy RPC label; Scryfall reference present","2026-09-12 17:47:59.298883+00","2026-09-12 17:47:59.298883+00"
"chaos-c60a727e2c9640d4be78e8819f46c042-fbef64c1cef54805","Mirror of Galadriel","0.23","0.23","","","","","legacy_only","magic","Magic: The Gathering","audited legacy RPC label; Scryfall reference present","2026-09-12 17:47:59.298883+00","2026-09-12 17:47:59.298883+00"
"chaos-ca9cd7cb134d432399b62eb352be1a86-00fa3735f0c44c67","Michelangelo, Mutant BFF","1.17","1.17","","","","","legacy_only","magic","Magic: The Gathering","audited legacy RPC label; Scryfall reference present","2026-09-20 18:23:09.835341+00","2026-09-20 18:23:09.835341+00"
"chaos-ca9cd7cb134d432399b62eb352be1a86-0658cf75d03445f5","Courier of Comestibles","0.18","0.18","","","","","legacy_only","magic","Magic: The Gathering","audited legacy RPC label; Scryfall reference present","2026-09-20 18:23:09.835341+00","2026-09-20 18:23:09.835341+00"
"chaos-ca9cd7cb134d432399b62eb352be1a86-0f3add79392b41b1","Three Tree Scribe","0.28","0.28","","","","","legacy_only","magic","Magic: The Gathering","audited legacy RPC label; Scryfall reference present","2026-09-20 18:23:09.835341+00","2026-09-20 18:23:09.835341+00"
"chaos-ca9cd7cb134d432399b62eb352be1a86-1241d3b6a5044d6f","New Generation's Technique","0.23","0.23","","","","","legacy_only","magic","Magic: The Gathering","audited legacy RPC label; Scryfall reference present","2026-09-20 18:23:09.835341+00","2026-09-20 18:23:09.835341+00"
"chaos-ca9cd7cb134d432399b62eb352be1a86-12793add86f94a70","Quintessential Katana","0.19","0.19","","","","","legacy_only","magic","Magic: The Gathering","audited legacy RPC label; Scryfall reference present","2026-09-20 18:23:09.835341+00","2026-09-20 18:23:09.835341+00"
"chaos-ca9cd7cb134d432399b62eb352be1a86-136db50c1dc94c03","Gossip's Talent","0.28","0.28","","","","","legacy_only","magic","Magic: The Gathering","audited legacy RPC label; Scryfall reference present","2026-09-20 18:23:09.835341+00","2026-09-20 18:23:09.835341+00"
"chaos-ca9cd7cb134d432399b62eb352be1a86-1b19179275084ef4","Builder's Talent","0.18","0.18","","","","","legacy_only","magic","Magic: The Gathering","audited legacy RPC label; Scryfall reference present","2026-09-20 18:23:09.835341+00","2026-09-20 18:23:09.835341+00"
"chaos-ca9cd7cb134d432399b62eb352be1a86-2ca1783d1bb44a01","Hunter's Talent","0.37","0.37","","","","","legacy_only","magic","Magic: The Gathering","audited legacy RPC label; Scryfall reference present","2026-09-20 18:23:09.835341+00","2026-09-20 18:23:09.835341+00"
"chaos-ca9cd7cb134d432399b62eb352be1a86-2cda25fcbd154b34","Mouse Trapper","0.25","0.25","","","","","legacy_only","magic","Magic: The Gathering","audited legacy RPC label; Scryfall reference present","2026-09-20 18:23:09.835341+00","2026-09-20 18:23:09.835341+00"
"chaos-ca9cd7cb134d432399b62eb352be1a86-2df52cc00aa54418","Dimensional Exile","0.20","0.20","","","","","legacy_only","magic","Magic: The Gathering","audited legacy RPC label; Scryfall reference present","2026-09-20 18:23:09.835341+00","2026-09-20 18:23:09.835341+00"
"chaos-ca9cd7cb134d432399b62eb352be1a86-30157e468ba84c96","Hard-Won Jitte","0.25","0.25","","","","","legacy_only","magic","Magic: The Gathering","audited legacy RPC label; Scryfall reference present","2026-09-20 18:23:09.835341+00","2026-09-20 18:23:09.835341+00"
"chaos-ca9cd7cb134d432399b62eb352be1a86-31b6768547864e00","Fugitive Droid","0.75","0.75","","","","","legacy_only","magic","Magic: The Gathering","audited legacy RPC label; Scryfall reference present","2026-09-20 18:23:09.835341+00","2026-09-20 18:23:09.835341+00"
"chaos-ca9cd7cb134d432399b62eb352be1a86-35dd35e9f1e042bc","Featherbrained Filcher","0.19","0.19","","","","","legacy_only","magic","Magic: The Gathering","audited legacy RPC label; Scryfall reference present","2026-09-20 18:23:09.835341+00","2026-09-20 18:23:09.835341+00"
"chaos-ca9cd7cb134d432399b62eb352be1a86-37381d8f523145de","Repel Calamity","0.18","0.18","","","","","legacy_only","magic","Magic: The Gathering","audited legacy RPC label; Scryfall reference present","2026-09-20 18:23:09.835341+00","2026-09-20 18:23:09.835341+00"
"chaos-ca9cd7cb134d432399b62eb352be1a86-382f0636b9384617","Daring Waverider","0.22","0.22","","","","","legacy_only","magic","Magic: The Gathering","audited legacy RPC label; Scryfall reference present","2026-09-20 18:23:09.835341+00","2026-09-20 18:23:09.835341+00"
"chaos-ca9cd7cb134d432399b62eb352be1a86-3a013a33347e455e","Peerless Recycling","0.26","0.26","","","","","legacy_only","magic","Magic: The Gathering","audited legacy RPC label; Scryfall reference present","2026-09-20 18:23:09.835341+00","2026-09-20 18:23:09.835341+00"
"chaos-ca9cd7cb134d432399b62eb352be1a86-3b41a7905cdc46cc","April, Reporter of the Weird","0.15","0.15","","","","","legacy_only","magic","Magic: The Gathering","audited legacy RPC label; Scryfall reference present","2026-09-20 18:23:09.835341+00","2026-09-20 18:23:09.835341+00"
"chaos-ca9cd7cb134d432399b62eb352be1a86-3cbba5e3539a472f","Mighty Mutanimals","0.25","0.25","","","","","legacy_only","magic","Magic: The Gathering","audited legacy RPC label; Scryfall reference present","2026-09-20 18:23:09.835341+00","2026-09-20 18:23:09.835341+00"
"chaos-ca9cd7cb134d432399b62eb352be1a86-4313855009384600","Bushy Bodyguard","0.31","0.31","","","","","legacy_only","magic","Magic: The Gathering","audited legacy RPC label; Scryfall reference present","2026-09-20 18:23:09.835341+00","2026-09-20 18:23:09.835341+00"
"chaos-ca9cd7cb134d432399b62eb352be1a86-454ff63672044ece","Rabid Gnaw","0.19","0.19","","","","","legacy_only","magic","Magic: The Gathering","audited legacy RPC label; Scryfall reference present","2026-09-20 18:23:09.835341+00","2026-09-20 18:23:09.835341+00"
"chaos-ca9cd7cb134d432399b62eb352be1a86-49fab99d9204486c","Abrade","0.29","0.29","","","","","legacy_only","magic","Magic: The Gathering","audited legacy RPC label; Scryfall reference present","2026-09-20 18:23:09.835341+00","2026-09-20 18:23:09.835341+00"
"chaos-ca9cd7cb134d432399b62eb352be1a86-4a07b7c947c54f48","Death in the Family","0.15","0.15","","","","","legacy_only","magic","Magic: The Gathering","audited legacy RPC label; Scryfall reference present","2026-09-20 18:23:09.835341+00","2026-09-20 18:23:09.835341+00"
"chaos-ca9cd7cb134d432399b62eb352be1a86-597a5aeae866406c","Bespoke Bō","0.69","0.69","","","","","legacy_only","magic","Magic: The Gathering","audited legacy RPC label; Scryfall reference present","2026-09-20 18:23:09.835341+00","2026-09-20 18:23:09.835341+00"
"chaos-ca9cd7cb134d432399b62eb352be1a86-598e73296a78404c","Star Charter","0.22","0.22","","","","","legacy_only","magic","Magic: The Gathering","audited legacy RPC label; Scryfall reference present","2026-09-20 18:23:09.835341+00","2026-09-20 18:23:09.835341+00"
"chaos-ca9cd7cb134d432399b62eb352be1a86-5a272c18c10c4eee","Turtle Lair","0.44","0.44","","","","","legacy_only","magic","Magic: The Gathering","audited legacy RPC label; Scryfall reference present","2026-09-20 18:23:09.835341+00","2026-09-20 18:23:09.835341+00"
"chaos-ca9cd7cb134d432399b62eb352be1a86-69d5e9d6839c4886","Shoreline Looter","0.34","0.34","","","","","legacy_only","magic","Magic: The Gathering","audited legacy RPC label; Scryfall reference present","2026-09-20 18:23:09.835341+00","2026-09-20 18:23:09.835341+00"
"chaos-ca9cd7cb134d432399b62eb352be1a86-6adfbec251934c1f","Rockface Village","0.31","0.31","","","","","legacy_only","magic","Magic: The Gathering","audited legacy RPC label; Scryfall reference present","2026-09-20 18:23:09.835341+00","2026-09-20 18:23:09.835341+00"
"chaos-ca9cd7cb134d432399b62eb352be1a86-6b6f5e0bd1d84d1e","Genghis Frog","0.28","0.28","","","","","legacy_only","magic","Magic: The Gathering","audited legacy RPC label; Scryfall reference present","2026-09-20 18:23:09.835341+00","2026-09-20 18:23:09.835341+00"
"chaos-ca9cd7cb134d432399b62eb352be1a86-717be6bf6ab34145","Skateboard","0.34","0.34","","","","","legacy_only","magic","Magic: The Gathering","audited legacy RPC label; Scryfall reference present","2026-09-20 18:23:09.835341+00","2026-09-20 18:23:09.835341+00"
"chaos-ca9cd7cb134d432399b62eb352be1a86-8a64aa0a7b6c4591","Hop to It","0.29","0.29","","","","","legacy_only","magic","Magic: The Gathering","audited legacy RPC label; Scryfall reference present","2026-09-20 18:23:09.835341+00","2026-09-20 18:23:09.835341+00"
"chaos-ca9cd7cb134d432399b62eb352be1a86-8d952723b1c84e06","Pawpatch Formation","0.38","0.38","","","","","legacy_only","magic","Magic: The Gathering","audited legacy RPC label; Scryfall reference present","2026-09-20 18:23:09.835341+00","2026-09-20 18:23:09.835341+00"
"chaos-ca9cd7cb134d432399b62eb352be1a86-94a6cf0319174a66","Persistent Marshstalker","0.30","0.30","","","","","legacy_only","magic","Magic: The Gathering","audited legacy RPC label; Scryfall reference present","2026-09-20 18:23:09.835341+00","2026-09-20 18:23:09.835341+00"
"chaos-ca9cd7cb134d432399b62eb352be1a86-96033df5ba54403d","Mabel's Mettle","0.28","0.28","","","","","legacy_only","magic","Magic: The Gathering","audited legacy RPC label; Scryfall reference present","2026-09-20 18:23:09.835341+00","2026-09-20 18:23:09.835341+00"
"chaos-ca9cd7cb134d432399b62eb352be1a86-977f70c216704e60","Novel Nunchaku","0.17","0.17","","","","","legacy_only","magic","Magic: The Gathering","audited legacy RPC label; Scryfall reference present","2026-09-20 18:23:09.835341+00","2026-09-20 18:23:09.835341+00"
"chaos-ca9cd7cb134d432399b62eb352be1a86-9aef821620f240df","Otterball Antics","0.23","0.23","","","","","legacy_only","magic","Magic: The Gathering","audited legacy RPC label; Scryfall reference present","2026-09-20 18:23:09.835341+00","2026-09-20 18:23:09.835341+00"
"chaos-ca9cd7cb134d432399b62eb352be1a86-a70e04c92b444503","Baxter Stockman","0.12","0.12","","","","","legacy_only","magic","Magic: The Gathering","audited legacy RPC label; Scryfall reference present","2026-09-20 18:23:09.835341+00","2026-09-20 18:23:09.835341+00"
"chaos-ca9cd7cb134d432399b62eb352be1a86-aadaddb9e2144a81","Lita, Little Orphan Amphibian","0.48","0.48","","","","","legacy_only","magic","Magic: The Gathering","audited legacy RPC label; Scryfall reference present","2026-09-20 18:23:09.835341+00","2026-09-20 18:23:09.835341+00"
"chaos-ca9cd7cb134d432399b62eb352be1a86-acf697adcf9f40f5","Metalhead","0.46","0.46","","","","","legacy_only","magic","Magic: The Gathering","audited legacy RPC label; Scryfall reference present","2026-09-20 18:23:09.835341+00","2026-09-20 18:23:09.835341+00"
"chaos-ca9cd7cb134d432399b62eb352be1a86-b01e99e47d4b43c3","Spider-Man, To the Rescue","0.38","0.38","","","","","legacy_only","magic","Magic: The Gathering","audited legacy RPC label; Scryfall reference present","2026-09-20 18:23:09.835341+00","2026-09-20 18:23:09.835341+00"
"chaos-ca9cd7cb134d432399b62eb352be1a86-b049f5b138a34ac9","Koya, Death from Above","0.16","0.16","","","","","legacy_only","magic","Magic: The Gathering","audited legacy RPC label; Scryfall reference present","2026-09-20 18:23:09.835341+00","2026-09-20 18:23:09.835341+00"
"chaos-ca9cd7cb134d432399b62eb352be1a86-b057d904e9b74a0f","Flamecache Gecko","0.21","0.21","","","","","legacy_only","magic","Magic: The Gathering","audited legacy RPC label; Scryfall reference present","2026-09-20 18:23:09.835341+00","2026-09-20 18:23:09.835341+00"
"chaos-ca9cd7cb134d432399b62eb352be1a86-b1c3d3a1733443ea","Lupinflower Village","0.29","0.29","","","","","legacy_only","magic","Magic: The Gathering","audited legacy RPC label; Scryfall reference present","2026-09-20 18:23:09.835341+00","2026-09-20 18:23:09.835341+00"
"chaos-ca9cd7cb134d432399b62eb352be1a86-b40a32db87634783","Henchbots","0.44","0.44","","","","","legacy_only","magic","Magic: The Gathering","audited legacy RPC label; Scryfall reference present","2026-09-20 18:23:09.835341+00","2026-09-20 18:23:09.835341+00"
"chaos-ca9cd7cb134d432399b62eb352be1a86-b8c30dfc926245ae","Valley Rally","0.19","0.19","","","","","legacy_only","magic","Magic: The Gathering","audited legacy RPC label; Scryfall reference present","2026-09-20 18:23:09.835341+00","2026-09-20 18:23:09.835341+00"
"chaos-ca9cd7cb134d432399b62eb352be1a86-c2d7c2c3b5ec4c4f","April, Reporter of the Weird","0.28","0.28","","","","","legacy_only","magic","Magic: The Gathering","audited legacy RPC label; Scryfall reference present","2026-09-20 18:23:09.835341+00","2026-09-20 18:23:09.835341+00"
"chaos-ca9cd7cb134d432399b62eb352be1a86-c3a99a04b81b4ea2","Sinister Monolith","0.28","0.28","","","","","legacy_only","magic","Magic: The Gathering","audited legacy RPC label; Scryfall reference present","2026-09-20 18:23:09.835341+00","2026-09-20 18:23:09.835341+00"
"chaos-ca9cd7cb134d432399b62eb352be1a86-c7b7374c8bc544d0","New Generation's Technique","0.27","0.27","","","","","legacy_only","magic","Magic: The Gathering","audited legacy RPC label; Scryfall reference present","2026-09-20 18:23:09.835341+00","2026-09-20 18:23:09.835341+00"
"chaos-ca9cd7cb134d432399b62eb352be1a86-c983c57f867143dc","Paramecia Coloniex","0.27","0.27","","","","","legacy_only","magic","Magic: The Gathering","audited legacy RPC label; Scryfall reference present","2026-09-20 18:23:09.835341+00","2026-09-20 18:23:09.835341+00"
"chaos-ca9cd7cb134d432399b62eb352be1a86-ca6c88944fb94b21","Brazen Collector","0.24","0.24","","","","","legacy_only","magic","Magic: The Gathering","audited legacy RPC label; Scryfall reference present","2026-09-20 18:23:09.835341+00","2026-09-20 18:23:09.835341+00"
"chaos-ca9cd7cb134d432399b62eb352be1a86-cd93900e78d240bd","Overprotect","1.64","1.64","","","","","legacy_only","magic","Magic: The Gathering","audited legacy RPC label; Scryfall reference present","2026-09-20 18:23:09.835341+00","2026-09-20 18:23:09.835341+00"
"chaos-ca9cd7cb134d432399b62eb352be1a86-d4f575022d614b2a","Brilliance Unleashed","0.24","0.24","","","","","legacy_only","magic","Magic: The Gathering","audited legacy RPC label; Scryfall reference present","2026-09-20 18:23:09.835341+00","2026-09-20 18:23:09.835341+00"
"chaos-ca9cd7cb134d432399b62eb352be1a86-dabbadf31c9449ed","Starseer Mentor","0.24","0.24","","","","","legacy_only","magic","Magic: The Gathering","audited legacy RPC label; Scryfall reference present","2026-09-20 18:23:09.835341+00","2026-09-20 18:23:09.835341+00"
"chaos-ca9cd7cb134d432399b62eb352be1a86-dc0a5edcccfb488e","Splinter, Hamato Yoshi","0.26","0.26","","","","","legacy_only","magic","Magic: The Gathering","audited legacy RPC label; Scryfall reference present","2026-09-20 18:23:09.835341+00","2026-09-20 18:23:09.835341+00"
"chaos-ca9cd7cb134d432399b62eb352be1a86-de7162e776574152","Mudflat Village","0.30","0.30","","","","","legacy_only","magic","Magic: The Gathering","audited legacy RPC label; Scryfall reference present","2026-09-20 18:23:09.835341+00","2026-09-20 18:23:09.835341+00"
"chaos-ca9cd7cb134d432399b62eb352be1a86-e199a24c5d9a40a7","Splash Lasher","0.26","0.26","","","","","legacy_only","magic","Magic: The Gathering","audited legacy RPC label; Scryfall reference present","2026-09-20 18:23:09.835341+00","2026-09-20 18:23:09.835341+00"
"chaos-ca9cd7cb134d432399b62eb352be1a86-e2f2d2a7c72243eb","Knightfisher","0.22","0.22","","","","","legacy_only","magic","Magic: The Gathering","audited legacy RPC label; Scryfall reference present","2026-09-20 18:23:09.835341+00","2026-09-20 18:23:09.835341+00"
"chaos-ca9cd7cb134d432399b62eb352be1a86-e381dab14cd04f2f","Starforged Sword","0.21","0.21","","","","","legacy_only","magic","Magic: The Gathering","audited legacy RPC label; Scryfall reference present","2026-09-20 18:23:09.835341+00","2026-09-20 18:23:09.835341+00"
"chaos-ca9cd7cb134d432399b62eb352be1a86-e72d0d5fea424890","Wingnut, Bat on the Belfry","0.17","0.17","","","","","legacy_only","magic","Magic: The Gathering","audited legacy RPC label; Scryfall reference present","2026-09-20 18:23:09.835341+00","2026-09-20 18:23:09.835341+00"
"chaos-ca9cd7cb134d432399b62eb352be1a86-e72f60ddd0b14795","Blooming Blast","0.18","0.18","","","","","legacy_only","magic","Magic: The Gathering","audited legacy RPC label; Scryfall reference present","2026-09-20 18:23:09.835341+00","2026-09-20 18:23:09.835341+00"
"chaos-ca9cd7cb134d432399b62eb352be1a86-ea1c44c978d348fb","Lord Dregg, Insect Invader","0.25","0.25","","","","","legacy_only","magic","Magic: The Gathering","audited legacy RPC label; Scryfall reference present","2026-09-20 18:23:09.835341+00","2026-09-20 18:23:09.835341+00"
"chaos-ca9cd7cb134d432399b62eb352be1a86-eaa513df26434f80","Go Ninja Go","0.84","0.84","","","","","legacy_only","magic","Magic: The Gathering","audited legacy RPC label; Scryfall reference present","2026-09-20 18:23:09.835341+00","2026-09-20 18:23:09.835341+00"
"chaos-ca9cd7cb134d432399b62eb352be1a86-ebc76e9c919548ff","Pizza Face, Gastromancer","0.84","0.84","","","","","legacy_only","magic","Magic: The Gathering","audited legacy RPC label; Scryfall reference present","2026-09-20 18:23:09.835341+00","2026-09-20 18:23:09.835341+00"
"chaos-ca9cd7cb134d432399b62eb352be1a86-eccabc36aa9c4fce","Pestbrood Sloth","0.20","0.20","","","","","legacy_only","magic","Magic: The Gathering","audited legacy RPC label; Scryfall reference present","2026-09-20 18:23:09.835341+00","2026-09-20 18:23:09.835341+00"
"chaos-ca9cd7cb134d432399b62eb352be1a86-ef277d30c0d54902","Raphael, Most Attitude","0.18","0.18","","","","","legacy_only","magic","Magic: The Gathering","audited legacy RPC label; Scryfall reference present","2026-09-20 18:23:09.835341+00","2026-09-20 18:23:09.835341+00"
"chaos-ca9cd7cb134d432399b62eb352be1a86-f2285e5f9cf640c4","Casey Jones, Jury-Rig Justiciar","0.27","0.27","","","","","legacy_only","magic","Magic: The Gathering","audited legacy RPC label; Scryfall reference present","2026-09-20 18:23:09.835341+00","2026-09-20 18:23:09.835341+00"
"chaos-ca9cd7cb134d432399b62eb352be1a86-f4b8e02edc26414c","Bulk Up","0.35","0.35","","","","","legacy_only","magic","Magic: The Gathering","audited legacy RPC label; Scryfall reference present","2026-09-20 18:23:09.835341+00","2026-09-20 18:23:09.835341+00"
"chaos-ca9cd7cb134d432399b62eb352be1a86-f57c7542ef654a6a","Bark-Knuckle Boxer","0.26","0.26","","","","","legacy_only","magic","Magic: The Gathering","audited legacy RPC label; Scryfall reference present","2026-09-20 18:23:09.835341+00","2026-09-20 18:23:09.835341+00"
"chaos-ca9cd7cb134d432399b62eb352be1a86-f59398502dce4a29","Clifftop Lookout","0.34","0.34","","","","","legacy_only","magic","Magic: The Gathering","audited legacy RPC label; Scryfall reference present","2026-09-20 18:23:09.835341+00","2026-09-20 18:23:09.835341+00"
"chaos-ca9cd7cb134d432399b62eb352be1a86-f746cf63184a407a","Hoarder's Overflow","0.13","0.13","","","","","legacy_only","magic","Magic: The Gathering","audited legacy RPC label; Scryfall reference present","2026-09-20 18:23:09.835341+00","2026-09-20 18:23:09.835341+00"
"chaos-ca9cd7cb134d432399b62eb352be1a86-f9c63662af404b84","Vinereap Mentor","0.33","0.33","","","","","legacy_only","magic","Magic: The Gathering","audited legacy RPC label; Scryfall reference present","2026-09-20 18:23:09.835341+00","2026-09-20 18:23:09.835341+00"
"chaos-ca9cd7cb134d432399b62eb352be1a86-fafa851eeebe4879","Driftgloom Coyote","0.18","0.18","","","","","legacy_only","magic","Magic: The Gathering","audited legacy RPC label; Scryfall reference present","2026-09-20 18:23:09.835341+00","2026-09-20 18:23:09.835341+00"
"chaos-d49d8741e792487dbe89c781b142f396-04e39c17dd154843","Raph & Leo, Sibling Rivals","1.38","1.38","","","","","legacy_only","magic","Magic: The Gathering","audited legacy RPC label; Scryfall reference present","2026-09-16 17:48:00.693003+00","2026-09-16 17:48:00.693003+00"
"chaos-d49d8741e792487dbe89c781b142f396-083a630494f347e2","Keen-Eyed Curator","1.81","1.81","","","","","legacy_only","magic","Magic: The Gathering","audited legacy RPC label; Scryfall reference present","2026-09-16 17:48:00.693003+00","2026-09-16 17:48:00.693003+00"
"chaos-d49d8741e792487dbe89c781b142f396-0a2622cab9b641d0","Blasphemous Act","1.08","1.08","","","","","legacy_only","magic","Magic: The Gathering","audited legacy RPC label; Scryfall reference present","2026-09-16 17:48:00.693003+00","2026-09-16 17:48:00.693003+00"
"chaos-d49d8741e792487dbe89c781b142f396-10ced2379e784520","Dreamdew Entrancer","0.33","0.33","","","","","legacy_only","magic","Magic: The Gathering","audited legacy RPC label; Scryfall reference present","2026-09-16 17:48:00.693003+00","2026-09-16 17:48:00.693003+00"
"chaos-d49d8741e792487dbe89c781b142f396-14127a687af24c46","Bayek of Siwa","0.39","0.39","","","","","legacy_only","magic","Magic: The Gathering","audited legacy RPC label; Scryfall reference present","2026-09-16 17:48:00.693003+00","2026-09-16 17:48:00.693003+00"
"chaos-d49d8741e792487dbe89c781b142f396-155468bbd47543e2","Leonardo, Cutting Edge","0.86","0.86","","","","","legacy_only","magic","Magic: The Gathering","audited legacy RPC label; Scryfall reference present","2026-09-16 17:48:00.693003+00","2026-09-16 17:48:00.693003+00"
"chaos-d49d8741e792487dbe89c781b142f396-1643d806dcd44a8a","Sally Pride, Lioness Leader","0.37","0.37","","","","","legacy_only","magic","Magic: The Gathering","audited legacy RPC label; Scryfall reference present","2026-09-16 17:48:00.693003+00","2026-09-16 17:48:00.693003+00"
"chaos-d49d8741e792487dbe89c781b142f396-1824eba592f44fbe","Season of Loss","1.70","1.70","","","","","legacy_only","magic","Magic: The Gathering","audited legacy RPC label; Scryfall reference present","2026-09-16 17:48:00.693003+00","2026-09-16 17:48:00.693003+00"
"chaos-d49d8741e792487dbe89c781b142f396-18f2891f7e014e4f","Bebop & Rocksteady","1.79","1.79","","","","","legacy_only","magic","Magic: The Gathering","audited legacy RPC label; Scryfall reference present","2026-09-16 17:48:00.693003+00","2026-09-16 17:48:00.693003+00"
"chaos-d49d8741e792487dbe89c781b142f396-200d19ba8fac4268","Mabel, Heir to Cragflame","0.36","0.36","","","","","legacy_only","magic","Magic: The Gathering","audited legacy RPC label; Scryfall reference present","2026-09-16 17:48:00.693003+00","2026-09-16 17:48:00.693003+00"
"chaos-d49d8741e792487dbe89c781b142f396-2213da04144c4cf7","Manifold Mouse","0.31","0.31","","","","","legacy_only","magic","Magic: The Gathering","audited legacy RPC label; Scryfall reference present","2026-09-16 17:48:00.693003+00","2026-09-16 17:48:00.693003+00"
"chaos-d49d8741e792487dbe89c781b142f396-24bda086f72c4a0e","Groundchuck & Dirtbag","0.42","0.42","","","","","legacy_only","magic","Magic: The Gathering","audited legacy RPC label; Scryfall reference present","2026-09-16 17:48:00.693003+00","2026-09-16 17:48:00.693003+00"
"chaos-d49d8741e792487dbe89c781b142f396-24e2657a44444d95","Silverclad Ferocidons","2.75","2.75","","","","","legacy_only","magic","Magic: The Gathering","audited legacy RPC label; Scryfall reference present","2026-09-16 17:48:00.693003+00","2026-09-16 17:48:00.693003+00"
"chaos-d49d8741e792487dbe89c781b142f396-2901341436354b4a","Fecund Greenshell","0.69","0.69","","","","","legacy_only","magic","Magic: The Gathering","audited legacy RPC label; Scryfall reference present","2026-09-16 17:48:00.693003+00","2026-09-16 17:48:00.693003+00"
"chaos-d49d8741e792487dbe89c781b142f396-29a37410eb3f475a","Hired Claw","0.54","0.54","","","","","legacy_only","magic","Magic: The Gathering","audited legacy RPC label; Scryfall reference present","2026-09-16 17:48:00.693003+00","2026-09-16 17:48:00.693003+00"
"chaos-d49d8741e792487dbe89c781b142f396-2d06a3dc9fb74c13","April O'Neil, Human Element","4.69","4.69","","","","","legacy_only","magic","Magic: The Gathering","audited legacy RPC label; Scryfall reference present","2026-09-16 17:48:00.693003+00","2026-09-16 17:48:00.693003+00"
"chaos-d49d8741e792487dbe89c781b142f396-2d363139192e4ad9","Maha, Its Feathers Night","26.29","26.29","","","","","legacy_only","magic","Magic: The Gathering","audited legacy RPC label; Scryfall reference present","2026-09-16 17:48:00.693003+00","2026-09-16 17:48:00.693003+00"
"chaos-d49d8741e792487dbe89c781b142f396-2d3e04972f0145ce","Casey Jones, Vigilante","0.80","0.80","","","","","legacy_only","magic","Magic: The Gathering","audited legacy RPC label; Scryfall reference present","2026-09-16 17:48:00.693003+00","2026-09-16 17:48:00.693003+00"
"chaos-d49d8741e792487dbe89c781b142f396-2e9da5ef3ab0416e","Cruelclaw's Heist","0.68","0.68","","","","","legacy_only","magic","Magic: The Gathering","audited legacy RPC label; Scryfall reference present","2026-09-16 17:48:00.693003+00","2026-09-16 17:48:00.693003+00"
"chaos-d49d8741e792487dbe89c781b142f396-2f13ba9344434509","Mondo Gecko","0.37","0.37","","","","","legacy_only","magic","Magic: The Gathering","audited legacy RPC label; Scryfall reference present","2026-09-16 17:48:00.693003+00","2026-09-16 17:48:00.693003+00"
"chaos-d49d8741e792487dbe89c781b142f396-324f8413b49a46cf","Emberheart Challenger","1.01","1.01","","","","","legacy_only","magic","Magic: The Gathering","audited legacy RPC label; Scryfall reference present","2026-09-16 17:48:00.693003+00","2026-09-16 17:48:00.693003+00"
"chaos-d49d8741e792487dbe89c781b142f396-35edd1a6cab74b28","Tender Wildguide","0.55","0.55","","","","","legacy_only","magic","Magic: The Gathering","audited legacy RPC label; Scryfall reference present","2026-09-16 17:48:00.693003+00","2026-09-16 17:48:00.693003+00"
"chaos-d49d8741e792487dbe89c781b142f396-3d63d8687c914d51","Muerra, Trash Tactician","0.35","0.35","","","","","legacy_only","magic","Magic: The Gathering","audited legacy RPC label; Scryfall reference present","2026-09-16 17:48:00.693003+00","2026-09-16 17:48:00.693003+00"
"chaos-d49d8741e792487dbe89c781b142f396-416f76d44bcc41a6","April O'Neil, Hacktivist","0.26","0.26","","","","","legacy_only","magic","Magic: The Gathering","audited legacy RPC label; Scryfall reference present","2026-09-16 17:48:00.693003+00","2026-09-16 17:48:00.693003+00"
"chaos-d49d8741e792487dbe89c781b142f396-4677f071695b4d37","Rest in Peace","1.10","1.10","","","","","legacy_only","magic","Magic: The Gathering","audited legacy RPC label; Scryfall reference present","2026-09-16 17:48:00.693003+00","2026-09-16 17:48:00.693003+00"
"chaos-d49d8741e792487dbe89c781b142f396-4afa6e78e1664430","Kastral, the Windcrested","0.45","0.45","","","","","legacy_only","magic","Magic: The Gathering","audited legacy RPC label; Scryfall reference present","2026-09-16 17:48:00.693003+00","2026-09-16 17:48:00.693003+00"
"chaos-d49d8741e792487dbe89c781b142f396-4b6c5104daa7417c","Hearthborn Battler","0.30","0.30","","","","","legacy_only","magic","Magic: The Gathering","audited legacy RPC label; Scryfall reference present","2026-09-16 17:48:00.693003+00","2026-09-16 17:48:00.693003+00"
"chaos-d49d8741e792487dbe89c781b142f396-4bec0ca88e624cab","Renet, Temporal Apprentice","0.29","0.29","","","","","legacy_only","magic","Magic: The Gathering","audited legacy RPC label; Scryfall reference present","2026-09-16 17:48:00.693003+00","2026-09-16 17:48:00.693003+00"
"chaos-d49d8741e792487dbe89c781b142f396-506f181e72ad4c60","Jacob Frye","0.33","0.33","","","","","legacy_only","magic","Magic: The Gathering","audited legacy RPC label; Scryfall reference present","2026-09-16 17:48:00.693003+00","2026-09-16 17:48:00.693003+00"
"chaos-d49d8741e792487dbe89c781b142f396-52ef0cfd2d354790","Manifold Mouse","0.94","0.94","","","","","legacy_only","magic","Magic: The Gathering","audited legacy RPC label; Scryfall reference present","2026-09-16 17:48:00.693003+00","2026-09-16 17:48:00.693003+00"
"chaos-d49d8741e792487dbe89c781b142f396-570066ea13cb4d04","Zaffai and the Tempests","0.23","0.23","","","","","legacy_only","magic","Magic: The Gathering","audited legacy RPC label; Scryfall reference present","2026-09-16 17:48:00.693003+00","2026-09-16 17:48:00.693003+00"
"chaos-d49d8741e792487dbe89c781b142f396-59b5731f84f74a5d","Whiskervale Forerunner","0.43","0.43","","","","","legacy_only","magic","Magic: The Gathering","audited legacy RPC label; Scryfall reference present","2026-09-16 17:48:00.693003+00","2026-09-16 17:48:00.693003+00"
"chaos-d49d8741e792487dbe89c781b142f396-5bd1c527944f4c49","Leonardo, Cutting Edge","2.18","2.18","","","","","legacy_only","magic","Magic: The Gathering","audited legacy RPC label; Scryfall reference present","2026-09-16 17:48:00.693003+00","2026-09-16 17:48:00.693003+00"
"chaos-d49d8741e792487dbe89c781b142f396-5c2ffd3d569144a0","Beza, the Bounding Spring","4.15","4.15","","","","","legacy_only","magic","Magic: The Gathering","audited legacy RPC label; Scryfall reference present","2026-09-16 17:48:00.693003+00","2026-09-16 17:48:00.693003+00"
"chaos-d49d8741e792487dbe89c781b142f396-5ec0e2a6e0824538","Bebop & Rocksteady","0.33","0.33","","","","","legacy_only","magic","Magic: The Gathering","audited legacy RPC label; Scryfall reference present","2026-09-16 17:48:00.693003+00","2026-09-16 17:48:00.693003+00"
"chaos-d49d8741e792487dbe89c781b142f396-63c3973be9fb411f","Byway Barterer","0.29","0.29","","","","","legacy_only","magic","Magic: The Gathering","audited legacy RPC label; Scryfall reference present","2026-09-16 17:48:00.693003+00","2026-09-16 17:48:00.693003+00"
"chaos-d49d8741e792487dbe89c781b142f396-721b978ba89a4a68","Senu, Keen-Eyed Protector","1.09","1.09","","","","","legacy_only","magic","Magic: The Gathering","audited legacy RPC label; Scryfall reference present","2026-09-16 17:48:00.693003+00","2026-09-16 17:48:00.693003+00"
"chaos-d49d8741e792487dbe89c781b142f396-7283f799c2cc49e5","Madame Null, Power Broker","0.35","0.35","","","","","legacy_only","magic","Magic: The Gathering","audited legacy RPC label; Scryfall reference present","2026-09-16 17:48:00.693003+00","2026-09-16 17:48:00.693003+00"
"chaos-d49d8741e792487dbe89c781b142f396-7968a6b4816c4a3b","Evie Frye","0.36","0.36","","","","","legacy_only","magic","Magic: The Gathering","audited legacy RPC label; Scryfall reference present","2026-09-16 17:48:00.693003+00","2026-09-16 17:48:00.693003+00"
"chaos-d49d8741e792487dbe89c781b142f396-7b885c00b0f34ee6","Agent Bishop, Man in Black","0.34","0.34","","","","","legacy_only","magic","Magic: The Gathering","audited legacy RPC label; Scryfall reference present","2026-09-16 17:48:00.693003+00","2026-09-16 17:48:00.693003+00"
"chaos-d49d8741e792487dbe89c781b142f396-821bf6c2e19d493d","Subterfuge","0.36","0.36","","","","","legacy_only","magic","Magic: The Gathering","audited legacy RPC label; Scryfall reference present","2026-09-16 17:48:00.693003+00","2026-09-16 17:48:00.693003+00"
"chaos-d49d8741e792487dbe89c781b142f396-847425b6351141e2","Shark Shredder, Killer Clone","0.96","0.96","","","","","legacy_only","magic","Magic: The Gathering","audited legacy RPC label; Scryfall reference present","2026-09-16 17:48:00.693003+00","2026-09-16 17:48:00.693003+00"
"chaos-d49d8741e792487dbe89c781b142f396-86554fdab7364d2b","Valley Floodcaller","4.74","4.74","","","","","legacy_only","magic","Magic: The Gathering","audited legacy RPC label; Scryfall reference present","2026-09-16 17:48:00.693003+00","2026-09-16 17:48:00.693003+00"
"chaos-d49d8741e792487dbe89c781b142f396-90b370d71490436c","Portent of Calamity","0.31","0.31","","","","","legacy_only","magic","Magic: The Gathering","audited legacy RPC label; Scryfall reference present","2026-09-16 17:48:00.693003+00","2026-09-16 17:48:00.693003+00"
"chaos-d49d8741e792487dbe89c781b142f396-97d819e1a8504983","Rat King, Verminister","1.90","1.90","","","","","legacy_only","magic","Magic: The Gathering","audited legacy RPC label; Scryfall reference present","2026-09-16 17:48:00.693003+00","2026-09-16 17:48:00.693003+00"
"chaos-d49d8741e792487dbe89c781b142f396-9a2a6eb3b3f74ac9","Michelangelo's Technique","0.68","0.68","","","","","legacy_only","magic","Magic: The Gathering","audited legacy RPC label; Scryfall reference present","2026-09-16 17:48:00.693003+00","2026-09-16 17:48:00.693003+00"
"chaos-d49d8741e792487dbe89c781b142f396-9d26898957af4f23","Wishing Well","0.27","0.27","","","","","legacy_only","magic","Magic: The Gathering","audited legacy RPC label; Scryfall reference present","2026-09-16 17:48:00.693003+00","2026-09-16 17:48:00.693003+00"
"chaos-d49d8741e792487dbe89c781b142f396-a42b22892fe14ce0","Turtle Van","0.68","0.68","","","","","legacy_only","magic","Magic: The Gathering","audited legacy RPC label; Scryfall reference present","2026-09-16 17:48:00.693003+00","2026-09-16 17:48:00.693003+00"
"chaos-d49d8741e792487dbe89c781b142f396-b2ce3361979140bf","Ratonhnhaké꞉ton","0.32","0.32","","","","","legacy_only","magic","Magic: The Gathering","audited legacy RPC label; Scryfall reference present","2026-09-16 17:48:00.693003+00","2026-09-16 17:48:00.693003+00"
"chaos-d49d8741e792487dbe89c781b142f396-c2f41f4f80b9445e","Slumbering Walker","0.46","0.46","","","","","legacy_only","magic","Magic: The Gathering","audited legacy RPC label; Scryfall reference present","2026-09-16 17:48:00.693003+00","2026-09-16 17:48:00.693003+00"
"chaos-d49d8741e792487dbe89c781b142f396-c3c5d470cc134343","Tragedy Feaster","0.30","0.30","","","","","legacy_only","magic","Magic: The Gathering","audited legacy RPC label; Scryfall reference present","2026-09-16 17:48:00.693003+00","2026-09-16 17:48:00.693003+00"
"chaos-d49d8741e792487dbe89c781b142f396-cbb1ab40cebc43aa","Jadzi, Steward of Fate // Oracle's Gift","0.25","0.25","","","","","legacy_only","magic","Magic: The Gathering","audited legacy RPC label; Scryfall reference present","2026-09-16 17:48:00.693003+00","2026-09-16 17:48:00.693003+00"
"chaos-d49d8741e792487dbe89c781b142f396-d72d3ebcba244fd3","Havi, the All-Father","0.31","0.31","","","","","legacy_only","magic","Magic: The Gathering","audited legacy RPC label; Scryfall reference present","2026-09-16 17:48:00.693003+00","2026-09-16 17:48:00.693003+00"
"chaos-d49d8741e792487dbe89c781b142f396-d7c64f5c267349de","Sunspine Lynx","1.78","1.78","","","","","legacy_only","magic","Magic: The Gathering","audited legacy RPC label; Scryfall reference present","2026-09-16 17:48:00.693003+00","2026-09-16 17:48:00.693003+00"
"chaos-d49d8741e792487dbe89c781b142f396-d89343936ef7430c","Aya of Alexandria","0.37","0.37","","","","","legacy_only","magic","Magic: The Gathering","audited legacy RPC label; Scryfall reference present","2026-09-16 17:48:00.693003+00","2026-09-16 17:48:00.693003+00"
"chaos-d49d8741e792487dbe89c781b142f396-da3c356363044b25","Valley Questcaller","0.51","0.51","","","","","legacy_only","magic","Magic: The Gathering","audited legacy RPC label; Scryfall reference present","2026-09-16 17:48:00.693003+00","2026-09-16 17:48:00.693003+00"
"chaos-d49d8741e792487dbe89c781b142f396-da9c7812daca413d","April O'Neil, Live on the Scene","0.23","0.23","","","","","legacy_only","magic","Magic: The Gathering","audited legacy RPC label; Scryfall reference present","2026-09-16 17:48:00.693003+00","2026-09-16 17:48:00.693003+00"
"chaos-d49d8741e792487dbe89c781b142f396-dc88ca4839d84f70","Kitsune's Technique","1.08","1.08","","","","","legacy_only","magic","Magic: The Gathering","audited legacy RPC label; Scryfall reference present","2026-09-16 17:48:00.693003+00","2026-09-16 17:48:00.693003+00"
"chaos-d49d8741e792487dbe89c781b142f396-ddc9bc3022bd4481","Northampton Farm","0.30","0.30","","","","","legacy_only","magic","Magic: The Gathering","audited legacy RPC label; Scryfall reference present","2026-09-16 17:48:00.693003+00","2026-09-16 17:48:00.693003+00"
"chaos-d49d8741e792487dbe89c781b142f396-dfa5d42e27ee4df8","Fountainport","3.02","3.02","","","","","legacy_only","magic","Magic: The Gathering","audited legacy RPC label; Scryfall reference present","2026-09-16 17:48:00.693003+00","2026-09-16 17:48:00.693003+00"
"chaos-d49d8741e792487dbe89c781b142f396-e0efdb1c7bea4e6f","Finneas, Ace Archer","0.37","0.37","","","","","legacy_only","magic","Magic: The Gathering","audited legacy RPC label; Scryfall reference present","2026-09-16 17:48:00.693003+00","2026-09-16 17:48:00.693003+00"
"chaos-d49d8741e792487dbe89c781b142f396-e19c1a9ab5ca4597","Donatello, Rad Scientist","0.35","0.35","","","","","legacy_only","magic","Magic: The Gathering","audited legacy RPC label; Scryfall reference present","2026-09-16 17:48:00.693003+00","2026-09-16 17:48:00.693003+00"
"chaos-d49d8741e792487dbe89c781b142f396-ef566df56e1e4c07","Trystan's Command","0.33","0.33","","","","","legacy_only","magic","Magic: The Gathering","audited legacy RPC label; Scryfall reference present","2026-09-16 17:48:00.693003+00","2026-09-16 17:48:00.693003+00"
"chaos-d49d8741e792487dbe89c781b142f396-f08a52e4f07746e4","Winnowing","0.34","0.34","","","","","legacy_only","magic","Magic: The Gathering","audited legacy RPC label; Scryfall reference present","2026-09-16 17:48:00.693003+00","2026-09-16 17:48:00.693003+00"
"chaos-d49d8741e792487dbe89c781b142f396-f3a73ffacb0b4a85","Coiling Rebirth","0.32","0.32","","","","","legacy_only","magic","Magic: The Gathering","audited legacy RPC label; Scryfall reference present","2026-09-16 17:48:00.693003+00","2026-09-16 17:48:00.693003+00"
"chaos-d49d8741e792487dbe89c781b142f396-f6d5badfb4104c1e","Donnie & April, Adorkable Duo","0.26","0.26","","","","","legacy_only","magic","Magic: The Gathering","audited legacy RPC label; Scryfall reference present","2026-09-16 17:48:00.693003+00","2026-09-16 17:48:00.693003+00"
"chaos-d49d8741e792487dbe89c781b142f396-f790a11ae6fd4a48","Tokka & Rahzar, Unsupervised","0.29","0.29","","","","","legacy_only","magic","Magic: The Gathering","audited legacy RPC label; Scryfall reference present","2026-09-16 17:48:00.693003+00","2026-09-16 17:48:00.693003+00"
"chaos-d49d8741e792487dbe89c781b142f396-fcfb24e527584673","Does Machines","0.46","0.46","","","","","legacy_only","magic","Magic: The Gathering","audited legacy RPC label; Scryfall reference present","2026-09-16 17:48:00.693003+00","2026-09-16 17:48:00.693003+00"
